date,water_level_m,precipitation_mm,temperature_max_c,temperature_min_c,tide_max_m,tide_min_m,R1,R3,R7,rainy_days,TMAX,TMIN,TideMax,TideMin,target
2019-01-01,3.096056983613479,5.676432558498414,33.325821948708224,25.253909496512264,0.940539677168838,0.0910661820821809,5.676432558498414,5.676432558498414,5.676432558498414,1.0,33.325821948708224,25.253909496512264,0.940539677168838,0.0910661820821809,0
2019-01-02,2.334082838594578,2.246457986449028,31.90546302673093,23.44589379944182,1.9059190472113496,0.4739197609111919,2.246457986449028,7.922890544947442,7.922890544947442,2.0,31.90546302673093,23.44589379944182,1.9059190472113496,0.0910661820821809,0
2019-01-03,3.277226245720831,4.502834892867231,32.824225708239034,24.90412802030323,0.4274662555046092,0.193700292785702,4.502834892867231,12.425725437814672,12.425725437814672,3.0,32.824225708239034,24.90412802030323,1.9059190472113496,0.0910661820821809,0
2019-01-04,4.327635827689631,0.0509142687627154,35.206878605825416,21.58157093903364,1.952645842730358,0.2083836790088253,0.0509142687627154,6.800207148078975,12.476639706577387,4.0,35.206878605825416,21.58157093903364,1.952645842730358,0.0910661820821809,0
2019-01-05,2.219015950331997,5.054326549630213,32.273564821531345,23.00055900116041,0.6151495523856751,0.6613039622868667,5.054326549630213,9.60807571126016,17.530966256207602,5.0,32.273564821531345,23.00055900116041,1.952645842730358,0.0910661820821809,0
2019-01-06,2.2190356516609837,12.225754297699062,30.31416125691469,23.794662782868144,1.5911730854873356,0.911256151834288,12.225754297699062,17.33099511609199,29.756720553906664,6.0,30.31416125691469,23.794662782868144,1.952645842730358,0.0910661820821809,1
2019-01-07,4.39505537860887,4.741145219464216,35.043936159318235,21.447328158746924,0.8101458671110786,0.4037566104783465,4.741145219464216,22.02122606679349,34.49786577337088,7.0,35.043936159318235,21.447328158746924,1.952645842730358,0.0910661820821809,1
2019-01-08,3.4209216749834903,10.345420566187718,29.546853572809606,22.339566562215456,0.457546511751165,0.2077492730121903,10.345420566187718,27.312320083351,39.16685378106018,7.0,29.546853572809606,22.339566562215456,1.952645842730358,0.193700292785702,2
2019-01-09,1.936630736878057,6.436283964535804,27.10219176293803,24.626223537147784,1.7442005334432318,0.6487469372366542,6.436283964535804,21.52284975018774,43.35667975914696,7.0,27.10219176293803,24.626223537147784,1.952645842730358,0.193700292785702,2
2019-01-10,3.151072052303157,0.6423406851299852,35.61786805371363,24.259663832576063,0.7559496186256338,0.8711870463503177,0.6423406851299852,17.424045215853507,39.49618555140972,7.0,35.61786805371363,24.259663832576063,1.952645842730358,0.2077492730121903,1
2019-01-11,1.9438987686250453,11.63712057990887,35.42555973443292,25.61273084931542,1.385939727608316,0.7483188011224908,11.63712057990887,18.715745229574654,51.08239186255587,7.0,35.42555973443292,25.61273084931542,1.7442005334432318,0.2077492730121903,2
2019-01-12,1.941124295715692,0.3437708089506855,29.62310482338768,22.79897796362967,1.219598633155928,0.8687572305365872,0.3437708089506855,12.62323207398954,46.37183612187635,7.0,29.62310482338768,22.79897796362967,1.7442005334432318,0.2077492730121903,1
2019-01-13,2.790354725879241,3.8174992294642345,30.802703438537225,24.115204452010484,1.0491613569035738,0.5365546710107993,3.8174992294642345,15.79839061832379,37.96358105364152,7.0,30.802703438537225,24.115204452010484,1.7442005334432318,0.2077492730121903,1
2019-01-14,0.2040637064106425,0.766555051037578,29.24921736401021,22.656265178232346,1.0924750507673704,0.7518762443691909,0.766555051037578,4.927825089452498,33.988990885214875,7.0,29.24921736401021,22.656265178232346,1.7442005334432318,0.2077492730121903,0
2019-01-15,0.4300986009843606,0.0588783630724101,32.979872652695406,25.412257098218653,1.5180282453661176,0.1400645593589364,0.0588783630724101,4.642932643574223,23.70244868209957,7.0,32.979872652695406,25.412257098218653,1.7442005334432318,0.1400645593589364,0
2019-01-16,1.8252549649108327,2.741203428218688,37.19614787410425,26.38149223205049,0.357991245422193,0.3482746153631915,2.741203428218688,3.566636842328676,20.00736814578245,7.0,37.19614787410425,26.38149223205049,1.5180282453661176,0.1400645593589364,0
2019-01-17,1.2846026555986916,1.7480760959518882,34.108645395785366,24.96664965450561,1.4027251915242294,0.3895491644815224,1.7480760959518882,4.548157887242986,21.11310355660436,7.0,34.108645395785366,24.96664965450561,1.5180282453661176,0.1400645593589364,0
2019-01-18,2.877096799114329,3.327664871115796,35.107173927749095,26.122388552553165,1.8124617825174416,0.5112957462460346,3.327664871115796,7.816944395286372,12.80364784781128,7.0,35.107173927749095,26.122388552553165,1.8124617825174416,0.1400645593589364,0
2019-01-19,1.410371109374547,4.304278785462037,34.45918499507304,24.064999725775724,0.3040187546357555,0.9290763602568236,4.304278785462037,9.38001975252972,16.764155824322632,7.0,34.45918499507304,24.064999725775724,1.8124617825174416,0.1400645593589364,0
2019-01-20,0.8052355583976503,0.2236223312795628,31.99964255432272,25.61118766999035,0.4531760106206001,0.8742965602221743,0.2236223312795628,7.855565987857395,13.17027892613796,7.0,31.99964255432272,25.61118766999035,1.8124617825174416,0.1400645593589364,0
2019-01-21,4.258778522705865,0.6562602194234074,35.250021313733946,24.15083548522492,1.4899374860636565,0.1345254922891845,0.6562602194234074,5.184161336165007,13.05998409452379,7.0,35.250021313733946,24.15083548522492,1.8124617825174416,0.1345254922891845,0
2019-01-22,2.229068439416157,4.089499198641233,34.2350916887384,21.950143866828466,0.9871069668403116,0.1727896518824632,4.089499198641233,4.969381749344203,17.09060493009261,7.0,34.2350916887384,21.950143866828466,1.8124617825174416,0.1345254922891845,0
2019-01-23,2.5810338456255084,2.1016300809552897,36.31833714545941,24.493442777397213,0.926387517464639,0.3576405495889113,2.1016300809552897,6.84738949901993,16.451031582829213,7.0,36.31833714545941,24.493442777397213,1.8124617825174416,0.1345254922891845,0
2019-01-24,0.7903021765438518,6.531384192807291,30.62135317651473,22.00940661241898,0.4465399421796245,0.2907438658906739,6.531384192807291,12.722513472403811,21.234339679684616,7.0,30.62135317651473,22.00940661241898,1.8124617825174416,0.1345254922891845,0
2019-01-25,1.8467407305697807,5.281956106258551,26.78566508136384,28.67825790313782,1.1121860732920186,0.6147709531562623,5.281956106258551,13.914970380021131,23.18863091482737,7.0,26.78566508136384,28.67825790313782,1.4899374860636565,0.1345254922891845,0
2019-01-26,2.6331071076518398,9.34118449748684,35.13575304461924,23.331823682449333,0.427781560153479,0.9027760477645448,9.34118449748684,21.15452479655268,28.225536626852172,7.0,35.13575304461924,23.331823682449333,1.4899374860636565,0.1345254922891845,1
2019-01-27,1.1188077070932367,5.896284320513487,33.04930856181817,25.290075710897995,1.0579168213589727,0.9622915416725868,5.896284320513487,20.51942492425888,33.8981986160861,7.0,33.04930856181817,25.290075710897995,1.4899374860636565,0.1345254922891845,1
2019-01-28,2.9508376220148063,2.809990043020031,31.111861699036293,23.97517356094881,1.574507538130982,0.6536029525352265,2.809990043020031,18.04745886102036,36.051928439682726,7.0,31.111861699036293,23.97517356094881,1.574507538130982,0.1727896518824632,0
2019-01-29,1.779233572097434,5.588465205528075,31.27954156307753,21.53277315192819,0.6648758441968943,0.8381592014010867,5.588465205528075,14.29473956906159,37.550894446569565,7.0,31.27954156307753,21.53277315192819,1.574507538130982,0.2907438658906739,1
2019-01-30,2.149967500248068,1.6105475999006464,39.66405897770635,20.202953939870856,1.0654151027235093,0.5252022002307971,1.6105475999006464,10.00900284844875,37.059811965514925,7.0,39.66405897770635,20.202953939870856,1.574507538130982,0.2907438658906739,0
2019-01-31,1.7779520653247238,1.8286757394049724,30.073416042397188,25.498027910148263,1.985628744914304,0.2083269468600397,1.8286757394049724,9.027688544833692,32.3571035121126,7.0,30.073416042397188,25.498027910148263,1.985628744914304,0.2083269468600397,0
2019-02-01,4.722733821410725,7.779134079251586,29.440090079521,27.09868185354212,1.435970762037267,0.5246884120934774,7.779134079251586,11.218357418557204,34.85428148510564,7.0,29.440090079521,27.09868185354212,1.985628744914304,0.2083269468600397,1
2019-02-02,2.4838033303144798,2.9567406445783764,32.255852700480055,22.53039258557928,1.7144421883493577,0.5550826014376511,2.9567406445783764,12.564550463234934,28.469837632197173,7.0,32.255852700480055,22.53039258557928,1.985628744914304,0.2083269468600397,0
2019-02-03,1.2307468852529195,8.006861151346733,35.541472633918886,20.68661496088082,0.9467256918089824,0.7424575642135566,8.006861151346733,18.74273587517669,30.580414463030426,7.0,35.541472633918886,20.68661496088082,1.985628744914304,0.2083269468600397,1
2019-02-04,3.487053894523827,8.641737171109364,38.83520595958768,23.34967453515675,1.5821496616265396,0.2198829897073491,8.641737171109364,19.605338967034477,36.41216159111976,7.0,38.83520595958768,23.34967453515675,1.985628744914304,0.2083269468600397,2
2019-02-05,1.0349876200347734,9.744254161289728,33.97209489016871,22.12576590952253,0.2729165112943793,0.3683103820867317,9.744254161289728,26.392852483745823,40.567950546881406,7.0,33.97209489016871,22.12576590952253,1.985628744914304,0.2083269468600397,2
2019-02-06,2.7506363140057064,12.422647754965883,28.188773768061708,22.69936864027581,0.421240128576041,0.3640274692145663,12.422647754965883,30.80863908736498,51.38005070194664,7.0,28.188773768061708,22.69936864027581,1.985628744914304,0.2083269468600397,2
2019-02-07,0.1483958513442695,2.8192443534990463,37.9125928121534,25.22074739945057,0.5655270672561119,0.9594395957411648,2.8192443534990463,24.98614626975466,52.37061931604072,7.0,37.9125928121534,25.22074739945057,1.7144421883493577,0.2198829897073491,2
2019-02-08,0.9061767413218836,1.919987120715736,31.94159390276871,23.899073905194324,0.9235134643073952,0.4439449603267189,1.919987120715736,17.161879229180666,46.51147235750487,7.0,31.94159390276871,23.899073905194324,1.7144421883493577,0.2198829897073491,1
2019-02-09,2.736233483042948,4.3637471492504165,29.48687170431509,22.340984882235965,1.7223407809863738,0.7550939672981465,4.3637471492504165,9.102978623465198,47.91847886217691,7.0,29.48687170431509,22.340984882235965,1.7223407809863738,0.2198829897073491,1
2019-02-10,3.3861598959944925,2.31949091486295,28.76182262870194,25.17700157252239,0.8232788914182749,0.750811381374439,2.31949091486295,8.603225184829103,42.231108625693125,7.0,28.76182262870194,25.17700157252239,1.7223407809863738,0.2198829897073491,1
2019-02-11,2.7056419374279645,4.5948988053763165,34.508986158006365,25.333744690151583,1.3783181483278333,0.2655441848032414,4.5948988053763165,11.278136869489682,38.18427025996007,7.0,34.508986158006365,25.333744690151583,1.7223407809863738,0.2655441848032414,1
2019-02-12,2.3612220611341117,6.1138393618473055,32.716488158559244,23.32588502791075,1.47676573064627,0.5718696893717321,6.1138393618473055,13.028229082086572,34.55385546051766,7.0,32.716488158559244,23.32588502791075,1.7223407809863738,0.2655441848032414,1
2019-02-13,2.138675565292853,5.830255353370436,33.03522613083755,24.27583304183612,1.2551282373590145,0.8943028933186481,5.830255353370436,16.538993520594058,27.96146305892221,7.0,33.03522613083755,24.27583304183612,1.7223407809863738,0.2655441848032414,0
2019-02-14,0.7257736115590872,2.3464425212038997,35.85950935721579,25.04100376615395,0.8430355427062453,0.4751977194569494,2.3464425212038997,14.29053723642164,27.488661226627062,7.0,35.85950935721579,25.04100376615395,1.7223407809863738,0.2655441848032414,0
2019-02-15,1.6361869499263495,0.912769129024082,29.59353622547107,24.8522062619668,1.2386960150843798,0.945117507342546,0.912769129024082,9.089467003598417,26.481443234935405,7.0,29.59353622547107,24.8522062619668,1.7223407809863738,0.2655441848032414,0
2019-02-16,1.9472334748482552,2.815240067989305,36.098463884820944,24.081228173931063,0.8160780670215433,0.2144582293241616,2.815240067989305,6.074451718217286,24.93293615367429,7.0,36.098463884820944,24.081228173931063,1.47676573064627,0.2144582293241616,0
2019-02-17,3.7685466714626985,0.7692194749305026,30.44252803161893,26.865172236450597,0.3509727293936218,0.0741591057740307,0.7692194749305026,4.49722867194389,23.38266471374185,7.0,30.44252803161893,26.865172236450597,1.47676573064627,0.0741591057740307,0
2019-02-18,2.9123419474821537,11.040787202685332,38.492022121737065,25.16536162603037,1.987047160734826,0.8914538731447493,11.040787202685332,14.62524674560514,29.828553111050866,7.0,38.492022121737065,25.16536162603037,1.987047160734826,0.0741591057740307,1
2019-02-19,0.3843518135647192,2.1223028808697,33.79621704797942,23.098641967004536,0.4289284165385196,0.8476811979622166,2.1223028808697,13.932309558485535,25.837016630073258,7.0,33.79621704797942,23.098641967004536,1.987047160734826,0.0741591057740307,0
2019-02-20,2.888900763273754,0.8388975176259995,29.23928441067087,23.11066186460219,0.3302270909049032,0.9925898759338448,0.8388975176259995,14.001987601181034,20.845658794328823,7.0,29.23928441067087,23.11066186460219,1.987047160734826,0.0741591057740307,0
2019-02-21,2.0379012635004203,0.1288857719833833,25.923745750038563,22.88382729972665,1.7813553485728806,0.6793934881124261,0.1288857719833833,3.090086170479083,18.628102045108307,7.0,25.923745750038563,22.88382729972665,1.987047160734826,0.0741591057740307,0
2019-02-22,1.6876935996328497,5.189783790103037,34.426774166837035,25.264241894455623,0.7433023896072113,0.9366879266671496,5.189783790103037,6.15756707971242,22.90511670618726,7.0,34.426774166837035,25.264241894455623,1.987047160734826,0.0741591057740307,0
2019-02-23,3.2340115466090413,5.0654169149841,30.87745917202945,22.754504879996187,1.3705345533323137,0.8269490250841108,5.0654169149841,10.38408647707052,25.15529355318205,7.0,30.87745917202945,22.754504879996187,1.987047160734826,0.0741591057740307,0
2019-02-24,3.737199426995141,2.082156335553708,31.533302916434494,23.150201821594383,0.7922103133920191,0.8444263331200869,2.082156335553708,12.337357040640844,26.468230413805266,7.0,31.533302916434494,23.150201821594383,1.987047160734826,0.6793934881124261,0
2019-02-25,3.6175361429394384,0.3720656488813726,34.29858802752232,26.116044776231625,0.904617687430048,0.5691415704542683,0.3720656488813726,7.5196388994191805,15.7995088600013,7.0,34.29858802752232,26.116044776231625,1.7813553485728806,0.5691415704542683,0
2019-02-26,1.492938972132834,2.635019740558731,35.031241478751966,24.383263924134777,0.6718033496302338,0.3823645979167108,2.635019740558731,5.089241724993812,16.312225719690332,7.0,35.031241478751966,24.383263924134777,1.7813553485728806,0.3823645979167108,0
2019-02-27,2.1289451489785427,1.8641486276414163,35.67113102200787,26.39706525424237,0.8174792104274184,0.9345580725432818,1.8641486276414163,4.8712340170815205,17.337476829705746,7.0,35.67113102200787,26.39706525424237,1.7813553485728806,0.3823645979167108,0
2019-02-28,2.897516117684277,5.652382615793508,28.47547607485119,25.596119746704684,0.9392607210557776,0.4321171756158944,5.652382615793508,10.151550983993657,22.860973673515872,7.0,28.47547607485119,25.596119746704684,1.3705345533323137,0.3823645979167108,0
2019-03-01,3.670654152546831,4.654221230029178,36.27768424887377,21.646656341859877,1.496748924366217,0.5388193672496691,4.654221230029178,12.170752473464102,22.32541111344201,7.0,36.27768424887377,21.646656341859877,1.496748924366217,0.3823645979167108,0
2019-03-02,1.924990914585652,2.2674534327944587,30.26286399149555,23.7957338835186,1.1207651496226252,0.4461143071251877,2.2674534327944587,12.574057278617143,19.52744763125237,7.0,30.26286399149555,23.7957338835186,1.496748924366217,0.3823645979167108,0
2019-03-03,2.2772092280034197,1.2288157461212414,25.23125019575532,25.979898079937083,1.8984173908825583,0.5648183139601971,1.2288157461212414,8.150490408944878,18.674107041819905,7.0,25.23125019575532,25.979898079937083,1.8984173908825583,0.3823645979167108,0
2019-03-04,1.1723980311927662,22.12925154682265,28.464678959419864,21.55564786969797,0.2753847089097959,0.4705050789923272,22.12925154682265,25.62552072573835,40.43129293976119,7.0,28.464678959419864,21.55564786969797,1.8984173908825583,0.3823645979167108,1
2019-03-05,1.0645520511031952,3.0256963623264688,32.6540752763977,24.83942164071735,1.1055229807376508,0.0479675585794758,3.0256963623264688,26.38376365527036,40.82196956152893,7.0,32.6540752763977,24.83942164071735,1.8984173908825583,0.0479675585794758,1
2019-03-06,3.475030986873038,5.828157192596624,29.063557261756586,23.921527052602517,1.2516046198970927,0.8820481860076986,5.828157192596624,30.983105101745743,44.785978126484125,7.0,29.063557261756586,23.921527052602517,1.8984173908825583,0.0479675585794758,2
2019-03-07,4.127488034284988,0.7573304104734127,31.73586659247187,20.490422515755228,1.856354574933693,0.4443938189157698,0.7573304104734127,9.611183965396506,39.89092592116403,7.0,31.73586659247187,20.490422515755228,1.8984173908825583,0.0479675585794758,0
2019-03-08,2.4135878541036,3.323670411344603,33.01475746258753,24.239318609037863,0.2884853425185696,0.5889436485073487,3.323670411344603,9.90915801441464,38.560375102479455,7.0,33.01475746258753,24.239318609037863,1.8984173908825583,0.0479675585794758,0
2019-03-09,3.704239477470429,0.1396148121146265,31.45584379067214,22.32506396774693,1.232299252883389,0.139187802757987,0.1396148121146265,4.220615633932642,36.43253648179963,7.0,31.45584379067214,22.32506396774693,1.8984173908825583,0.0479675585794758,0
2019-03-10,2.933963230057161,3.5205868473535102,30.51693698642985,21.664696435767148,1.7365338713503229,0.0033878479826391,3.5205868473535102,6.98387207081274,38.72430758303189,7.0,30.51693698642985,21.664696435767148,1.856354574933693,0.0033878479826391,0
2019-03-11,1.725856294473851,16.623599942560745,28.247911811035323,24.018281351645264,0.6354699106146259,0.2452900936436429,16.623599942560745,20.28380160202888,33.21865597876999,7.0,28.247911811035323,24.018281351645264,1.856354574933693,0.0033878479826391,1
2019-03-12,2.933674726610097,2.4242197239737098,32.065831424646,20.138294121493985,1.7773262273430874,0.7045860321333502,2.4242197239737098,22.568406513887965,32.61717934041723,7.0,32.065831424646,20.138294121493985,1.856354574933693,0.0033878479826391,1
2019-03-13,4.345643879759163,0.1988836038739156,25.805127837245795,22.65141941483024,0.2342781366937253,0.0991945301128786,0.1988836038739156,19.24670327040837,26.987905751694523,7.0,25.805127837245795,22.65141941483024,1.856354574933693,0.0033878479826391,0
2019-03-14,2.457008753068058,0.1572252236291826,29.942005874841737,29.102348505005292,1.5184183324407134,0.9088874403864678,0.1572252236291826,2.780328551476808,26.38780056485029,7.0,29.942005874841737,29.102348505005292,1.7773262273430874,0.0033878479826391,0
2019-03-15,4.377572386976807,2.4550068131504075,29.21664767281772,25.300444786813888,1.8796037981035756,0.2150225693561845,2.4550068131504075,2.811115640653506,25.5191369666561,7.0,29.21664767281772,25.300444786813888,1.8796037981035756,0.0033878479826391,0
2019-03-16,0.0,0.8719153692556543,31.28186944547325,22.237150187665293,1.382955790952112,0.2045936142917758,0.8719153692556543,3.4841474060352446,26.25143752379713,7.0,31.28186944547325,22.237150187665293,1.8796037981035756,0.0033878479826391,0
2019-03-17,3.4862830052502685,0.1181453854060028,31.360010602072197,26.808331880200797,0.9902526391648064,0.1815079616214955,0.1181453854060028,3.4450675678120644,22.84899606184962,7.0,31.360010602072197,26.808331880200797,1.8796037981035756,0.0991945301128786,0
2019-03-18,2.6044564818858054,7.057314520714552,34.87987002330124,22.01591287844573,0.2807858296508925,0.0139817129713647,7.057314520714552,8.04737527537621,13.282710640003426,7.0,34.87987002330124,22.01591287844573,1.8796037981035756,0.0139817129713647,0
2019-03-19,2.141191179440959,3.067273522269077,36.7504318317488,22.892609693729057,1.856204863980732,0.7718054684782346,3.067273522269077,10.242733428389633,13.925764438298792,7.0,36.7504318317488,22.892609693729057,1.8796037981035756,0.0139817129713647,0
2019-03-20,2.610112931842602,1.707135864146678,28.64666347928909,21.702297180141425,1.0465332008448347,0.8750345312452585,1.707135864146678,11.831723907130309,15.434016698571554,7.0,28.64666347928909,21.702297180141425,1.8796037981035756,0.0139817129713647,0
2019-03-21,0.1149173024789287,11.517086346607716,37.97849787581009,24.512159757332043,0.2521941398047064,0.6141627026161989,11.517086346607716,16.29149573302347,26.793877821550087,7.0,37.97849787581009,24.512159757332043,1.8796037981035756,0.0139817129713647,1
2019-03-22,2.236393734594986,0.6172771174893266,29.662113201435705,26.737259244194256,1.4416779283917711,0.1881999816798623,0.6172771174893266,13.84149932824372,24.956148125889005,7.0,29.662113201435705,26.737259244194256,1.856204863980732,0.0139817129713647,0
2019-03-23,2.9285350858140955,15.608612740704872,32.51758034876927,22.00198753488029,1.0673070564372646,0.2852779969408797,15.608612740704872,27.742976204801916,39.69284549733823,7.0,32.51758034876927,22.00198753488029,1.856204863980732,0.0139817129713647,2
2019-03-24,4.273472853689819,1.8841456774526315,33.53258896744495,20.0,0.4238215713963393,0.4759266973649633,1.8841456774526315,18.11003553564683,41.45884578938485,7.0,33.53258896744495,20.0,1.856204863980732,0.0139817129713647,1
2019-03-25,1.8780757380716235,10.96433567784054,39.33374825774752,26.18193334903884,0.5856892567584673,0.9543459516233008,10.96433567784054,28.457094095998045,45.36586694651084,7.0,39.33374825774752,26.18193334903884,1.856204863980732,0.1881999816798623,2
2019-03-26,1.529807676528175,4.618375603423861,30.373152986712007,27.10760100217536,0.3160832248205233,0.2473513718177428,4.618375603423861,17.46685695871703,46.91696902766562,7.0,30.373152986712007,27.10760100217536,1.4416779283917711,0.1881999816798623,1
2019-03-27,1.8978915476985565,8.76386775688192,26.60978596106584,20.00983906717053,1.2337283714754324,0.731645903919888,8.76386775688192,24.346579038146324,53.97370092040086,7.0,26.60978596106584,20.00983906717053,1.4416779283917711,0.1881999816798623,2
2019-03-28,3.598482541242489,20.67994798000141,36.47113841057895,24.920108682892888,1.3196530626536167,0.4394482232929203,20.67994798000141,34.062191340307194,63.13656255379456,7.0,36.47113841057895,24.920108682892888,1.4416779283917711,0.1881999816798623,2
2019-03-29,2.8945013315916213,1.7012348244930584,29.49987932361369,24.45301070423058,1.1103361370398,0.2978473483600218,1.7012348244930584,31.145050561376397,64.2205202607983,7.0,29.49987932361369,24.45301070423058,1.3196530626536167,0.2473513718177428,2
2019-03-30,1.8642877554795536,16.238368329798273,30.915234258273223,22.42504939022449,1.6707838394047068,0.4559159370221137,16.238368329798273,38.61955113429275,64.85027584989169,7.0,30.915234258273223,22.42504939022449,1.6707838394047068,0.2473513718177428,2
2019-03-31,3.115920919736028,2.467236648458109,28.646751038221478,21.21128866666153,1.7498158783544244,0.0712067175412325,2.467236648458109,20.40683980274944,65.43336682089718,7.0,28.646751038221478,21.21128866666153,1.7498158783544244,0.0712067175412325,1
2019-04-01,2.6164930592176483,2.434828616049801,30.92388868085324,25.983500690893116,1.308123914029628,0.7986873709303625,2.434828616049801,21.140433594306185,56.90385975910644,7.0,30.92388868085324,25.983500690893116,1.7498158783544244,0.0712067175412325,1
2019-04-02,3.662373988639467,2.080510688152398,29.47882539138368,24.358141062914388,0.2229616634733749,0.2433019279829671,2.080510688152398,6.982575952660309,54.36599484383497,7.0,29.47882539138368,24.358141062914388,1.7498158783544244,0.0712067175412325,1
2019-04-03,1.657536287347177,3.897967484469401,34.02932544948431,24.50885291485344,1.4514133803459242,0.7254121231929704,3.897967484469401,8.4133067886716,49.50009457142245,7.0,34.02932544948431,24.50885291485344,1.7498158783544244,0.0712067175412325,1
2019-04-04,2.1068054240826783,0.837036899559433,32.24237488916594,22.7564612943336,0.9523985904566328,0.0683483714481947,0.837036899559433,6.815515072181232,29.65718349098048,7.0,32.24237488916594,22.7564612943336,1.7498158783544244,0.0683483714481947,0
2019-04-05,2.029470216241411,4.033948211457837,29.956834518155965,22.396181591100085,1.2180034698074966,0.955098556165686,4.033948211457837,8.76895259548667,31.98989687794525,7.0,29.956834518155965,22.396181591100085,1.7498158783544244,0.0683483714481947,0
2019-04-06,0.7437820622414577,3.901208940447564,34.98761592997678,20.0,1.368345083633992,0.1930149854056986,3.901208940447564,8.772194051464833,19.652737488594543,7.0,34.98761592997678,20.0,1.7498158783544244,0.0683483714481947,0
2019-04-07,2.8553443324774914,7.175360691532479,32.76499025202379,23.543943940430243,0.8304259057887382,0.8827420762070805,7.175360691532479,15.11051784343788,24.360861531668917,7.0,32.76499025202379,23.543943940430243,1.4514133803459242,0.0683483714481947,0
2019-04-08,2.8132663266158677,8.968305238542268,26.461855248667835,26.877652758908447,1.8507773093092297,0.8094732096154345,8.968305238542268,20.04487487052231,30.894338154161375,7.0,26.461855248667835,26.877652758908447,1.8507773093092297,0.0683483714481947,1
2019-04-09,2.506136147970953,2.9030346577253274,34.759109942252906,22.21949115990269,0.4411547601496062,0.967859924081416,2.9030346577253274,19.046700587800075,31.71686212373431,7.0,34.759109942252906,22.21949115990269,1.8507773093092297,0.0683483714481947,0
2019-04-10,2.218495439949824,1.8000686241447332,32.554603651557905,20.95517061146652,1.4087212531058673,0.4778906609457496,1.8000686241447332,13.671408520412328,29.61896326340964,7.0,32.554603651557905,20.95517061146652,1.8507773093092297,0.0683483714481947,0
2019-04-11,0.801555109539503,1.5010335452106864,36.17219746277463,24.871329132914003,0.2078472439218447,0.7273972938459515,1.5010335452106864,6.204136827080747,30.28295990906089,7.0,36.17219746277463,24.871329132914003,1.8507773093092297,0.1930149854056986,0
2019-04-12,1.995225612681569,1.0822291355506095,32.37175227902794,25.24015999689267,1.8643719897293252,0.370710657037784,1.0822291355506095,4.383331304906029,27.331240833153668,7.0,32.37175227902794,25.24015999689267,1.8643719897293252,0.1930149854056986,0
2019-04-13,2.0887425801678767,0.296879789041904,29.624871948297216,22.82818807863765,0.4025074398285647,0.1843682380196938,0.296879789041904,2.8801424698032,23.726911681748007,7.0,29.624871948297216,22.82818807863765,1.8643719897293252,0.1843682380196938,0
2019-04-14,1.5372672769340574,2.096156992084949,31.38711400009449,23.30247107060072,0.3707916142656343,0.4430759329334488,2.096156992084949,3.4752659166774627,18.64770798230048,7.0,31.38711400009449,23.30247107060072,1.8643719897293252,0.1843682380196938,0
2019-04-15,2.306457146000789,1.5752505335258449,34.41175799264216,24.52780623443752,0.7994137394940397,0.1657490153884548,1.5752505335258449,3.968287314652698,11.254653277284056,7.0,34.41175799264216,24.52780623443752,1.8643719897293252,0.1657490153884548,0
2019-04-16,2.984861028177446,16.968733912148302,29.687788820897413,23.688901062741348,0.8724193148703452,0.982044622786384,16.968733912148302,20.64014143775909,25.32035253170703,7.0,29.687788820897413,23.688901062741348,1.8643719897293252,0.1657490153884548,1
2019-04-17,4.763423081452636,4.078934248270577,30.679109638677325,26.000258671507964,0.5857401301811815,0.0962464911407163,4.078934248270577,22.62291869394472,27.599218155832872,7.0,30.679109638677325,26.000258671507964,1.8643719897293252,0.0962464911407163,1
2019-04-18,2.709493375398207,2.1330124775855044,31.3349342600028,28.87448515184844,1.2532189896688244,0.5892117234526204,2.1330124775855044,23.180680638004382,28.23119708820769,7.0,31.3349342600028,28.87448515184844,1.8643719897293252,0.0962464911407163,0
2019-04-19,2.809060468867317,4.343072618112863,28.55188516935238,20.58167288961909,0.9972453764755344,0.6264638552540559,4.343072618112863,10.555019343968944,31.492040570769944,7.0,28.55188516935238,20.58167288961909,1.2532189896688244,0.0962464911407163,0
2019-04-20,2.410664901080599,0.7494462875107238,29.73102972611428,26.45951026111596,0.2615160602739573,0.5380795428740542,0.7494462875107238,7.225531383209091,31.944607069238764,7.0,29.73102972611428,26.45951026111596,1.2532189896688244,0.0962464911407163,0
2019-04-21,0.1974745416411503,2.935328367214515,32.517650575412574,24.210519402046668,0.7753737120595412,0.6621858857118336,2.935328367214515,8.027847272838102,32.78377844436833,7.0,32.517650575412574,24.210519402046668,1.2532189896688244,0.0962464911407163,0
2019-04-22,2.4681833494609395,4.920631028910057,35.607433242959026,26.776401877708324,1.6587792444317069,0.1161807750118909,4.920631028910057,8.605405683635295,36.12915893975254,7.0,35.607433242959026,26.776401877708324,1.6587792444317069,0.0962464911407163,1
2019-04-23,2.572276251929232,3.355928854897376,32.95144095413143,25.44870902253136,1.4414627627513634,0.5550185242052911,3.355928854897376,11.211888251021946,22.516353882501612,7.0,32.95144095413143,25.44870902253136,1.6587792444317069,0.0962464911407163,0
2019-04-24,5.455890534982343,2.56897347427876,31.862416221892936,24.122312919871423,1.504767536443785,0.2872125711273615,2.56897347427876,10.845533358086191,21.0063931085098,7.0,31.862416221892936,24.122312919871423,1.6587792444317069,0.1161807750118909,0
2019-04-25,2.2691668422626528,25.455206319712303,29.506187678143068,25.520045884882062,1.4566104633503425,0.9401760633010566,25.455206319712303,31.38010864888844,44.3285869506366,7.0,29.506187678143068,25.520045884882062,1.6587792444317069,0.1161807750118909,2
2019-04-26,2.861856810800335,10.614450001233983,35.285481235160695,23.211688457630405,0.7597514384894599,0.7620716534397257,10.614450001233983,38.63862979522504,50.59996433375772,7.0,35.285481235160695,23.211688457630405,1.6587792444317069,0.1161807750118909,2
2019-04-27,2.458345876353708,4.88293741903404,33.300516499840526,22.45139715579029,0.3793950597381966,0.9725144821597428,4.88293741903404,40.95259373998032,54.73345546528104,7.0,33.300516499840526,22.45139715579029,1.6587792444317069,0.1161807750118909,2
2019-04-28,1.0975863548565616,4.212615601905684,29.87981070944228,25.6217262311967,0.6904409312595728,0.0375560697401895,4.212615601905684,19.71000302217371,56.010742699972205,7.0,29.87981070944228,25.6217262311967,1.6587792444317069,0.0375560697401895,2
2019-04-29,3.871387377418024,4.846618216599771,34.6959453760547,22.31134310242099,1.6972135403332866,0.2851331751807087,4.846618216599771,13.942171237539494,55.93672988766192,7.0,34.6959453760547,22.31134310242099,1.6972135403332866,0.0375560697401895,1
2019-04-30,3.402319639224129,1.1239251629289253,33.6787311845314,25.284745183283132,1.964847436009528,0.195422586638349,1.1239251629289253,10.18315898143438,53.70472619569346,7.0,33.6787311845314,25.284745183283132,1.964847436009528,0.0375560697401895,1
2019-05-01,3.449238336451656,2.513772608450984,29.559408951901293,24.061495166175,1.0889246265348105,0.0111545873118305,2.513772608450984,8.48431598797968,53.64952532986569,7.0,29.559408951901293,24.061495166175,1.964847436009528,0.0111545873118305,1
2019-05-02,1.4087350542463133,0.201295831828801,31.6958652312074,20.0,0.217460638861476,0.2423257302463214,0.201295831828801,3.8389936032087104,28.395614841982187,7.0,31.6958652312074,20.0,1.964847436009528,0.0111545873118305,0
2019-05-03,4.183353173123319,3.2269881452178977,30.52168181527119,22.85123509907412,0.4520806618416123,0.6787759835204289,3.2269881452178977,5.942056585497683,21.008152985966102,7.0,30.52168181527119,22.85123509907412,1.964847436009528,0.0111545873118305,0
2019-05-04,0.8177787246492629,3.915628418764872,39.90061382009482,24.669676390049244,0.7797450355692783,0.2310889221345685,3.915628418764872,7.3439123958115715,20.04084398569693,7.0,39.90061382009482,24.669676390049244,1.964847436009528,0.0111545873118305,0
2019-05-05,3.2042285125603245,1.2922330272947289,33.59523464937698,23.187998672183017,1.2414536274673096,0.5090034454826182,1.2922330272947289,8.434849591277498,17.12046141108598,7.0,33.59523464937698,23.187998672183017,1.964847436009528,0.0111545873118305,0
2019-05-06,5.128546750971974,16.62518985949888,32.56028616454472,20.0,0.3351685624495651,0.8878181149649986,16.62518985949888,21.833051305558485,28.89903305398509,7.0,32.56028616454472,20.0,1.964847436009528,0.0111545873118305,1
2019-05-07,1.311356409843174,12.009520086993216,33.41798916823014,26.64150025565232,1.8980431376777869,0.6937579203490752,12.009520086993216,29.92694297378683,39.78462797804938,7.0,33.41798916823014,26.64150025565232,1.8980431376777869,0.0111545873118305,2
2019-05-08,1.8204427244766737,6.403247667618976,36.13748776459249,24.338750102543223,0.8571506119119214,0.3946290699060319,6.403247667618976,35.03795761411107,43.67410303721737,7.0,36.13748776459249,24.338750102543223,1.8980431376777869,0.2310889221345685,2
2019-05-09,2.6195816381051693,3.8112713153296633,31.7498595666846,24.88747858253961,1.8426515922646811,0.3724689389121083,3.8112713153296633,22.224039069941853,47.28407852071823,7.0,31.7498595666846,24.88747858253961,1.8980431376777869,0.2310889221345685,1
2019-05-10,1.895829215060561,10.199918115913103,30.23027210640273,23.053447695643516,1.6049392449626392,0.4557358140084847,10.199918115913103,20.41443709886174,54.25700849141344,7.0,30.23027210640273,23.053447695643516,1.8980431376777869,0.2310889221345685,2
2019-05-11,0.6392038827206408,0.7000608453811547,34.53284968429225,25.06297937629332,1.559787090528046,0.1770414410599063,0.7000608453811547,14.71125027662392,51.04144091802972,7.0,34.53284968429225,25.06297937629332,1.8980431376777869,0.1770414410599063,1
2019-05-12,2.5822755697672326,7.815391457141175,31.475166301996065,27.669640289173405,1.2920952436080175,0.6340007674159881,7.815391457141175,18.715370418435437,57.56459934787617,7.0,31.475166301996065,27.669640289173405,1.8980431376777869,0.1770414410599063,2
2019-05-13,1.225235543528674,0.6666331477601193,28.79031401275849,22.529854032745284,1.3282108706933202,0.3641528191046055,0.6666331477601193,9.182085450282448,41.6060426361374,7.0,28.79031401275849,22.529854032745284,1.8980431376777869,0.1770414410599063,1
2019-05-14,3.068310916762218,7.904511335870843,28.205940704731823,27.33402541071414,1.3484058233892466,0.8523653492620437,7.904511335870843,16.386535940772138,37.50103388501503,7.0,28.205940704731823,27.33402541071414,1.8426515922646811,0.1770414410599063,1
2019-05-15,1.3966909189194363,1.6132144989567132,36.5878896525186,24.797128131784014,1.331698496646048,0.7565526600578163,1.6132144989567132,10.184358982587677,32.71100071635277,7.0,36.5878896525186,24.797128131784014,1.8426515922646811,0.1770414410599063,0
2019-05-16,4.359921286021047,10.481538129752243,32.39493370075785,22.26113450392627,1.1967108165170504,0.61051316409216,10.481538129752243,19.999263964579804,39.38126753077536,7.0,32.39493370075785,22.26113450392627,1.6049392449626392,0.1770414410599063,1
2019-05-17,1.5600960491965157,14.415777731750818,30.2312978480228,28.424781275182017,1.9755452332692,0.364202222649516,14.415777731750818,26.51053036045977,43.59712714661307,7.0,30.2312978480228,28.424781275182017,1.9755452332692,0.1770414410599063,2
2019-05-18,2.113526180553189,0.8055171260730478,31.29699526687381,24.783280479777865,1.5181230213662529,0.2099318316734844,0.8055171260730478,25.702832987576112,43.702583427304965,7.0,31.29699526687381,24.783280479777865,1.9755452332692,0.2099318316734844,1
2019-05-19,3.4762206608436035,3.105766397295583,34.42233415402505,25.352957337546083,1.598503499106538,0.7761518641056229,3.105766397295583,18.32706125511945,38.99295836745937,7.0,34.42233415402505,25.352957337546083,1.9755452332692,0.2099318316734844,1
2019-05-20,1.0229628202792538,19.81326106571485,31.119783452473865,23.461295790546483,1.7704330671506134,0.4864090989910865,19.81326106571485,23.72454458908349,58.1395862854141,7.0,31.119783452473865,23.461295790546483,1.9755452332692,0.2099318316734844,2
2019-05-21,2.7729519215249554,3.302503962436906,27.651740812467743,22.407346709340967,0.5881515729065285,0.2247500381773575,3.302503962436906,26.221531425447345,53.53757891198017,7.0,27.651740812467743,22.407346709340967,1.9755452332692,0.2099318316734844,2
2019-05-22,4.068571305138914,9.958894376326064,32.97752255644377,24.33562648935158,0.3508474863711094,0.1951746150400062,9.958894376326064,33.07465940447783,61.883258789349526,7.0,32.97752255644377,24.33562648935158,1.9755452332692,0.1951746150400062,2
2019-05-23,0.5710201185265271,4.4425452346212495,35.62504345272069,27.162927446966656,1.0692099858774775,0.165400904501359,4.4425452346212495,17.70394357338422,55.84426589421852,7.0,35.62504345272069,27.162927446966656,1.9755452332692,0.165400904501359,2
2019-05-24,2.721560630238765,2.352658106401821,35.42439295391675,23.38068037562862,1.1253452521146918,0.777161196205595,2.352658106401821,16.754097717349136,43.78114626886953,7.0,35.42439295391675,23.38068037562862,1.7704330671506134,0.165400904501359,1
2019-05-25,2.811859353098108,1.6828460953003797,30.322010185588265,23.946497508851724,1.6925272039098518,0.2289871853003117,1.6828460953003797,8.47804943632345,44.658475238096855,7.0,30.322010185588265,23.946497508851724,1.7704330671506134,0.165400904501359,1
2019-05-26,3.4381874461327726,1.135902764541932,35.80751796937514,26.91265694395917,0.9988104427082044,0.5266422635251975,1.135902764541932,5.171406966244133,42.688611605343205,7.0,35.80751796937514,26.91265694395917,1.7704330671506134,0.165400904501359,1
2019-05-27,1.0156591469463017,7.173185146084777,32.63884992101487,23.39934630839152,1.227535445979763,0.4515463609730564,7.173185146084777,9.991934005927089,30.04853568571313,7.0,32.63884992101487,23.39934630839152,1.6925272039098518,0.165400904501359,0
2019-05-28,0.9154520642988684,2.44320521401188,35.72344203163618,25.02055262233824,1.148727689324225,0.5796108992282839,2.44320521401188,10.752293124638587,29.189236937288104,7.0,35.72344203163618,25.02055262233824,1.6925272039098518,0.165400904501359,0
2019-05-29,3.126329878740277,3.5797813280703106,33.72106109000766,25.754701013479394,0.2687650107633039,0.8771549003711943,3.5797813280703106,13.196171688166968,22.81012388903235,7.0,33.72106109000766,25.754701013479394,1.6925272039098518,0.165400904501359,0
2019-05-30,2.856381607879823,3.3895737270445454,27.43520947210199,23.606438102246035,1.307386813874445,0.8677473900817306,3.3895737270445454,9.412560269126736,21.757152381455647,7.0,27.43520947210199,23.606438102246035,1.6925272039098518,0.2289871853003117,0
2019-05-31,2.800591420415052,4.305214805867751,37.24021681252504,24.61967518639985,1.690477914393654,0.4510760718248596,4.305214805867751,11.274569860982607,23.709709080921574,7.0,37.24021681252504,24.61967518639985,1.6925272039098518,0.2289871853003117,0
2019-06-01,2.9157378513963708,10.033824089565735,32.15535155359686,25.322205555362345,0.4835009865364469,0.0153662507347233,10.033824089565735,17.728612622478032,32.060687075186934,7.0,32.15535155359686,25.322205555362345,1.690477914393654,0.0153662507347233,0
2019-06-02,1.683970334105811,19.74845395667841,33.73038147174145,23.198169612911745,1.2697971210678725,0.4264438057143032,19.74845395667841,34.0874928521119,50.67323826732341,7.0,33.73038147174145,23.198169612911745,1.690477914393654,0.0153662507347233,2
2019-06-03,2.778704436593204,2.6177327012433342,27.967866114584467,25.631530329979988,1.2684989800035458,0.6061935374241404,2.6177327012433342,32.400010747487485,46.11778582248197,7.0,27.967866114584467,25.631530329979988,1.690477914393654,0.0153662507347233,1
2019-06-04,2.8516869679584174,8.787338709486766,33.515979500234195,22.906027833089123,0.4955329353014457,0.5577647590980618,8.787338709486766,31.153525367408516,52.461919317956855,7.0,33.515979500234195,22.906027833089123,1.690477914393654,0.0153662507347233,2
2019-06-05,1.6427782983683588,7.230811982512932,35.30878319822798,22.649824842079017,0.4222344327153248,0.6513361058002055,7.230811982512932,18.63588339324303,56.11294997239948,7.0,35.30878319822798,22.649824842079017,1.690477914393654,0.0153662507347233,2
2019-06-06,4.738929413373707,4.2610539792233135,37.80596100979521,20.945917878359086,1.9640934973576727,0.1540757324730834,4.2610539792233135,20.279204671223013,56.98443022457825,7.0,37.80596100979521,20.945917878359086,1.9640934973576727,0.0153662507347233,2
2019-06-07,3.068599505094145,15.623188325989672,36.201199384385845,22.993075312197885,0.9086945053754676,0.6465350987807326,15.623188325989672,27.11505428772592,68.30240374470017,7.0,36.201199384385845,22.993075312197885,1.9640934973576727,0.0153662507347233,2
2019-06-08,1.0704358033568218,1.1186843585222508,33.66267411183812,22.36899459625956,0.6093591117023527,0.1826516187437722,1.1186843585222508,21.00292666373524,59.38726401365668,7.0,33.66267411183812,22.36899459625956,1.9640934973576727,0.1540757324730834,2
2019-06-09,3.287864330360596,0.5785371390988225,27.36686793995484,23.19825208749005,0.508384180017875,0.750523980696749,0.5785371390988225,17.320409823610746,40.21734719607709,7.0,27.36686793995484,23.19825208749005,1.9640934973576727,0.1540757324730834,1
2019-06-10,1.3303819957272145,9.619440954463933,32.396818371492266,25.223985263828972,1.4016830844498231,0.33908761326268,9.619440954463933,11.316662452085003,47.21905544929769,7.0,32.396818371492266,25.223985263828972,1.9640934973576727,0.1540757324730834,1
2019-06-11,3.4445015244909425,2.8915073097373822,30.22247130436121,20.548651493249796,1.2970015351891018,0.7098954333814536,2.8915073097373822,13.089485403300138,41.3232240495483,7.0,30.22247130436121,20.548651493249796,1.9640934973576727,0.1540757324730834,1
2019-06-12,3.890314694808885,9.385569055162966,32.70493362444874,20.050658210825784,1.3583938213773514,0.047865598906107,9.385569055162966,21.89651731936428,43.47798112219834,7.0,32.70493362444874,20.050658210825784,1.9640934973576727,0.047865598906107,2
2019-06-13,1.5151812179779474,11.178849196435586,28.351022501614704,22.50184156669744,0.3584108495206141,0.4078600255909134,11.178849196435586,23.45592556133593,50.39577633941061,7.0,28.351022501614704,22.50184156669744,1.4016830844498231,0.047865598906107,1
2019-06-14,3.656051355093186,0.322466443437917,31.369499276624296,24.922460987173316,1.8083622502971863,0.7050345222633327,0.322466443437917,20.886884695036468,35.095054456858854,7.0,31.369499276624296,24.922460987173316,1.8083622502971863,0.047865598906107,1
2019-06-15,2.995337112323798,10.747807940351615,30.448450748581795,24.57772989403937,0.9006795142562869,0.2268705163314941,10.747807940351615,22.24912358022512,44.724178038688216,7.0,30.448450748581795,24.57772989403937,1.8083622502971863,0.047865598906107,1
2019-06-16,3.486472191993388,2.973926993342124,30.355500932092266,22.46987533417815,0.7640649315746444,0.7952870447972226,2.973926993342124,14.044201377131657,47.11956789293152,7.0,30.355500932092266,22.46987533417815,1.8083622502971863,0.047865598906107,1
2019-06-17,4.776151579184736,3.571164541230529,30.38529144202654,26.338816464312924,1.0322506050459306,0.630779733104932,3.571164541230529,17.292899474924265,41.07129147969812,7.0,30.38529144202654,26.338816464312924,1.8083622502971863,0.047865598906107,1
2019-06-18,2.205534260796556,4.92542496042651,31.592435850835265,22.68318012976332,0.902118918345731,0.5875617721497983,4.92542496042651,11.470516494999162,43.10520913038725,7.0,31.592435850835265,22.68318012976332,1.8083622502971863,0.047865598906107,1
2019-06-19,1.5955166027710126,13.044369797823878,32.85858427714407,24.924907972254253,1.7544386056504626,0.3535488542043371,13.044369797823878,21.54095929948092,46.76400987304816,7.0,32.85858427714407,24.924907972254253,1.8083622502971863,0.2268705163314941,2
2019-06-20,1.432582684449372,0.0965058468279292,25.0,23.274427344931656,1.8726697553562055,0.4824514703811176,0.0965058468279292,18.066300605078315,35.681666523440505,7.0,25.0,23.274427344931656,1.8726697553562055,0.2268705163314941,1
2019-06-21,1.521027658041474,3.2393728196891165,25.0,22.262447298012688,0.7462157896092911,0.5973493009778531,3.2393728196891165,16.380248464340923,38.5985728996917,7.0,25.0,22.262447298012688,1.8726697553562055,0.2268705163314941,1
2019-06-22,2.407477948703075,5.8193079906682925,30.98392598023437,22.78986642377052,1.7550844534279186,0.4724621139148904,5.8193079906682925,9.155186657185336,33.67007295000838,7.0,30.98392598023437,22.78986642377052,1.8726697553562055,0.3535488542043371,1
2019-06-23,2.9093823697799728,6.413402087725522,31.40669286588316,25.46800076962712,1.6067416331595208,0.6983133239405601,6.413402087725522,15.47208289808293,37.10954804439178,7.0,31.40669286588316,25.46800076962712,1.8726697553562055,0.3535488542043371,1
2019-06-24,2.832028959196023,5.896928328555539,32.56733364981182,24.72205029028551,1.8754538102205716,0.4336969331069595,5.896928328555539,18.129638406949358,39.43531183171679,7.0,32.56733364981182,24.72205029028551,1.8754538102205716,0.3535488542043371,1
2019-06-25,3.4926198988432287,0.7218647779765466,29.816982935431326,25.93620532755309,0.6423505619345982,0.2022731817420303,0.7218647779765466,13.032195194257609,35.23175164926682,7.0,29.816982935431326,25.93620532755309,1.8754538102205716,0.2022731817420303,1
2019-06-26,2.5156022702534884,1.7790593565488702,32.02839558206804,24.721972165074163,1.2385264702177623,0.2139337828010472,1.7790593565488702,8.397852463080953,23.966441207991817,7.0,32.02839558206804,24.721972165074163,1.8754538102205716,0.2022731817420303,0
2019-06-27,4.24424089258878,2.221410612046673,32.379569615054166,20.77766107365156,0.6941802525328004,0.005803768842941,2.221410612046673,4.722334746572089,26.09134597321056,7.0,32.379569615054166,20.77766107365156,1.8754538102205716,0.005803768842941,0
2019-06-28,2.182411800114453,8.159368813932607,29.796325709403582,28.228829668617585,1.6833700828718736,0.3009577155586724,8.159368813932607,12.15983878252815,31.01134196745405,7.0,29.796325709403582,28.228829668617585,1.8754538102205716,0.005803768842941,0
2019-06-29,5.764202999907543,1.63391574588316,35.040367465223305,24.75033802811694,0.2095835430279156,0.7489176404785196,1.63391574588316,12.01469517186244,26.82594972266892,7.0,35.040367465223305,24.75033802811694,1.8754538102205716,0.005803768842941,0
2019-06-30,3.2508008173180074,1.1830754561812429,32.53095893436518,25.02934310877646,1.216674493195513,0.7941627088376095,1.1830754561812429,10.976360015997008,21.595623091124644,7.0,32.53095893436518,25.02934310877646,1.8754538102205716,0.005803768842941,0
2019-07-01,1.471410932300461,15.78514434475004,33.64088328638987,23.24632464100688,0.8105661762894525,0.20246754209575,15.78514434475004,18.60213554681444,31.48383910731914,7.0,33.64088328638987,23.24632464100688,1.6833700828718736,0.005803768842941,1
2019-07-02,1.2149290023266652,0.0445139883614261,32.20653719385156,26.226356586601412,0.7808306727400764,0.9590439968714076,0.0445139883614261,17.012733789292707,30.806488317704023,7.0,32.20653719385156,26.226356586601412,1.6833700828718736,0.005803768842941,0
2019-07-03,3.0789668982918226,30.644114969520437,38.31101930918516,21.81378487879976,1.3608313829568506,0.5024027934801267,30.644114969520437,46.4737733026319,59.67154393067558,7.0,38.31101930918516,21.81378487879976,1.6833700828718736,0.005803768842941,2
2019-07-04,2.231844657608979,5.647749272183766,33.789191207352964,25.219658155326982,1.732672008765189,0.9169787490185026,5.647749272183766,36.33637823006563,63.097882590812674,7.0,33.789191207352964,25.219658155326982,1.732672008765189,0.20246754209575,2
2019-07-05,3.3568005929105103,8.81496508219185,30.536020051378323,20.0,1.2965517045079873,0.7067652818616311,8.81496508219185,45.10682932389605,63.753478859071926,7.0,30.536020051378323,20.0,1.732672008765189,0.20246754209575,2
2019-07-06,3.0678851494882537,1.745088792524603,34.4629006531052,25.35441704270037,1.7357113615641004,0.7224334230224131,1.745088792524603,16.20780314690022,63.864651905713366,7.0,34.4629006531052,25.35441704270037,1.7357113615641004,0.20246754209575,1
2019-07-07,2.412605304811753,0.0720936486900576,27.087185247629986,21.84089917672114,0.6762748013858539,0.0850436213060711,0.0720936486900576,10.63214752340651,62.75367009822218,7.0,27.087185247629986,21.84089917672114,1.7357113615641004,0.0850436213060711,1
2019-07-08,1.4838475383179142,6.694564392173502,32.35880078800131,24.55398904085425,1.135103338576966,0.2199911268969306,6.694564392173502,8.511746833388163,53.66309014564564,7.0,32.35880078800131,24.55398904085425,1.7357113615641004,0.0850436213060711,1
2019-07-09,0.6821833303769624,8.983194682467005,32.95748087027597,26.71468093349235,1.0109657703207369,0.0088148332944726,8.983194682467005,15.749852723330564,62.60177083975122,7.0,32.95748087027597,26.71468093349235,1.7357113615641004,0.0088148332944726,2
2019-07-10,1.9641820575195748,6.744533017740471,32.393062286236095,25.64543474900088,0.2209608191055732,0.7161276404767375,6.744533017740471,22.422292092380975,38.70218888797126,7.0,32.393062286236095,25.64543474900088,1.7357113615641004,0.0088148332944726,1
2019-07-11,3.5276785531881667,0.7707134085511085,30.998663387483337,26.44876334023512,1.2022618576533322,0.34443828842851,0.7707134085511085,16.498441108758584,33.825153024338604,7.0,30.998663387483337,26.44876334023512,1.7357113615641004,0.0088148332944726,0
2019-07-12,2.7569124929562445,7.000504618021271,28.963179929488955,26.241696887295618,1.390743783463115,0.7866525160763468,7.000504618021271,14.51575104431285,32.010692560168025,7.0,28.963179929488955,26.241696887295618,1.7357113615641004,0.0088148332944726,0
2019-07-13,1.0051134655456144,7.325016738640082,29.63195896384711,22.95143451418024,1.2654459279543262,0.3389362199370263,7.325016738640082,15.09623476521246,37.5906205062835,7.0,29.63195896384711,22.95143451418024,1.390743783463115,0.0088148332944726,1
2019-07-14,2.707817111021418,5.372631236659405,32.30622474874215,25.19666034761571,1.5253038178101586,0.8193337522988611,5.372631236659405,19.69815259332076,42.89115809425285,7.0,32.30622474874215,25.19666034761571,1.5253038178101586,0.0088148332944726,1
2019-07-15,2.962380855674604,7.264648628462066,28.659442302716023,20.55016620811638,1.228411151215539,0.130698253748313,7.264648628462066,19.96229660376155,43.46124233054141,7.0,28.659442302716023,20.55016620811638,1.5253038178101586,0.0088148332944726,1
2019-07-16,1.4393710765586405,9.351463373394024,37.310502846941816,22.626127164111494,0.3201504587313625,0.1733731567575082,9.351463373394024,21.988743238515497,43.829511021468434,7.0,37.310502846941816,22.626127164111494,1.5253038178101586,0.130698253748313,2
2019-07-17,2.6844701271346336,4.754464121564652,25.0,26.785309776568106,0.4096019433524805,0.3408765395839365,4.754464121564652,21.37057612342074,41.83944212529261,7.0,25.0,26.785309776568106,1.5253038178101586,0.130698253748313,1
2019-07-18,2.5698504621352,0.4638928619745787,31.029686397366188,23.22992639514756,1.2736542395791144,0.4084873888822733,0.4638928619745787,14.569820356933256,41.53262157871608,7.0,31.029686397366188,23.22992639514756,1.5253038178101586,0.130698253748313,1
2019-07-19,1.1284356426032522,3.343519918938111,32.33116891732309,20.263996226658517,0.6949625455525523,0.3487028108429784,3.343519918938111,8.561876902477342,37.87563687963292,7.0,32.33116891732309,20.263996226658517,1.5253038178101586,0.130698253748313,0
2019-07-20,2.92934483241794,0.4041489828716266,33.52226278349987,28.027397834662715,0.3433612322625785,0.7636470325232199,0.4041489828716266,4.211561763784316,30.954769123864462,7.0,33.52226278349987,28.027397834662715,1.5253038178101586,0.130698253748313,0
2019-07-21,3.172941431641881,2.6173851741266763,29.25222581821272,25.12450056633944,0.9732849382073844,0.0969513926267147,2.6173851741266763,6.365054075936413,28.19952306133174,7.0,29.25222581821272,25.12450056633944,1.2736542395791144,0.0969513926267147,0
2019-07-22,3.799661491810333,2.613702365253156,35.402884381664634,25.52895644061158,1.1977806765505796,0.351217019638488,2.613702365253156,5.635236522251459,23.548576798122827,7.0,35.402884381664634,25.52895644061158,1.2736542395791144,0.0969513926267147,0
2019-07-23,3.764562462441884,0.3414469028677538,27.81850686856123,22.039060930156204,0.7917427790292919,0.8372399995154594,0.3414469028677538,5.572534442247585,14.538560327596558,7.0,27.81850686856123,22.039060930156204,1.2736542395791144,0.0969513926267147,0
2019-07-24,0.8467967584514908,2.1448499864969035,30.301614234177297,24.56811314105974,1.4967806640064003,0.0667970772621719,2.1448499864969035,5.099999254617813,11.928946192528809,7.0,30.301614234177297,24.56811314105974,1.4967806640064003,0.0667970772621719,0
2019-07-25,1.3746099521018529,0.5882795243903626,33.862242665838274,24.51514994177839,1.3587870945822405,0.9423435076713574,0.5882795243903626,3.07457641375502,12.053332854944593,7.0,33.862242665838274,24.51514994177839,1.4967806640064003,0.0667970772621719,0
2019-07-26,3.118042320650392,8.257428550377401,35.12056569437826,22.35703028675265,0.7990730499650096,0.9863168422720128,8.257428550377401,10.990558061264668,16.967241486383884,7.0,35.12056569437826,22.35703028675265,1.4967806640064003,0.0667970772621719,0
2019-07-27,3.1165431410946507,14.752649925309992,27.787996110856707,23.660360628953683,1.5587705520354092,0.08856817382508,14.752649925309992,23.59835800007776,31.315742428822247,7.0,27.787996110856707,23.660360628953683,1.5587705520354092,0.0667970772621719,1
2019-07-28,3.118057223567257,0.3753231686622788,39.93511037124547,20.99906457443397,1.3676510765594638,0.2912725222557369,0.3753231686622788,23.385401644349677,29.07368042335785,7.0,39.93511037124547,20.99906457443397,1.5587705520354092,0.0667970772621719,0
2019-07-29,7.123277788785665,15.518281170343428,29.30752531049837,23.306580934248,1.3474016816922236,0.3724006660353561,15.518281170343428,30.6462542643157,41.97825922844813,7.0,29.30752531049837,23.306580934248,1.5587705520354092,0.0667970772621719,2
2019-07-30,3.1850686128318,3.6967577469438058,28.06345256741665,25.94769251451964,1.1961698614167224,0.7763913686527261,3.6967577469438058,19.59036208594951,45.333570072524175,7.0,28.06345256741665,25.94769251451964,1.5587705520354092,0.0667970772621719,1
2019-07-31,3.8626787682167194,1.7802733813930105,33.50814467531977,22.50630348201583,0.220501402559395,0.5959268121167338,1.7802733813930105,20.995312298680243,44.96899346742028,7.0,33.50814467531977,22.50630348201583,1.5587705520354092,0.08856817382508,1
2019-08-01,3.6448021161918422,0.3998831236978604,30.955119639255628,27.814595672853105,1.4537129302584004,0.6443657004925674,0.3998831236978604,5.876914252034677,44.78059706672778,7.0,30.955119639255628,27.814595672853105,1.5587705520354092,0.08856817382508,1
2019-08-02,3.2816695015669577,3.471982483856968,30.51184306238077,21.127816974929885,0.8768752239964817,0.757509822818506,3.471982483856968,5.652138988947838,39.99515100020734,7.0,30.51184306238077,21.127816974929885,1.5587705520354092,0.08856817382508,0
2019-08-03,2.121676906431585,7.9119244509880895,33.78693217270916,23.479649300408813,1.89669747828558,0.1179789994370257,7.9119244509880895,11.783790058542918,33.15442552588544,7.0,33.78693217270916,23.479649300408813,1.89669747828558,0.1179789994370257,1
2019-08-04,3.410763064591921,6.139389288918249,27.41811292871657,22.68714007277175,1.6723725879389697,0.8332094569102624,6.139389288918249,17.523296223763307,38.91849164614141,7.0,27.41811292871657,22.68714007277175,1.89669747828558,0.1179789994370257,1
2019-08-05,1.572609742554914,0.2576561474802323,26.89359680007589,23.63963833725426,1.257850045156362,0.705619804180144,0.2576561474802323,14.308969887386567,23.657866623278217,7.0,26.89359680007589,23.63963833725426,1.89669747828558,0.1179789994370257,0
2019-08-06,2.215817671911989,0.3784791202912624,30.207729904570314,26.742949564281844,0.6539275672746849,0.5773417251963703,0.3784791202912624,6.775524556689744,20.339587996625674,7.0,30.207729904570314,26.742949564281844,1.89669747828558,0.1179789994370257,0
2019-08-07,1.917563742605076,2.5781296560804385,35.23370521835997,22.03108900707181,0.5666913078997999,0.8897353347830567,2.5781296560804385,3.214264923851933,21.137444271313104,7.0,35.23370521835997,22.03108900707181,1.89669747828558,0.1179789994370257,0
2019-08-08,2.598248967263587,1.749848046900245,30.33783411976165,23.09745893814094,0.8126927078195885,0.7003063538838071,1.749848046900245,4.706456823271946,22.48740919451549,7.0,30.33783411976165,23.09745893814094,1.89669747828558,0.1179789994370257,0
2019-08-09,5.27759028000821,1.3223304586627975,36.79747005358584,25.30901150544628,1.0578222984440333,0.2016999626310254,1.3223304586627975,5.650308161643481,20.337757169321318,7.0,36.79747005358584,25.30901150544628,1.89669747828558,0.1179789994370257,0
2019-08-10,0.2592817688899025,1.649500892277558,35.60304428351567,24.186317559835302,0.7329179180701049,0.4297453810756667,1.649500892277558,4.7216793978406,14.075333610610786,7.0,35.60304428351567,24.186317559835302,1.6723725879389697,0.2016999626310254,0
2019-08-11,3.3235122284494163,8.13502515578358,32.848838553522455,24.350349898618006,1.126873091706469,0.4940428669357333,8.13502515578358,11.106856506723936,16.07096947747612,7.0,32.848838553522455,24.350349898618006,1.257850045156362,0.2016999626310254,0
2019-08-12,0.564740954572418,13.24146297271714,33.01917157812427,22.069447320800887,0.4976667659237347,0.0552176267504056,13.24146297271714,23.02598902077828,29.054776302713027,7.0,33.01917157812427,22.069447320800887,1.126873091706469,0.0552176267504056,1
2019-08-13,1.93368176105268,2.596832420887668,32.84600787505057,23.856833056795004,1.9598830630859,0.9546375133600558,2.596832420887668,23.973320549388387,31.27312960330943,7.0,32.84600787505057,23.856833056795004,1.9598830630859,0.0552176267504056,0
2019-08-14,3.80674071636084,11.82821034121445,32.4791531860463,26.263156903079047,0.3942641989369889,0.1285772607968784,11.82821034121445,27.666505734819257,40.52321028844344,7.0,32.4791531860463,26.263156903079047,1.9598830630859,0.0552176267504056,2
2019-08-15,2.5771360229145555,1.939322320286248,30.901274907565465,20.78095803383804,1.8774994513778696,0.6974612672267269,1.939322320286248,16.364365082388364,40.71268456182944,7.0,30.901274907565465,20.78095803383804,1.9598830630859,0.0552176267504056,1
2019-08-16,1.2067062664848327,3.235489429947621,31.24943650037851,22.605381698601946,1.8444404205248508,0.5062310360908802,3.235489429947621,17.00302209144832,42.62584353311427,7.0,31.24943650037851,22.605381698601946,1.9598830630859,0.0552176267504056,1
2019-08-17,1.641635548888038,1.2811043548639431,28.790119530222253,20.368916740949327,1.1456488672750964,0.0256322498844225,1.2811043548639431,6.45591610509781,42.257446995700654,7.0,28.790119530222253,20.368916740949327,1.9598830630859,0.0256322498844225,1
2019-08-18,3.315517298721611,5.114872309857724,25.36987163212946,25.073951393887484,1.5048384893049518,0.9247474758643616,5.114872309857724,9.631466094669284,39.2372941497748,7.0,25.36987163212946,25.073951393887484,1.9598830630859,0.0256322498844225,1
2019-08-19,1.623560041939436,19.31166983988161,35.31221182784615,26.450941090628938,0.984886936350658,0.8518368088189332,19.31166983988161,25.707646504603275,45.30750101693927,7.0,35.31221182784615,26.450941090628938,1.9598830630859,0.0256322498844225,2
2019-08-20,2.75975030749837,4.62530912905048,32.471775310355895,23.633180025415918,1.3340622395763888,0.5242579279038355,4.62530912905048,29.05185127878981,47.33597772510208,7.0,32.471775310355895,23.633180025415918,1.8774994513778696,0.0256322498844225,2
2019-08-21,2.5546862078845765,2.214387143033421,32.01863406686536,21.988959970969404,0.8130366873580137,0.2289423361394452,2.214387143033421,26.151366111965512,37.72215452692105,7.0,32.01863406686536,21.988959970969404,1.8774994513778696,0.0256322498844225,1
2019-08-22,1.7180795828730195,5.218028092377419,33.19534736857364,22.04750709709093,0.7420862356138016,0.1216228906800942,5.218028092377419,12.05772436446132,41.00086029901223,7.0,33.19534736857364,22.04750709709093,1.8444404205248508,0.0256322498844225,0
2019-08-23,5.072732907190391,0.6557892212615534,29.514807635619054,23.405885584254516,1.2408136151051246,0.3633924794321266,0.6557892212615534,8.088204456672393,38.42116009032616,7.0,29.514807635619054,23.405885584254516,1.5048384893049518,0.0256322498844225,0
2019-08-24,3.2607028267816136,10.975792178331533,28.9968133598467,23.39825590921695,1.0966334135311646,0.2554282810460905,10.975792178331533,16.849609491970504,48.11584791379374,7.0,28.9968133598467,23.39825590921695,1.5048384893049518,0.1216228906800942,1
2019-08-25,0.0698288960108715,3.496670911016173,31.14894591896554,25.82366355702674,1.243165464469966,0.5066912010062987,3.496670911016173,15.128252310609255,46.497646514952194,7.0,31.14894591896554,25.82366355702674,1.3340622395763888,0.1216228906800942,1
2019-08-26,2.723745177723313,2.983277059530509,36.10429544529144,22.66224793111397,0.7159890463166414,0.966409296123429,2.983277059530509,17.455740148878213,30.16925373460109,7.0,36.10429544529144,22.66224793111397,1.3340622395763888,0.1216228906800942,0
2019-08-27,1.7058562422779344,4.407813802699802,28.49377691452062,24.87015667637172,0.8605240972705914,0.5749534932296414,4.407813802699802,10.887761773246485,29.951758408250416,7.0,28.49377691452062,24.87015667637172,1.243165464469966,0.1216228906800942,0
2019-08-28,3.5229200017554687,4.901265265759135,25.0,23.389059941504264,0.3510163291320367,0.8899310558900979,4.901265265759135,12.292356127989448,32.63863653097613,7.0,25.0,23.389059941504264,1.243165464469966,0.1216228906800942,0
2019-08-29,1.5489751138807593,0.3724099362783248,30.435796724543746,22.510486089520324,0.2940974700899703,0.6508788374957772,0.3724099362783248,9.681489004737264,27.79301837487704,7.0,30.435796724543746,22.510486089520324,1.243165464469966,0.2554282810460905,0
2019-08-30,2.362316270239721,5.7382336476219,35.42809974870555,23.339247873318044,0.6562228334114293,0.4752465265872004,5.7382336476219,11.011908849659363,32.87546280123738,7.0,35.42809974870555,23.339247873318044,1.243165464469966,0.2554282810460905,0
2019-08-31,3.1059847347765484,1.3849088294575522,26.802367926936935,24.67307676374196,0.3336443467949823,0.8546075627333712,1.3849088294575522,7.49555241335778,23.28457945236341,7.0,26.802367926936935,24.67307676374196,1.243165464469966,0.4752465265872004,0
2019-09-01,3.5389062330041456,6.257989306347668,28.459149188531384,25.829866779763403,0.3867944755425332,0.4713681101729975,6.257989306347668,13.381131783427122,26.0458978476949,7.0,28.459149188531384,25.829866779763403,0.8605240972705914,0.4713681101729975,0
2019-09-02,1.0596443115330685,8.644903569908596,32.790640221734506,23.49605362568302,1.6632711297090867,0.868628170510361,8.644903569908596,16.287801705713818,31.707524358072984,7.0,32.790640221734506,23.49605362568302,1.6632711297090867,0.4713681101729975,1
2019-09-03,2.098598516990862,8.147144729977397,39.709721106426,21.59212373840446,0.2699726546300408,0.2915767695757653,8.147144729977397,23.050037606233666,35.44685528535058,7.0,39.709721106426,21.59212373840446,1.6632711297090867,0.2915767695757653,1
2019-09-04,1.9300656266068523,4.020404515374513,27.92536499442141,25.99942960653088,1.386097029082537,0.1288130737629881,4.020404515374513,20.812452815260507,34.56599453496596,7.0,27.92536499442141,25.99942960653088,1.6632711297090867,0.1288130737629881,1
2019-09-05,1.7160049209115458,3.671615900233151,27.80919772559612,22.20366123369577,0.690603947867721,0.8553144643629383,3.671615900233151,15.839165145585063,37.86520049892079,7.0,27.80919772559612,22.20366123369577,1.6632711297090867,0.1288130737629881,1
2019-09-06,4.618545088337316,0.7708631748212545,33.016095106517554,24.521646335355065,1.7687822252746277,0.5874151637926668,0.7708631748212545,8.46288359042892,32.89783002612014,7.0,33.016095106517554,24.521646335355065,1.7687822252746277,0.1288130737629881,0
2019-09-07,2.9859780531531466,7.465972538187141,35.614023319981115,23.950334664592493,1.0729861122394992,0.8890923982489601,7.465972538187141,11.90845161324155,38.97889373484973,7.0,35.614023319981115,23.950334664592493,1.7687822252746277,0.1288130737629881,1
2019-09-08,0.986939254797946,1.5832163455430326,30.12770386302287,23.68285981530756,0.7500376267900863,0.9378272069923832,1.5832163455430326,9.820052058551427,34.30412077404509,7.0,30.12770386302287,23.68285981530756,1.7687822252746277,0.1288130737629881,0
2019-09-09,3.601434336465731,3.432798854498613,27.13581753163349,23.026047399623987,1.1317500842409822,0.0536283903714491,3.432798854498613,12.481987738228788,29.09201605863511,7.0,27.13581753163349,23.026047399623987,1.7687822252746277,0.0536283903714491,0
2019-09-10,5.04658743641516,1.6722899833187106,33.30124766265904,25.24029756083093,0.8875244342814839,0.5009693018588683,1.6722899833187106,6.688305183360358,22.61716131197642,7.0,33.30124766265904,25.24029756083093,1.7687822252746277,0.0536283903714491,0
2019-09-11,3.738958312661376,0.718360974536481,33.84452419190892,20.0,1.2157419164056944,0.3749645490745292,0.718360974536481,5.823449812353807,19.31511777113839,7.0,33.84452419190892,20.0,1.7687822252746277,0.0536283903714491,0
2019-09-12,0.676756040855184,4.965287867379612,37.33596537961475,26.272941016734077,0.4061591629874268,0.6258583970701171,4.965287867379612,7.355938825234805,20.60878973828485,7.0,37.33596537961475,26.272941016734077,1.7687822252746277,0.0536283903714491,0
2019-09-13,1.9189191125604983,0.2793187986295818,33.97084133697284,22.17498445121193,1.994582905062592,0.7935911972023235,0.2793187986295818,5.962967640545676,20.11724536209318,7.0,33.97084133697284,22.17498445121193,1.994582905062592,0.0536283903714491,0
2019-09-14,4.020293379023947,6.904449639590402,34.48419822911714,24.815913819501297,0.9660005798540916,0.2805902159743689,6.904449639590402,12.149056305599595,19.55572246349644,7.0,34.48419822911714,24.815913819501297,1.994582905062592,0.0536283903714491,1
2019-09-15,1.6507966412574633,1.9105996627694828,31.213564568396283,24.71005123586986,0.8268151514732636,0.5567983843731716,1.9105996627694828,9.094368100989469,19.88310578072289,7.0,31.213564568396283,24.71005123586986,1.994582905062592,0.0536283903714491,0
2019-09-16,3.032583313775474,0.0006735103820133,39.324513026508406,26.54995476404164,1.4783777269692768,0.7087285799048996,0.0006735103820133,8.8157228127419,16.45098043660629,7.0,39.324513026508406,26.54995476404164,1.994582905062592,0.2805902159743689,1
2019-09-17,3.429560864115204,3.5782845640222263,30.80557396823459,24.39549827107614,0.8550189316915986,0.134431082835734,3.5782845640222263,5.489557737173724,18.356975017309807,7.0,30.80557396823459,24.39549827107614,1.994582905062592,0.134431082835734,0
2019-09-18,1.3876834341063005,0.2399249618062608,30.16423363576469,22.34178163873191,1.6998937490517638,0.8140669059512669,0.2399249618062608,3.818883036210503,17.878539004579586,7.0,30.16423363576469,22.34178163873191,1.994582905062592,0.134431082835734,0
2019-09-19,2.42856957272584,1.6159905495488984,37.42854475555582,20.790490024178062,1.0176873038487655,0.6061095998529731,1.6159905495488984,5.434200075377388,14.529241686748874,7.0,37.42854475555582,20.790490024178062,1.994582905062592,0.134431082835734,0
2019-09-20,0.0,6.137512127966616,27.57728816331377,23.30239369025405,1.495205143877783,0.9495374371136518,6.137512127966616,7.993427639321777,20.38743501608591,7.0,27.57728816331377,23.30239369025405,1.6998937490517638,0.134431082835734,0
2019-09-21,1.2707348303988522,0.3237040232941339,26.457774846416257,20.083649142233973,0.3934157895953958,0.3395289191306933,0.3237040232941339,8.07720670080965,13.806689399789638,7.0,26.457774846416257,20.083649142233973,1.6998937490517638,0.134431082835734,0
2019-09-22,2.196918218328208,9.142277821073932,32.35867077379545,22.74302858737849,1.7230145339992011,0.1081459423371986,9.142277821073932,15.603493972334684,21.038367558094087,7.0,32.35867077379545,22.74302858737849,1.7230145339992011,0.1081459423371986,0
2019-09-23,1.0026601816421807,0.0191361859819802,31.994790430172912,23.41473875933959,1.5242923762005978,0.5065012010369253,0.0191361859819802,9.485118030350048,21.05683023369405,7.0,31.994790430172912,23.41473875933959,1.7230145339992011,0.1081459423371986,0
2019-09-24,4.458893564717962,1.4172808654574776,31.31633605534801,22.62016804394215,0.5810902012315382,0.0858107717094388,1.4172808654574776,10.578694872513392,18.895826535129306,7.0,31.31633605534801,22.62016804394215,1.7230145339992011,0.0858107717094388,0
2019-09-25,0.7838303464472409,6.752784231555521,34.98178927136495,24.083547314729824,0.4615148175424159,0.9695265233240068,6.752784231555521,8.18920128299498,25.40868580487857,7.0,34.98178927136495,24.083547314729824,1.7230145339992011,0.0858107717094388,0
2019-09-26,1.97194661596362,1.9009619755987488,29.275381453134287,23.527791978161584,0.7693262277061239,0.0386849582571915,1.9009619755987488,10.071027072611749,25.69365723092842,7.0,29.275381453134287,23.527791978161584,1.7230145339992011,0.0386849582571915,0
2019-09-27,2.6568886927433097,0.5373269137189676,32.19250137687402,23.344626917342435,1.956927054857428,0.753503901107308,0.5373269137189676,9.191073120873238,20.093472016680767,7.0,32.19250137687402,23.344626917342435,1.956927054857428,0.0386849582571915,0
2019-09-28,4.2295279468793385,2.23326333782404,30.91968214208544,20.0,0.6622968342207056,0.525102398142244,2.23326333782404,4.671552227141758,22.003031331210675,7.0,30.91968214208544,20.0,1.956927054857428,0.0386849582571915,0
2019-09-29,0.7769654185846728,1.57624819244378,29.32634449967975,21.410589638628903,1.02102897610394,0.3686206524982887,1.57624819244378,4.3468384439867895,14.437001702580522,7.0,29.32634449967975,21.410589638628903,1.956927054857428,0.0386849582571915,0
2019-09-30,3.8957965025859513,9.248380685685143,31.81447974811795,25.285313463709752,0.2540364062912054,0.0658421645086546,9.248380685685143,13.057892215952968,23.666246202283688,7.0,31.81447974811795,25.285313463709752,1.956927054857428,0.0386849582571915,1
2019-10-01,2.5122796732235044,1.8796377264691988,34.55778740988531,25.60851254589489,0.9150095532192186,0.6221669241736077,1.8796377264691988,12.704266604598129,24.128603063295408,7.0,34.55778740988531,25.60851254589489,1.956927054857428,0.0386849582571915,0
2019-10-02,1.3221896187424589,7.777885788656754,38.3617043612915,20.32244656404201,1.228376027779585,0.5852203293909553,7.777885788656754,18.9059042008111,25.15370462039664,7.0,38.3617043612915,20.32244656404201,1.956927054857428,0.0386849582571915,1
2019-10-03,3.0545241691159246,11.122204538520142,33.73825694869691,22.37056363753174,1.915624302514337,0.2808832730675997,11.122204538520142,20.779728053646096,34.374947183318035,7.0,33.73825694869691,22.37056363753174,1.956927054857428,0.0658421645086546,1
2019-10-04,2.738871634688164,2.844193362716481,25.0,26.143930735198254,1.130124880892116,0.910221701410312,2.844193362716481,21.74428368989338,36.68181363231555,7.0,25.0,26.143930735198254,1.915624302514337,0.0658421645086546,1
2019-10-05,1.7797397474094463,12.036570365805982,31.88557974367505,22.5639223731897,1.674393187119838,0.3041100073428369,12.036570365805982,26.00296826704261,46.48512066029749,7.0,31.88557974367505,22.5639223731897,1.915624302514337,0.0658421645086546,2
2019-10-06,2.583762501988023,2.3685970527975804,32.1494083727085,23.777018425749777,1.1848297566240211,0.4497254105921061,2.3685970527975804,17.249360781320046,47.277469520651294,7.0,32.1494083727085,23.777018425749777,1.915624302514337,0.0658421645086546,1
2019-10-07,2.037623683765888,16.63208476084358,34.80862702873985,26.883610658031817,0.2734130241839326,0.5437624559186557,16.63208476084358,31.037252179447144,54.66117359580973,7.0,34.80862702873985,26.883610658031817,1.915624302514337,0.2808832730675997,2
2019-10-08,2.6362208143014976,0.4676512090618075,32.55443090746922,23.27684537711321,0.7670148953415934,0.1002318781762861,0.4676512090618075,19.468333022702968,53.249187078402336,7.0,32.55443090746922,23.27684537711321,1.915624302514337,0.1002318781762861,2
2019-10-09,3.294556809425256,5.808068223299942,35.75926675190623,22.990561179625768,1.2359891140959858,0.9321617192136324,5.808068223299942,22.907804193205333,51.27936951304552,7.0,35.75926675190623,22.990561179625768,1.915624302514337,0.1002318781762861,2
2019-10-10,4.403220179374422,3.404255841155766,33.17501184684581,23.68592661881474,1.911069138676024,0.3745361524510411,3.404255841155766,9.67997527351752,43.561420815681146,7.0,33.17501184684581,23.68592661881474,1.911069138676024,0.1002318781762861,1
2019-10-11,1.0146214014077812,2.4522465688125656,36.67639420849367,27.706821595799656,1.74643464755222,0.0807792138743436,2.4522465688125656,11.664570633268276,43.169474021777226,7.0,36.67639420849367,27.706821595799656,1.911069138676024,0.0807792138743436,1
2019-10-12,5.05964004958752,5.008043337026638,30.68376223985512,24.89240367257896,0.6110401055219258,0.3872911736753299,5.008043337026638,10.864545746994974,36.14094699299789,7.0,30.68376223985512,24.89240367257896,1.911069138676024,0.0807792138743436,0
2019-10-13,0.157494640572998,6.084565713175621,32.43303040189008,24.03816325555953,0.5961976940344944,0.6002025470925807,6.084565713175621,13.544855619014829,39.85691565337593,7.0,32.43303040189008,24.03816325555953,1.911069138676024,0.0807792138743436,1
2019-10-14,2.3178578859573,0.021864082458732,34.47992460616969,22.951280088636832,0.5621113408050213,0.5136526718213296,0.021864082458732,11.114473132660994,23.24669497499108,7.0,34.47992460616969,22.951280088636832,1.911069138676024,0.0807792138743436,0
2019-10-15,3.205980647781492,0.913326611856045,30.28341778911967,25.077633856362247,1.8604980133445057,0.694541974037274,0.913326611856045,7.019756407490401,23.69237037778532,7.0,30.28341778911967,25.077633856362247,1.911069138676024,0.0807792138743436,0
2019-10-16,2.83719024128204,6.242167656343332,29.62996159375677,25.3193995398616,1.734799075583097,0.0554839420679106,6.242167656343332,7.177358350658111,24.126469810828706,7.0,29.62996159375677,25.3193995398616,1.911069138676024,0.0554839420679106,0
2019-10-17,1.7527605762152874,5.488844425837361,30.111943700939943,21.85364298104906,1.5947901780553078,0.2845406102720561,5.488844425837361,12.64433869403674,26.2110583955103,7.0,30.111943700939943,21.85364298104906,1.8604980133445057,0.0554839420679106,0
2019-10-18,2.25025329957127,16.913964705202705,29.752353148733235,25.37325638389232,0.9069232056036096,0.8192305768401023,16.913964705202705,28.6449767873834,40.67277653190044,7.0,29.752353148733235,25.37325638389232,1.8604980133445057,0.0554839420679106,2
2019-10-19,1.9083988784094008,7.157249288783703,33.567685762625985,23.69769542675314,1.1078852677377802,0.0798936877913608,7.157249288783703,29.56005841982377,42.82198248365751,7.0,33.567685762625985,23.69769542675314,1.8604980133445057,0.0554839420679106,2
2019-10-20,1.7927622916669463,15.056535441884396,26.49557591109633,24.04959726925721,1.0357971406312751,0.8554859546959576,15.056535441884396,39.12774943587081,51.79395221236628,7.0,26.49557591109633,24.04959726925721,1.8604980133445057,0.0554839420679106,2
2019-10-21,3.519522516425229,6.062386014385437,27.33208992104628,22.231421994023364,0.6561165936068708,0.0918960920771062,6.062386014385437,28.27617074505354,57.83447414429298,7.0,27.33208992104628,22.231421994023364,1.8604980133445057,0.0554839420679106,2
2019-10-22,2.9284185831580567,1.7694812450163242,37.58823947707179,23.20003594434218,1.1090504830677803,0.8344542148916962,1.7694812450163242,22.88840270128616,58.69062877745326,7.0,37.58823947707179,23.20003594434218,1.734799075583097,0.0554839420679106,1
2019-10-23,1.668508485687215,0.5566968910601795,29.824709837077467,21.939715469554343,0.254893786134958,0.3607884010787267,0.5566968910601795,8.388564150461944,53.005158012170114,7.0,29.824709837077467,21.939715469554343,1.5947901780553078,0.0798936877913608,1
2019-10-24,3.579519850519901,7.612262880572404,32.60004455351525,21.8435636597674,0.4372586722954265,0.6122090632572158,7.612262880572404,9.93844101664891,55.12857646690515,7.0,32.60004455351525,21.8435636597674,1.1090504830677803,0.0798936877913608,1
2019-10-25,2.8687594250519317,5.166218987260125,27.53256074630261,24.75418044085356,1.7958612731041037,0.1528871156479981,5.166218987260125,13.335178758892711,43.38083074896257,7.0,27.53256074630261,24.75418044085356,1.7958612731041037,0.0798936877913608,1
2019-10-26,3.4754345426067523,0.2469282722577099,32.28237280336783,23.289766869113784,1.5530235806565618,0.0661687217251808,0.2469282722577099,13.025410140090242,36.47050973243658,7.0,32.28237280336783,23.289766869113784,1.7958612731041037,0.0661687217251808,0
2019-10-27,3.2555546103083346,2.231829793538785,29.842979996955787,21.400724660275166,0.9611631363063567,0.215938204020135,2.231829793538785,7.644977053056624,23.64580408409097,7.0,29.842979996955787,21.400724660275166,1.7958612731041037,0.0661687217251808,0
2019-10-28,1.5052059868935133,15.709552562720573,27.31073150551876,28.35410529497675,1.130870652110979,0.1278538179086955,15.709552562720573,18.188310628517076,33.292970632426105,7.0,27.31073150551876,28.35410529497675,1.7958612731041037,0.0661687217251808,1
2019-10-29,1.8277827517636367,3.4697489699417523,36.01076131269414,21.750689921368128,0.8659979947279595,0.3124058976796318,3.4697489699417523,21.411131326201115,34.99323835735154,7.0,36.01076131269414,21.750689921368128,1.7958612731041037,0.0661687217251808,1
2019-10-30,3.3967523261479142,2.834591875362745,35.54769718118261,26.184205922038668,1.5334037608892104,0.5143832465110202,2.834591875362745,22.013893408025076,37.2711333416541,7.0,35.54769718118261,26.184205922038668,1.7958612731041037,0.0661687217251808,1
2019-10-31,3.232444318520158,3.0596759852499944,31.677935627857952,21.0470727167564,1.6115369226177432,0.5887594635650095,3.0596759852499944,9.364016830554494,32.71854644633169,7.0,31.677935627857952,21.0470727167564,1.7958612731041037,0.0661687217251808,0
2019-11-01,2.4749180872430223,1.1715452962629789,34.99825709803373,24.913004670335592,1.5739133423656864,0.7898681073797429,1.1715452962629789,7.06581315687572,28.723872755334547,7.0,34.99825709803373,24.913004670335592,1.6115369226177432,0.0661687217251808,0
2019-11-02,2.6407928599705386,2.2999272627958507,37.70987806318148,23.498879262762618,1.5007011047020091,0.6562398932483586,2.2999272627958507,6.5311485443088255,30.77687174587269,7.0,37.70987806318148,23.498879262762618,1.6115369226177432,0.1278538179086955,0
2019-11-03,4.03319787494611,2.308695422260187,34.26222779947427,22.74188653728319,0.5681078096470324,0.608758325129553,2.308695422260187,5.7801679813190185,30.85373737459409,7.0,34.26222779947427,22.74188653728319,1.6115369226177432,0.1278538179086955,0
2019-11-04,1.7901143333970042,0.268876703680489,33.43903921852989,24.39348464753141,0.8083459626328617,0.4117820274857746,0.268876703680489,4.8774993887365286,15.413061515554006,7.0,33.43903921852989,24.39348464753141,1.6115369226177432,0.3124058976796318,0
2019-11-05,3.1565168574040454,7.295779858065249,32.596849089449925,24.124519712658664,1.045721782970615,0.4738084349601387,7.295779858065249,9.873351984005923,19.2390924036775,7.0,32.596849089449925,24.124519712658664,1.6115369226177432,0.4117820274857746,0
2019-11-06,2.257368817079328,2.693592113318849,33.94849209457772,22.37506963263591,0.7954273845697801,0.4145208293901811,2.693592113318849,10.25824867506459,19.09809264163361,7.0,33.94849209457772,22.37506963263591,1.6115369226177432,0.4117820274857746,0
2019-11-07,2.238782556127336,8.63491419891449,30.90824181953109,22.284522238426,1.5588923602849922,0.8421660300613831,8.63491419891449,18.62428617029859,24.6733308552981,7.0,30.90824181953109,22.284522238426,1.5739133423656864,0.4117820274857746,0
2019-11-08,3.818532222384628,9.497213438694288,31.17009239251566,20.8521715760112,0.7928363436499184,0.2300004525483998,9.497213438694288,20.82571975092763,32.99899899772941,7.0,31.17009239251566,20.8521715760112,1.5588923602849922,0.2300004525483998,1
2019-11-09,3.490499618785636,1.1912482217703124,33.35267412563754,24.611128768714103,0.4488177562136068,0.0057209315419646,1.1912482217703124,19.32337585937909,31.890319956703877,7.0,33.35267412563754,24.611128768714103,1.5588923602849922,0.0057209315419646,0
2019-11-10,3.476211563200766,5.355279617356548,30.57840538952141,21.492390345799983,0.9182728136869474,0.6513198972262393,5.355279617356548,16.043741277821148,34.93690415180023,7.0,30.57840538952141,21.492390345799983,1.5588923602849922,0.0057209315419646,0
2019-11-11,4.066574568585195,3.195964288803716,30.902600981619493,24.007949913034366,1.9638459790082845,0.2024621836388314,3.195964288803716,9.74249212793058,37.86399173692345,7.0,30.902600981619493,24.007949913034366,1.9638459790082845,0.0057209315419646,0
2019-11-12,2.525204609959311,10.6078526965118,32.00055999390492,25.184955968241432,0.6065865432804366,0.8901151363098093,10.6078526965118,19.159096602672065,41.176064575370006,7.0,32.00055999390492,25.184955968241432,1.9638459790082845,0.0057209315419646,1
2019-11-13,3.3183435655539566,1.2150777348314863,35.45182265177921,24.41611006364811,1.3018855860978122,0.8590463297066561,1.2150777348314863,15.018894720147005,39.697550196882645,7.0,35.45182265177921,24.41611006364811,1.9638459790082845,0.0057209315419646,1
2019-11-14,2.127679892087853,5.663118891917224,28.602008739321057,22.553737403965485,0.9793514897114716,0.0767273719282058,5.663118891917224,17.486049323260513,36.72575488988538,7.0,28.602008739321057,22.553737403965485,1.9638459790082845,0.0057209315419646,1
2019-11-15,2.8889996229861303,4.679306489215451,34.27753550811578,25.817624822699937,0.3278442217687879,0.1063884054140773,4.679306489215451,11.557503115964163,31.90784794040654,7.0,34.27753550811578,25.817624822699937,1.9638459790082845,0.0057209315419646,0
2019-11-16,2.3438283347587783,1.7499259769507949,34.37538923841041,23.18405704379749,1.0781778907965072,0.4951715922466663,1.7499259769507949,12.092351358083471,32.46652569558702,7.0,34.37538923841041,23.18405704379749,1.9638459790082845,0.0767273719282058,0
2019-11-17,2.6163951579912617,0.7343912124034377,34.35743602789043,21.331678481990014,1.4638957915669624,0.6092226627693547,0.7343912124034377,7.163623678569687,27.84563729063392,7.0,34.35743602789043,21.331678481990014,1.9638459790082845,0.0767273719282058,0
2019-11-18,3.2141884305242963,5.272590817927142,29.57976085937153,23.432544991093444,1.1237959564900737,0.2749083374822407,5.272590817927142,7.756908007281378,29.92226381975734,7.0,29.57976085937153,23.432544991093444,1.4638957915669624,0.0767273719282058,0
2019-11-19,1.518135180119833,6.7084687689273546,26.921955153467188,25.173594755969454,1.769790914743846,0.7167977166993706,6.7084687689273546,12.715450799257937,26.02287989217289,7.0,26.921955153467188,25.173594755969454,1.769790914743846,0.0767273719282058,0
2019-11-20,5.0108647308225525,1.896263453300884,33.679101417234264,22.651171371179743,0.7200866299836488,0.5949160209188715,1.896263453300884,13.877323040155384,26.704065610642296,7.0,33.679101417234264,22.651171371179743,1.769790914743846,0.0767273719282058,0
2019-11-21,1.2927791422003576,5.175830313402491,32.562616353241886,25.75636482994061,0.3552485083471368,0.3248241097485547,5.175830313402491,13.780562535630732,26.21677703212756,7.0,32.562616353241886,25.75636482994061,1.769790914743846,0.1063884054140773,0
2019-11-22,1.0429736646547214,2.5137161029068373,35.0131299042894,22.4593478695647,1.885818100984411,0.0253714880423155,2.5137161029068373,9.585809869610216,24.05118664581895,7.0,35.0131299042894,22.4593478695647,1.885818100984411,0.0253714880423155,0
2019-11-23,3.889733048200082,6.2449708541637525,29.898389515971385,22.731573612628942,0.8807534291507944,0.7501502812985177,6.2449708541637525,13.934517270473084,28.546231523031903,7.0,29.898389515971385,22.731573612628942,1.885818100984411,0.0253714880423155,0
2019-11-24,3.449995232755523,1.110815628530355,34.28035512876908,21.907841968293496,1.23752999261654,0.2147536658250827,1.110815628530355,9.869502585600948,28.922655939158822,7.0,34.28035512876908,21.907841968293496,1.885818100984411,0.0253714880423155,0
2019-11-25,3.2489437804625863,11.04615697636496,35.16323633665824,25.36741907381606,1.6256056270343526,0.8344737434626284,11.04615697636496,18.40194345905907,34.69622209759664,7.0,35.16323633665824,25.36741907381606,1.885818100984411,0.0253714880423155,1
2019-11-26,3.254014611117136,1.6942424636730935,31.71407083685195,23.8935148598216,0.783764594976045,0.4202902600542552,1.6942424636730935,13.85121506856841,29.68199579234238,7.0,31.71407083685195,23.8935148598216,1.885818100984411,0.0253714880423155,0
2019-11-27,2.4853038725837027,2.2926365759416947,33.25078850979445,22.04047610451205,1.4890961687197002,0.5770774426317654,2.2926365759416947,15.03303601597975,30.07836891498319,7.0,33.25078850979445,22.04047610451205,1.885818100984411,0.0253714880423155,0
2019-11-28,1.4232947542170022,0.2992381142185304,33.14589937257229,23.207579315437798,0.4437539296720905,0.8729487304090019,0.2992381142185304,4.286117153833322,25.20177671579923,7.0,33.14589937257229,23.207579315437798,1.885818100984411,0.0253714880423155,0
2019-11-29,2.590965469832472,0.5911718817835567,29.53559141291105,20.0,0.7243287449699096,0.8636230009199534,0.5911718817835567,3.1830465719437853,23.27923249467595,7.0,29.53559141291105,20.0,1.6256056270343526,0.2147536658250827,0
2019-11-30,1.687405946185466,3.6269254399420303,33.593289806853825,25.555944726933287,0.4604791450457358,0.3715195752435732,3.6269254399420303,4.517335435944121,20.661187080454223,7.0,33.593289806853825,25.555944726933287,1.6256056270343526,0.2147536658250827,0
2019-12-01,3.670143680101301,1.5570923361286229,36.86749502270304,23.658506721003384,1.660215005122444,0.2088888927148431,1.5570923361286229,5.775189657854213,21.10746378805249,7.0,36.86749502270304,23.658506721003384,1.660215005122444,0.2088888927148431,0
2019-12-02,2.3235311421974334,9.023622538735031,32.06661180362791,20.0,0.6007686234082137,0.7751460777285947,9.023622538735031,14.207640314805689,19.084929350422566,7.0,32.06661180362791,20.0,1.660215005122444,0.2088888927148431,0
2019-12-03,1.5094033638489863,0.0740120284722085,27.617225184045022,21.086637117351835,1.4913263997293784,0.4330802036021312,0.0740120284722085,10.654726903335868,17.46469891522168,7.0,27.617225184045022,21.086637117351835,1.660215005122444,0.2088888927148431,0
2019-12-04,2.114336990016408,2.382878278273536,29.93832040725797,23.156811874884795,1.8979371150421749,0.1920419935590041,2.382878278273536,11.480512845480778,17.554940617553523,7.0,29.93832040725797,23.156811874884795,1.8979371150421749,0.1920419935590041,0
2019-12-05,2.995517745130749,2.057508056708215,26.66171165344512,21.371658481790327,1.1499899763239787,0.9044253423171502,2.057508056708215,4.514398363453962,19.313210560043206,7.0,26.66171165344512,21.371658481790327,1.8979371150421749,0.1920419935590041,0
2019-12-06,1.8235305366352303,0.0975842583493855,35.8707833871382,25.58669864737212,1.172052546069238,0.1981041942410873,0.0975842583493855,4.537970593331139,18.81962293660904,7.0,35.8707833871382,25.58669864737212,1.8979371150421749,0.1920419935590041,0
2019-12-07,1.5133355253202825,0.6640491165229435,34.292315888984284,24.83714577198231,1.0298604225760617,0.025807168191231,0.6640491165229435,2.8191414315805474,15.85674661318995,7.0,34.292315888984284,24.83714577198231,1.8979371150421749,0.025807168191231,0
2019-12-08,2.792424653790295,2.669129527378727,30.495892184996546,24.71907188703574,0.786602258108557,0.0202799737674199,2.669129527378727,3.43076290225106,16.968783804440054,7.0,30.495892184996546,24.71907188703574,1.8979371150421749,0.0202799737674199,0
2019-12-09,2.7939598853304672,3.39488609616996,27.74582023409319,20.0,1.056179055664851,0.6223153564542643,3.39488609616996,6.728064740071634,11.340047361874982,7.0,27.74582023409319,20.0,1.8979371150421749,0.0202799737674199,0
2019-12-10,1.8916681895546443,2.5900044161986098,29.50011512527253,22.949083171586214,1.285053558080167,0.6616750607175304,2.5900044161986098,8.6540200397473,13.856039749601385,7.0,29.50011512527253,22.949083171586214,1.8979371150421749,0.0202799737674199,0
2019-12-11,1.9347540332580129,3.785098187566613,30.08516910290856,22.60476709878189,1.9747848299071868,0.3110417050569839,3.785098187566613,9.769988699935189,15.25825965889446,7.0,30.08516910290856,22.60476709878189,1.9747848299071868,0.0202799737674199,0
2019-12-12,2.778459924829164,4.520966939817584,32.32822279706018,22.091891091790824,1.887976206772804,0.3200109892470634,4.520966939817584,10.896069543582811,17.72171854200383,7.0,32.32822279706018,22.091891091790824,1.9747848299071868,0.0202799737674199,0
2019-12-13,0.762298790203211,0.0498669522907635,32.22727802959514,23.16964943767257,1.751875324927619,0.3394939150599427,0.0498669522907635,8.355932079674965,17.67400123594521,7.0,32.22727802959514,23.16964943767257,1.9747848299071868,0.0202799737674199,0
2019-12-14,0.8110434707481338,3.1189933498330946,36.024295926121106,21.747523585827874,1.800434964268745,0.6801585467588787,3.1189933498330946,7.689827241941446,20.12894546925536,7.0,36.024295926121106,21.747523585827874,1.9747848299071868,0.0202799737674199,0
2019-12-15,1.6378669344970769,16.55211110504819,29.921735426905872,24.43044146590044,1.0421285299256773,0.0581337910268285,16.55211110504819,19.72097140717205,34.011927046924825,7.0,29.921735426905872,24.43044146590044,1.9747848299071868,0.0581337910268285,2
2019-12-16,2.2438634179457835,3.659775607924128,27.47543643693821,25.533102708675543,1.3833997889194367,0.9291163526913256,3.659775607924128,23.330880062805416,34.27681655867899,7.0,27.47543643693821,25.533102708675543,1.9747848299071868,0.0581337910268285,1
2019-12-17,2.873089078717605,5.658916066119483,28.529064574573123,25.360767476847343,1.8111201012851852,0.2225210441774464,5.658916066119483,25.870802779091804,37.345728208599866,7.0,28.529064574573123,25.360767476847343,1.9747848299071868,0.0581337910268285,1
2019-12-18,4.270427460339462,1.8688428984494017,31.930925436660495,23.72417749657704,0.9073113769844356,0.9996732052420922,1.8688428984494017,11.187534572493016,35.429472919482656,7.0,31.930925436660495,23.72417749657704,1.887976206772804,0.0581337910268285,0
2019-12-19,3.529191547842423,7.435910653354988,29.813965799162627,27.998479392667004,1.931172461021844,0.1715226937871869,7.435910653354988,14.963669617923877,38.34441663302005,7.0,29.813965799162627,27.998479392667004,1.931172461021844,0.0581337910268285,1
2019-12-20,2.3080737640438875,7.412297132448399,31.123974363460924,26.27995022900102,0.9484149117245296,0.7715464573123775,7.412297132448399,16.717050684252794,45.70684681317769,7.0,31.123974363460924,26.27995022900102,1.931172461021844,0.0581337910268285,1
2019-12-21,2.477180550516773,3.683364631013783,30.637899259041667,23.796883592654897,1.281948797707788,0.223412544929625,3.683364631013783,18.531572416817173,46.271218094358375,7.0,30.637899259041667,23.796883592654897,1.931172461021844,0.0581337910268285,1
2019-12-22,1.2969647624346294,18.651387922679223,34.97071536111555,23.035455579596967,1.4776484838902697,0.0808468016432539,18.651387922679223,29.74704968614141,48.37049491198941,7.0,34.97071536111555,23.035455579596967,1.931172461021844,0.0808468016432539,2
2019-12-23,2.477784236809132,0.6708020364218745,30.239102938723036,26.67605432556384,1.911065623536689,0.8749333243506489,0.6708020364218745,23.005554590114883,45.38152134048716,7.0,30.239102938723036,26.67605432556384,1.931172461021844,0.0808468016432539,1
2019-12-24,2.153609633295834,0.085464600292336,30.86797376915657,26.015161365525465,0.6403092932940789,0.8587512591908919,0.085464600292336,19.40765455939344,39.80806987466001,7.0,30.86797376915657,26.015161365525465,1.931172461021844,0.0808468016432539,1
2019-12-25,2.8872622724057075,7.351820419798914,34.15185074347633,21.179145592351546,1.5430357608295562,0.4035703924496013,7.351820419798914,8.108087056513128,45.291047396009525,7.0,34.15185074347633,21.179145592351546,1.931172461021844,0.0808468016432539,1
2019-12-26,1.5073228677372126,8.22935654032973,30.30505426690377,26.17164263845749,1.137468055059348,0.7023961425404268,8.22935654032973,15.666641560420985,46.08449328298427,7.0,30.30505426690377,26.17164263845749,1.911065623536689,0.0808468016432539,1
2019-12-27,3.123215817089407,0.6403444343923532,33.269637123371055,23.691252930552142,0.6834028531171539,0.5570659326839171,0.6403444343923532,16.221521394520998,39.31254058492822,7.0,33.269637123371055,23.691252930552142,1.911065623536689,0.0808468016432539,0
2019-12-28,4.339286695603093,1.5433903217401743,32.994455786065274,22.27817693881328,1.597892311633503,0.8529561136737488,1.5433903217401743,10.413091296462262,37.17256627565461,7.0,32.994455786065274,22.27817693881328,1.911065623536689,0.0808468016432539,0
2019-12-29,2.369487821851771,0.088541163532325,32.42529757688324,20.041588281518678,1.1940001043129238,0.3150559693186544,0.088541163532325,2.2722759196648545,18.609719516507717,7.0,32.42529757688324,20.041588281518678,1.911065623536689,0.3150559693186544,0
2019-12-30,2.98205406651873,1.735806079258283,28.59681085188053,23.4621676106044,1.3897528771694163,0.5236723999989852,1.735806079258283,3.367737564530784,19.674723559344123,7.0,28.59681085188053,23.4621676106044,1.597892311633503,0.3150559693186544,0
2019-12-31,3.328172790053335,7.41715226064056,35.68932267356581,23.97554482956015,0.7812219234402218,0.4853723712045504,7.41715226064056,9.24149950343117,27.006411219692342,7.0,35.68932267356581,23.97554482956015,1.597892311633503,0.3150559693186544,0
2020-01-01,2.0185354337369965,3.64864637786035,38.662051389749344,27.174655308220437,1.0662931132896891,0.3539058262568587,3.64864637786035,12.801604717759195,23.303237177753783,7.0,38.662051389749344,27.174655308220437,1.597892311633503,0.3150559693186544,1
2020-01-02,2.7689109781725003,2.139286715466708,32.026484414802184,25.91446761549737,1.3112376517785207,0.8914550645563722,2.139286715466708,13.205085353967618,17.21316735289076,7.0,32.026484414802184,25.91446761549737,1.597892311633503,0.3150559693186544,0
2020-01-03,2.515110880938154,2.3240003157968268,28.860935379888875,22.83422655724793,0.9288394656857192,0.1658779246625354,2.3240003157968268,8.111933409123885,18.896823234295237,7.0,28.860935379888875,22.83422655724793,1.597892311633503,0.1658779246625354,0
2020-01-04,2.617211318258598,0.006772713471739,32.08730812497507,24.778684788439477,0.5570705717258624,0.1495086395206961,0.006772713471739,4.470059744735275,17.3602056260268,7.0,32.08730812497507,24.778684788439477,1.3897528771694163,0.1495086395206961,0
2020-01-05,1.5723882593734402,1.7819501195560352,34.969580421758,25.652498845345647,1.9309528861675471,0.5769095353227514,1.7819501195560352,4.112723148824603,19.05361458205051,7.0,34.969580421758,25.652498845345647,1.9309528861675471,0.1495086395206961,0
2020-01-06,2.529412209110731,5.198775432802587,30.15443697285318,24.17191477603443,1.1206415720767111,0.657494229984942,5.198775432802587,6.987498265830363,22.516583935594817,7.0,30.15443697285318,24.17191477603443,1.9309528861675471,0.1495086395206961,0
2020-01-07,3.09759794949454,18.285827271425894,31.61330244764543,22.82569168193759,1.5210566665178609,0.1946192543245651,18.285827271425894,25.26655282378452,33.38525894638015,7.0,31.61330244764543,22.82569168193759,1.9309528861675471,0.1495086395206961,1
2020-01-08,4.24137232935405,9.388574993123456,33.02196240923642,22.93565508751311,0.9398849484009046,0.3907174422546241,9.388574993123456,32.87317769735194,39.12518756164326,7.0,33.02196240923642,22.93565508751311,1.9309528861675471,0.1495086395206961,2
2020-01-09,3.651124991302248,0.1193889170775825,35.609143556617774,24.770946140913903,0.8392371752462895,0.9465638429787436,0.1193889170775825,27.79379118162694,37.10528976325413,7.0,35.609143556617774,24.770946140913903,1.9309528861675471,0.1495086395206961,1
2020-01-10,5.083818949013867,11.441468746111294,34.32627119926812,24.825961131050093,0.9328957372408252,0.246617422690674,11.441468746111294,20.94943265631233,46.2227581935686,7.0,34.32627119926812,24.825961131050093,1.9309528861675471,0.1495086395206961,2
2020-01-11,1.5791829245343405,7.643863453550762,34.45060390859679,23.41409076847291,0.9365539588141696,0.6683607021173941,7.643863453550762,19.20472111673964,53.85984893364762,7.0,34.45060390859679,23.41409076847291,1.9309528861675471,0.1946192543245651,2
2020-01-12,3.546784764064814,7.579194241744998,30.721194329970725,20.0,1.1795242086955164,0.7401493936975908,7.579194241744998,26.66452644140705,59.65709305583658,7.0,30.721194329970725,20.0,1.5210566665178609,0.1946192543245651,2
2020-01-13,2.720010406886022,3.0624072642822298,33.20575686552177,21.41895454541742,1.1782457659664538,0.4481286994651595,3.0624072642822298,18.28546495957799,57.52072488731622,7.0,33.20575686552177,21.41895454541742,1.5210566665178609,0.1946192543245651,1
2020-01-14,5.127763519861206,2.5375331299759782,29.834110018624614,25.239377843224226,1.094876868589169,0.937525986759583,2.5375331299759782,13.179134636003209,41.7724307458663,7.0,29.834110018624614,25.239377843224226,1.1795242086955164,0.246617422690674,1
2020-01-15,1.5300420575738185,1.804244849911565,34.53657829965563,20.0,0.4426144128513886,0.7366567352187905,1.804244849911565,7.404185244169773,34.188100602654416,7.0,34.53657829965563,20.0,1.1795242086955164,0.246617422690674,0
2020-01-16,1.4923337893830688,0.3397609531713543,35.453658922356844,26.36836203273443,1.092935861300956,0.4579245798608978,0.3397609531713543,4.681538933058898,34.40847263874819,7.0,35.453658922356844,26.36836203273443,1.1795242086955164,0.246617422690674,0
2020-01-17,1.7807288254671736,1.2953782521651376,33.66009070631787,26.072314522277008,0.5043870207571727,0.569335201776094,1.2953782521651376,3.439384055248057,24.26238214480203,7.0,33.66009070631787,26.072314522277008,1.1795242086955164,0.4481286994651595,0
2020-01-18,0.0,1.4158190425046666,30.897768239615555,24.082192763866413,0.4270444153323773,0.6926134434251007,1.4158190425046666,3.0509582478411588,18.034337733755933,7.0,30.897768239615555,24.082192763866413,1.1795242086955164,0.4481286994651595,0
2020-01-19,1.8690939739830867,3.308989422796835,31.38881861587521,25.195862068457217,1.878762291214102,0.5921901804292182,3.308989422796835,6.020186717466639,13.764132914807773,7.0,31.38881861587521,25.195862068457217,1.878762291214102,0.4481286994651595,0
2020-01-20,1.5890408061355623,6.880619413033578,37.41954863198603,25.05754935671777,1.2889100236658677,0.8786975838260759,6.880619413033578,11.60542787833508,17.582345063559117,7.0,37.41954863198603,25.05754935671777,1.878762291214102,0.4579245798608978,1
2020-01-21,2.680472543771449,3.2104629430782743,30.947868666129512,23.766253743267573,1.3870821046242516,0.3568886622804011,3.2104629430782743,13.400071778908687,18.255274876661414,7.0,30.947868666129512,23.766253743267573,1.878762291214102,0.3568886622804011,0
2020-01-22,2.910107170932591,0.2979244503124204,35.149982502351705,21.25222176482286,0.9232286066000548,0.2998857400558049,0.2979244503124204,10.389006806424272,16.74895447706227,7.0,35.149982502351705,21.25222176482286,1.878762291214102,0.2998857400558049,0
2020-01-23,4.751405007059063,15.825467021983783,33.016674794655565,25.93454595012337,1.8361656054467557,0.2138388894952643,15.825467021983783,19.33385441537448,32.234660545874696,7.0,33.016674794655565,25.93454595012337,1.878762291214102,0.2138388894952643,1
2020-01-24,3.640508605823261,14.29939581176022,30.99759065462047,26.81446002276727,1.3482748812433978,0.0377829680645951,14.29939581176022,30.422787284056422,45.23867810546978,7.0,30.99759065462047,26.81446002276727,1.878762291214102,0.0377829680645951,2
2020-01-25,1.8077156132051164,7.689996178639589,27.966052917591725,21.582818951515318,1.5845057651424574,0.0430139643800553,7.689996178639589,37.81485901238359,51.512855241604704,7.0,27.966052917591725,21.582818951515318,1.878762291214102,0.0377829680645951,2
2020-01-26,1.4219023943819704,23.738222416799715,32.63480114176552,21.1774899896606,0.863412444249885,0.8700551931092828,23.738222416799715,45.727614407199525,71.94208823560759,7.0,32.63480114176552,21.1774899896606,1.8361656054467557,0.0377829680645951,2
2020-01-27,3.0903030058078067,3.931603883231449,32.273302599818365,23.72640619048532,1.928021385474426,0.6783931464059073,3.931603883231449,35.35982247867075,68.99307270580545,7.0,32.273302599818365,23.72640619048532,1.928021385474426,0.0377829680645951,2
2020-01-28,0.9157201515752292,16.4529803989145,37.419604014378,22.7475508087271,1.676830322284967,0.6605324154364861,16.4529803989145,44.12280669894567,82.23559016164168,7.0,37.419604014378,22.7475508087271,1.928021385474426,0.0377829680645951,2
2020-01-29,4.697750519025224,0.3930792672458491,29.419421913732503,24.28989848041092,1.7371072334261786,0.614642818934886,0.3930792672458491,20.7776635493918,82.33074497857511,7.0,29.419421913732503,24.28989848041092,1.928021385474426,0.0377829680645951,2
2020-01-30,3.915328144865544,2.276014498231384,38.88430577464335,26.415988079720773,0.5099496813663578,0.8492191446941049,2.276014498231384,19.122074164391734,68.7812924548227,7.0,38.88430577464335,26.415988079720773,1.928021385474426,0.0377829680645951,2
2020-01-31,1.9369892174743544,1.2769216469929554,33.13643158848978,20.0,0.6877337741681951,0.4802669256656274,1.2769216469929554,3.9460154124701887,55.75881829005544,7.0,33.13643158848978,20.0,1.928021385474426,0.0430139643800553,1
2020-02-01,0.4442385650909473,1.089742122761541,33.13348766366647,27.16254390323831,0.7141278794304387,0.8704108285583003,1.089742122761541,4.642678267985881,49.1585642341774,7.0,33.13348766366647,27.16254390323831,1.928021385474426,0.4802669256656274,1
2020-02-02,4.124646848998495,0.758784936855425,30.22078359670331,23.18666311624616,0.6876366018443681,0.3594450261822391,0.758784936855425,3.125448706609921,26.17912675423311,7.0,30.22078359670331,23.18666311624616,1.928021385474426,0.3594450261822391,0
2020-02-03,2.3625521856968588,4.8697798619599055,32.94411892266341,25.023557957300987,1.7397346917877183,0.9267075043390904,4.8697798619599055,6.718306921576872,27.11730273296157,7.0,32.94411892266341,25.023557957300987,1.7397346917877183,0.3594450261822391,0
2020-02-04,3.985379574368154,7.600771455615799,33.41915278469964,25.23745167620893,0.2573926313754658,0.6986569800812401,7.600771455615799,13.22933625443113,18.265093789662863,7.0,33.41915278469964,25.23745167620893,1.7397346917877183,0.3594450261822391,1
2020-02-05,0.5866868094467597,4.3172866134791335,34.81198187546263,25.47068230839559,0.3369799801653937,0.2571771360244272,4.3172866134791335,16.78783793105484,22.189301135896148,7.0,34.81198187546263,25.47068230839559,1.7397346917877183,0.2571771360244272,0
2020-02-06,1.7807499724554727,0.7947600783391258,29.06503337722417,24.123816208059992,0.6930467671338267,0.5640849216886251,0.7947600783391258,12.712818147434058,20.70804671600389,7.0,29.06503337722417,24.123816208059992,1.7397346917877183,0.2571771360244272,0
2020-02-07,2.50629243966182,8.333316729073271,36.22034256736411,24.59112120357349,0.5597713543689986,0.5330305614882556,8.333316729073271,13.44536342089153,27.764441798084206,7.0,36.22034256736411,24.59112120357349,1.7397346917877183,0.2571771360244272,1
2020-02-08,2.5563767125176904,5.052384941086984,33.08424657131594,24.578044101210807,0.6173473049891272,0.1378988217303339,5.052384941086984,14.18046174849938,31.72708461640965,7.0,33.08424657131594,24.578044101210807,1.7397346917877183,0.1378988217303339,0
2020-02-09,1.959921434224908,2.4564689738889043,33.82468668592194,22.739434398441105,1.63629774065594,0.5912429057506141,2.4564689738889043,15.84217064404916,33.424768653443124,7.0,33.82468668592194,22.739434398441105,1.7397346917877183,0.1378988217303339,0
2020-02-10,3.2474199188169983,5.60628828533534,31.33717321548572,20.483889617125605,1.2136278690056843,0.3147856237169579,5.60628828533534,13.11514220031123,34.161277076818564,7.0,31.33717321548572,20.483889617125605,1.63629774065594,0.1378988217303339,1
2020-02-11,1.2188554847408868,1.5048834729935856,29.215572085162847,21.56162834446961,0.2103871903273424,0.0523487668096024,1.5048834729935856,9.56764073221783,28.065389094196348,7.0,29.215572085162847,21.56162834446961,1.63629774065594,0.0523487668096024,0
2020-02-12,2.329144617974448,2.117067672469814,32.21817388220986,23.79152404100393,0.9727809782675514,0.9486561577065648,2.117067672469814,9.22823943079874,25.86517015318703,7.0,32.21817388220986,23.79152404100393,1.63629774065594,0.0523487668096024,0
2020-02-13,2.6443547580542788,12.473927009813524,32.561886649469656,22.42638668620723,0.9341928683306462,0.6414903690642878,12.473927009813524,16.09587815527692,37.54433708466142,7.0,32.561886649469656,22.42638668620723,1.63629774065594,0.0523487668096024,1
2020-02-14,3.117326600870499,1.71600566445232,27.84371519565653,22.43100785522093,0.4051014850001784,0.876918931870847,1.71600566445232,16.30700034673566,30.92702602004048,7.0,27.84371519565653,22.43100785522093,1.63629774065594,0.0523487668096024,0
2020-02-15,3.353937853706668,3.174280685649471,34.37985621549537,27.598502091372392,1.417055219482623,0.6760560050132531,3.174280685649471,17.36421335991531,29.04892176460297,7.0,34.37985621549537,27.598502091372392,1.63629774065594,0.0523487668096024,0
2020-02-16,1.150429489794557,11.042794021308753,34.989573901689745,25.717789593319747,1.463774939083084,0.3569836921401129,11.042794021308753,15.933080371410544,37.635246812022814,7.0,34.989573901689745,25.717789593319747,1.463774939083084,0.0523487668096024,1
2020-02-17,0.6590629951172533,6.150238259218661,29.81100612853662,23.49584806818005,1.4976077942937758,0.5126880723288114,6.150238259218661,20.367312966176883,38.17919678590613,7.0,29.81100612853662,23.49584806818005,1.4976077942937758,0.0523487668096024,1
2020-02-18,4.033212186278211,0.3211100623703637,28.932243949183725,25.344069891310884,1.5112477020054658,0.6757467603471771,0.3211100623703637,17.514142342897777,36.9954233752829,7.0,28.932243949183725,25.344069891310884,1.5112477020054658,0.3569836921401129,1
2020-02-19,2.89877681437551,0.7967553170232788,31.0911158693771,23.1594627888182,0.2000950884781342,0.9602523252014376,0.7967553170232788,7.268103638612303,35.67511101983638,7.0,31.0911158693771,23.1594627888182,1.5112477020054658,0.3569836921401129,0
2020-02-20,1.6018161561321356,0.039362488619868,32.0716852909589,24.221446868372997,1.9170574469241,0.2536694591216965,0.039362488619868,1.1572278680135106,23.24054649864272,7.0,32.0716852909589,24.221446868372997,1.9170574469241,0.2536694591216965,0
2020-02-21,4.361382370627028,4.983733534007458,31.207486970254,24.883257296837836,1.6655757806983935,0.8749770586241177,4.983733534007458,5.819851339650604,26.508274368197853,7.0,31.207486970254,24.883257296837836,1.9170574469241,0.2536694591216965,0
2020-02-22,2.6388095611514304,2.9680789350511687,31.81724650168765,23.164788064456243,1.8271670538607132,0.9240778052942694,2.9680789350511687,7.991174957678494,26.302072617599556,7.0,31.81724650168765,23.164788064456243,1.9170574469241,0.2536694591216965,0
2020-02-23,3.915156620876592,0.7209390029505175,32.664433093027746,22.629498904925807,0.2281579315533814,0.6704155146589565,0.7209390029505175,8.672751472009145,15.98021759924132,7.0,32.664433093027746,22.629498904925807,1.9170574469241,0.2536694591216965,0
2020-02-24,2.5810221776921307,15.842591716576113,27.895193183823118,26.447863636937008,1.8809458324143309,0.9312666274013378,15.842591716576113,19.5316096545778,25.67257105659877,7.0,27.895193183823118,26.447863636937008,1.9170574469241,0.2536694591216965,1
2020-02-25,4.9728975098583845,3.771494273142313,28.240113118090207,25.22822593439621,1.6576193516385884,0.3978785874773685,3.771494273142313,20.335024992668945,29.12295526737072,7.0,28.240113118090207,25.22822593439621,1.9170574469241,0.2536694591216965,1
2020-02-26,4.606409010931845,1.3846556515460238,25.0,20.0,1.7069944573256577,0.9530161760404428,1.3846556515460238,20.99874164126445,29.710855601893464,7.0,25.0,20.0,1.9170574469241,0.2536694591216965,1
2020-02-27,2.201243021825112,3.4717752602625778,34.82763568536041,22.66372813993678,0.3679172924995433,0.7027828771659749,3.4717752602625778,8.627925184950914,33.14326837353617,7.0,34.82763568536041,22.66372813993678,1.8809458324143309,0.3978785874773685,1
2020-02-28,3.6658851411452265,5.691242631366281,32.04568106185235,22.43745500061121,1.5298004520534758,0.0420057674188119,5.691242631366281,10.547673543174882,33.850777470895,7.0,32.04568106185235,22.43745500061121,1.8809458324143309,0.0420057674188119,0
2020-02-29,3.274451139502177,0.396510673850254,35.14355339439547,22.757723822375205,1.927850041355764,0.9068728318190528,0.396510673850254,9.559528565479113,31.27920920969408,7.0,35.14355339439547,22.757723822375205,1.927850041355764,0.0420057674188119,0
2020-03-01,4.142357869038818,1.6058758829254645,28.586786012565824,25.72480457751779,1.421385214552689,0.4844728090331925,1.6058758829254645,7.693629188141999,32.16414608966903,7.0,28.586786012565824,25.72480457751779,1.927850041355764,0.0420057674188119,0
2020-03-02,1.3420918473038748,8.22443151175426,32.07322201859949,24.038411936007385,1.2270105283242916,0.4603269847778328,8.22443151175426,10.226818068529978,24.545985884847177,7.0,32.07322201859949,24.038411936007385,1.927850041355764,0.0420057674188119,0
2020-03-03,3.323261751998128,3.0778286077867363,32.644479518349804,21.22074065828891,1.9021334199481943,0.5664666059796343,3.0778286077867363,12.90813600246646,23.8523202194916,7.0,32.644479518349804,21.22074065828891,1.927850041355764,0.0420057674188119,0
2020-03-04,3.770109384219505,3.9546506380290176,30.314652515509955,23.23357032608277,0.9972868191219848,0.1493845467712279,3.9546506380290176,15.256910757570012,26.422315205974595,7.0,30.314652515509955,23.23357032608277,1.927850041355764,0.0420057674188119,0
2020-03-05,0.3895126162922628,2.835357584011557,27.339716604599623,25.08347529523238,1.2787284193588615,0.4691660485673986,2.835357584011557,9.867836829827311,25.785897529723574,7.0,27.339716604599623,25.08347529523238,1.927850041355764,0.0420057674188119,0
2020-03-06,1.08008978480107,0.2244635445007851,37.23761400840547,23.560709968932493,1.057408928289859,0.8311272167177457,0.2244635445007851,7.014471766541359,20.31911844285808,7.0,37.23761400840547,23.560709968932493,1.927850041355764,0.1493845467712279,0
2020-03-07,0.0529213866878794,0.9061094871259684,36.19785002381016,22.710648097673012,1.8791231984485384,0.0154824591375153,0.9061094871259684,3.9659306156383103,20.828717256133796,7.0,36.19785002381016,22.710648097673012,1.9021334199481943,0.0154824591375153,0
2020-03-08,2.1767117986665308,2.94881783711138,30.854203184823906,24.662438557477056,0.3369525081779131,0.2729171603243713,2.94881783711138,4.079390868738134,22.171659210319707,7.0,30.854203184823906,24.662438557477056,1.9021334199481943,0.0154824591375153,0
2020-03-09,3.3610507069551545,1.17345904124512,33.53068293550882,27.236384978878156,1.1020154614856268,0.0024545864438442,1.17345904124512,5.0283863654824685,15.120686739810568,7.0,33.53068293550882,27.236384978878156,1.9021334199481943,0.0024545864438442,0
2020-03-10,4.302828462515233,0.2563560976806342,30.54562797092932,24.92284966591704,1.436514394493789,0.4157113091498483,0.2563560976806342,4.378632976037134,12.299214229704466,7.0,30.54562797092932,24.92284966591704,1.8791231984485384,0.0024545864438442,0
2020-03-11,2.5889137365037302,9.278280231937154,29.01378919092576,26.6018830260634,1.6254317691600264,0.7283155104937347,9.278280231937154,10.708095370862909,17.622843823612605,7.0,29.01378919092576,26.6018830260634,1.8791231984485384,0.0024545864438442,0
2020-03-12,4.45433865468555,19.8675055159762,37.48178451487104,22.844771564270197,1.2494335653994455,0.7987718291146285,19.8675055159762,29.402141845593988,34.65499175557724,7.0,37.48178451487104,22.844771564270197,1.8791231984485384,0.0024545864438442,2
2020-03-13,0.8438782501421305,7.878634682838712,27.033893355782595,23.98327577775188,1.8360519394186168,0.9451897611270066,7.878634682838712,37.02442043075207,42.30916289391517,7.0,27.033893355782595,23.98327577775188,1.8791231984485384,0.0024545864438442,2
2020-03-14,0.4559410727738147,9.613383011347391,31.143488909086656,23.94289603092864,1.895584604390969,0.6085046129707865,9.613383011347391,37.35952321016231,51.01643641813659,7.0,31.143488909086656,23.94289603092864,1.895584604390969,0.0024545864438442,2
2020-03-15,2.4333427613240577,1.3852086135460566,32.2529714817267,24.237358168135383,0.3157746017484503,0.2546268666528954,1.3852086135460566,18.87722630773216,49.45282719457128,7.0,32.2529714817267,24.237358168135383,1.895584604390969,0.0024545864438442,1
2020-03-16,2.9608785387271688,16.17337177429394,36.95370973606186,24.88103921276183,0.924266971174474,0.924147949136699,16.17337177429394,27.17196339918739,64.45273992762009,7.0,36.95370973606186,24.88103921276183,1.895584604390969,0.2546268666528954,2
2020-03-17,2.4607663022870883,1.096540234206891,34.68976596270805,22.162061757890445,0.242226239098078,0.7753157538803761,1.096540234206891,18.65512062204689,65.29292406414635,7.0,34.68976596270805,22.162061757890445,1.895584604390969,0.2546268666528954,1
2020-03-18,0.0190694799521482,15.123726591010255,26.983250676298045,25.29466537102696,0.7929499832739972,0.5744284830031445,15.123726591010255,32.39363859951109,71.13837042321944,7.0,26.983250676298045,25.29466537102696,1.895584604390969,0.2546268666528954,2
2020-03-19,2.3930559525846538,26.31406965994648,31.99174927689745,20.744228122089567,1.1663627923470838,0.695640215718936,26.31406965994648,42.53433648516363,77.58493456718972,7.0,31.99174927689745,20.744228122089567,1.895584604390969,0.2546268666528954,2
2020-03-20,0.934636599394176,6.219163908423409,32.06318059509308,21.328486674986635,1.839430874917908,0.9243163550074291,6.219163908423409,47.65696015938015,75.92546379277442,7.0,32.06318059509308,21.328486674986635,1.895584604390969,0.2546268666528954,2
2020-03-21,3.303607058596046,19.85454944713223,31.314984994101675,28.27125220234646,1.7237977804377251,0.7123940284729217,19.85454944713223,52.38778301550212,86.16663022855926,7.0,31.314984994101675,28.27125220234646,1.839430874917908,0.2546268666528954,2
2020-03-22,2.939917895316218,4.214501812797032,33.8594273225909,22.97975852104225,0.4294995080095743,0.368374507584734,4.214501812797032,30.288215168352675,88.99592342781024,7.0,33.8594273225909,22.97975852104225,1.839430874917908,0.368374507584734,2
2020-03-23,1.3721442564071735,1.5024303624615976,27.77267921673207,25.459038701972403,0.3674546745336122,0.7130282022890967,1.5024303624615976,25.571481622390863,74.3249820159779,7.0,27.77267921673207,25.459038701972403,1.839430874917908,0.368374507584734,2
2020-03-24,1.883359699195968,2.872341714964048,30.77409226238999,27.396580784853917,1.2606812097620006,0.0402781627353878,2.872341714964048,8.589273890222685,76.10078349673506,7.0,30.77409226238999,27.396580784853917,1.839430874917908,0.0402781627353878,1
2020-03-25,1.2289437737332582,4.501606318808089,33.436456244639224,20.0,1.1578123504258089,0.3864155618305812,4.501606318808089,8.876378396233742,65.47866322453288,7.0,33.436456244639224,20.0,1.839430874917908,0.0402781627353878,1
2020-03-26,2.4247850832721936,0.3794485110692194,34.03872705548192,26.252492360311415,0.679479754574043,0.4063230318455793,0.3794485110692194,7.7533965448413635,39.54404207565563,7.0,34.03872705548192,26.252492360311415,1.839430874917908,0.0402781627353878,0
2020-03-27,3.6461707846014857,4.868848016974755,32.448258420527594,25.297887212518543,1.8190155521969036,0.1668382344208346,4.868848016974755,9.74990284685207,38.19372618420698,7.0,32.448258420527594,25.297887212518543,1.8190155521969036,0.0402781627353878,0
2020-03-28,1.3171287443973476,19.86360103937694,31.1348233990991,27.28079456186608,1.8692595370307965,0.0230854805517701,19.86360103937694,25.11189756742092,38.20277777645169,7.0,31.1348233990991,27.28079456186608,1.8692595370307965,0.0230854805517701,1
2020-03-29,3.104855818621413,1.0542697055766683,31.640176179120584,21.636953676670743,0.9247005890122928,0.1333812366377428,1.0542697055766683,25.78671876192837,35.04254566923132,7.0,31.640176179120584,21.636953676670743,1.8692595370307965,0.0230854805517701,1
2020-03-30,1.863690857953071,7.865412180781225,34.22122136713171,26.902509313909224,1.8025446028043364,0.6546214957970551,7.865412180781225,28.78328292573484,41.40552748755096,7.0,34.22122136713171,26.902509313909224,1.8692595370307965,0.0230854805517701,2
2020-03-31,1.548552601285187,11.924336194756286,32.10170235237638,22.52117113679462,0.8911080096733508,0.8022888163636875,11.924336194756286,20.844018081114186,50.45752196734319,7.0,32.10170235237638,22.52117113679462,1.8692595370307965,0.0230854805517701,2
2020-04-01,2.3715635680545306,14.38544517946248,28.874457363678413,26.109555628553316,1.5262702972934603,0.9882034927269742,14.38544517946248,34.17519355499999,60.34136082799758,7.0,28.874457363678413,26.109555628553316,1.8692595370307965,0.0230854805517701,2
2020-04-02,1.257709213096751,16.111358472240994,28.29950724816529,23.92795792849112,1.0566959915859035,0.3463635031084943,16.111358472240994,42.421139846459766,76.07327078916936,7.0,28.29950724816529,23.92795792849112,1.8692595370307965,0.0230854805517701,2
2020-04-03,1.8356208335833812,3.685073610284772,27.53108773569167,25.54153761287028,0.4206496817129294,0.5993792222611017,3.685073610284772,34.18187726198825,74.88949638247938,7.0,27.53108773569167,25.54153761287028,1.8692595370307965,0.0230854805517701,2
2020-04-04,1.062546528893382,18.92869392429678,36.366742455468064,24.097738366610304,1.8702815622266389,0.937144966815122,18.92869392429678,38.72512600682255,73.95458926739921,7.0,36.366742455468064,24.097738366610304,1.8702815622266389,0.1333812366377428,2
2020-04-05,4.857670159499667,7.079856118620867,34.42238550683734,20.32119683162654,1.017373868079566,0.1670417813381526,7.079856118620867,29.693623653202422,79.98017568044341,7.0,34.42238550683734,20.32119683162654,1.8702815622266389,0.1670417813381526,2
2020-04-06,2.542316262366074,0.8817258724042814,31.68053635045836,20.0,1.5220766725803263,0.7176455863427427,0.8817258724042814,26.890275915321933,72.99648937206646,7.0,31.68053635045836,20.0,1.8702815622266389,0.1670417813381526,2
2020-04-07,1.6603293904088972,3.239914160691601,30.638622544507747,24.41983106796698,0.8609128659763259,0.7549787331491632,3.239914160691601,11.201496151716754,64.31206733800178,7.0,30.638622544507747,24.41983106796698,1.8702815622266389,0.1670417813381526,1
2020-04-08,2.756775892881066,6.33511639460626,30.278209976097926,23.472529924737305,0.2339855814372224,0.0889755358693383,6.33511639460626,10.456756427702146,56.26173855314556,7.0,30.278209976097926,23.472529924737305,1.8702815622266389,0.0889755358693383,1
2020-04-09,2.3652063403710044,1.4207104998989797,35.27971132274663,24.796441902840588,0.3809546456453047,0.861249385183065,1.4207104998989797,10.995741055196843,41.57109058080355,7.0,35.27971132274663,24.796441902840588,1.8702815622266389,0.0889755358693383,1
2020-04-10,2.2348364805601326,5.116807762306764,37.71330052452422,23.49569306831285,1.093195063081864,0.8131050471108439,5.116807762306764,12.872634656812007,43.00282473282554,7.0,37.71330052452422,23.49569306831285,1.8702815622266389,0.0889755358693383,1
2020-04-11,3.23700004005211,5.492068727594814,30.183821228217383,28.03615476543564,1.4419358428274522,0.0334030065774344,5.492068727594814,12.029586989800562,29.566199536123577,7.0,30.183821228217383,28.03615476543564,1.5220766725803263,0.0334030065774344,0
2020-04-12,3.409009252056766,0.887862718992548,35.41524656196713,24.46107425565661,0.8025235878427024,0.0910844148800514,0.887862718992548,11.49673920889413,23.374206136495257,7.0,35.41524656196713,24.46107425565661,1.5220766725803263,0.0334030065774344,0
2020-04-13,1.8633986228673671,4.16302693854329,32.084038746076665,23.10610454483467,1.4518792265197706,0.0491268938918523,4.16302693854329,10.542958385130657,26.655507202634265,7.0,32.084038746076665,23.10610454483467,1.4518792265197706,0.0334030065774344,0
2020-04-14,1.809018111226384,7.38387316020698,31.3627132102686,24.67472613269373,1.4575440609775208,0.3347435317993622,7.38387316020698,12.434762817742822,30.79946620214964,7.0,31.3627132102686,24.67472613269373,1.4575440609775208,0.0334030065774344,0
2020-04-15,2.169937963418027,3.45470472579968,36.51264284848977,23.14265040623739,1.4670846331900955,0.5092889906799262,3.45470472579968,15.001604824549954,27.91905453334306,7.0,36.51264284848977,23.14265040623739,1.4670846331900955,0.0334030065774344,0
2020-04-16,0.0,0.0608847794385016,31.96950283777167,24.185860468227972,1.0865393372369152,0.5323477279546288,0.0608847794385016,10.899462665445164,26.559228812882584,7.0,31.96950283777167,24.185860468227972,1.4670846331900955,0.0334030065774344,0
2020-04-17,0.6817707253617373,0.0453978192545214,32.88909331776391,21.56503962552833,1.8467950702187077,0.2676667597694426,0.0453978192545214,3.5609873244927064,21.487818869830345,7.0,32.88909331776391,21.56503962552833,1.8467950702187077,0.0334030065774344,0
2020-04-18,4.140249120933429,2.208280959100533,32.744821798734336,23.98282959628079,1.080553732365108,0.9115968865602742,2.208280959100533,2.31456355779356,18.20403110133606,7.0,32.744821798734336,23.98282959628079,1.8467950702187077,0.0491268938918523,0
2020-04-19,4.47396125620154,13.03158088526201,27.123201900021645,23.04429520792965,1.0104773482939489,0.3682627898719132,13.03158088526201,15.285259663617069,30.34774926760552,7.0,27.123201900021645,23.04429520792965,1.8467950702187077,0.0491268938918523,1
2020-04-20,2.201156752532346,1.298238854819585,32.86523344614818,21.75452674926264,0.5588854742191286,0.0455501559653525,1.298238854819585,16.53810069918213,27.482961183881816,7.0,32.86523344614818,21.75452674926264,1.8467950702187077,0.0455501559653525,0
2020-04-21,3.19186835566692,5.0305806252761,30.311923926679302,27.951471736145283,0.7537791572414057,0.3002271115413863,5.0305806252761,19.360400365357695,25.129668648950936,7.0,30.311923926679302,27.951471736145283,1.8467950702187077,0.0455501559653525,0
2020-04-22,2.8735001854522437,1.2556313986525485,27.736540579563137,21.832529260119667,0.276202086532946,0.5311094225441555,1.2556313986525485,7.584450878748236,22.930595321803803,7.0,27.736540579563137,21.832529260119667,1.8467950702187077,0.0455501559653525,0
2020-04-23,6.194656970146285,1.9406068427327785,30.448588758653717,24.013928446883877,1.3403635285091064,0.408221822588232,1.9406068427327785,8.22681886666143,24.81031738509808,7.0,30.448588758653717,24.013928446883877,1.8467950702187077,0.0455501559653525,0
2020-04-24,3.843489893721492,9.420758508770628,30.42383339108916,22.394383930102485,0.6473643390687672,0.2738425190992591,9.420758508770628,12.616996750155955,34.18567807461419,7.0,30.42383339108916,22.394383930102485,1.3403635285091064,0.0455501559653525,0
2020-04-25,2.34649889022308,6.525626528131986,35.089647617390995,24.59407894175975,0.7474794580738373,0.1313232497643174,6.525626528131986,17.886991879635396,38.50302364364564,7.0,35.089647617390995,24.59407894175975,1.3403635285091064,0.0455501559653525,1
2020-04-26,1.3533514712794892,0.501308115183345,28.808631151693906,21.451229731062163,1.587466138995778,0.8191645000962298,0.501308115183345,16.44769315208596,25.972750873566977,7.0,28.808631151693906,21.451229731062163,1.587466138995778,0.0455501559653525,0
2020-04-27,0.5722644156909131,2.799221753900893,29.630457682852235,25.6807136478711,0.788998129690617,0.996145242124192,2.799221753900893,9.826156397216227,27.473733772648284,7.0,29.630457682852235,25.6807136478711,1.587466138995778,0.1313232497643174,0
2020-04-28,2.744156363040668,0.1480182990112606,32.706164781644034,28.072312372717683,0.635952605623656,0.329542133523882,0.1480182990112606,3.448548168095502,22.591171446383445,7.0,32.706164781644034,28.072312372717683,1.587466138995778,0.1313232497643174,0
2020-04-29,1.592379105658836,3.2781987731790285,28.022618685937257,22.32092152579866,0.5043039484406704,0.3816210441766039,3.2781987731790285,6.225438826091185,24.613738820909926,7.0,28.022618685937257,22.32092152579866,1.587466138995778,0.1313232497643174,0
2020-04-30,0.793295548482791,5.429971334477727,30.022979725303,26.43393772536264,1.5947451239275203,0.618037524676957,5.429971334477727,8.85618840666802,28.103103312654877,7.0,30.022979725303,26.43393772536264,1.5947451239275203,0.1313232497643174,0
2020-05-01,1.724112538908968,0.630666267184792,27.00656979400033,23.23624131120862,0.4334712643820484,0.7184414747355413,0.630666267184792,9.33883637484155,19.31301107106904,7.0,27.00656979400033,23.23624131120862,1.5947451239275203,0.1313232497643174,0
2020-05-02,1.2021423956627262,1.7046051616351725,34.76003438001619,27.011582242152173,1.0167567684506365,0.3920295348035912,1.7046051616351725,7.765242763297695,14.491989704572225,7.0,34.76003438001619,27.011582242152173,1.5947451239275203,0.329542133523882,0
2020-05-03,4.524569962087078,2.536132421414252,31.09591063867944,28.376997972191983,1.11247420893895,0.9049295169818152,2.536132421414252,4.87140385023422,16.526814010803133,7.0,31.09591063867944,28.376997972191983,1.5947451239275203,0.329542133523882,0
2020-05-04,3.5579677083393406,12.59941784148555,31.952246464993276,23.532589976583083,1.4373018428342863,0.5600039892289184,12.59941784148555,16.840155424534977,26.327010098387788,7.0,31.952246464993276,23.532589976583083,1.5947451239275203,0.329542133523882,1
2020-05-05,2.490432830420059,24.994780379511752,34.74803095937327,20.959467838210696,1.3399102681993915,0.450390076405931,24.994780379511752,40.13033064241156,51.17377217888828,7.0,34.74803095937327,20.959467838210696,1.5947451239275203,0.3816210441766039,2
2020-05-06,4.275932966668031,0.2297553109084137,29.83319334903834,25.89616877487218,1.6592972113013147,0.6466727531599051,0.2297553109084137,37.82395353190572,48.12532871661767,7.0,29.83319334903834,25.89616877487218,1.6592972113013147,0.3920295348035912,1
2020-05-07,2.592841969177142,7.156624401502873,31.064038974055983,24.448834415888232,0.2805525810672287,0.9528038482491732,7.156624401502873,32.38116009192304,49.851981783642806,7.0,31.064038974055983,24.448834415888232,1.6592972113013147,0.3920295348035912,2
2020-05-08,1.4664589584060836,2.323879121527445,28.831016002082777,25.003582335555283,0.733593304602915,0.7945522944217055,2.323879121527445,9.710258833938736,51.54519463798546,7.0,28.831016002082777,25.003582335555283,1.6592972113013147,0.3920295348035912,1
2020-05-09,4.327748892723589,2.4916713844208656,28.824488837012563,23.32030991631127,0.7042414137956836,0.0400131305351243,2.4916713844208656,11.972174907451183,52.33226086077116,7.0,28.824488837012563,23.32030991631127,1.6592972113013147,0.0400131305351243,1
2020-05-10,3.1466920524215904,7.017507254976709,29.238251317982364,22.2310143626786,0.4628304300657948,0.3323099107399596,7.017507254976709,11.833057760925024,56.81363569433361,7.0,29.238251317982364,22.2310143626786,1.6592972113013147,0.0400131305351243,1
2020-05-11,1.2553046148082525,12.531249964185864,30.522528827499,26.320696361933948,0.7205208569415977,0.4705446849512227,12.531249964185864,22.040428603583443,56.745467817033926,7.0,30.522528827499,26.320696361933948,1.6592972113013147,0.0400131305351243,2
2020-05-12,2.2715935862996703,15.07239393293603,30.845613397480804,24.639579989112065,0.7575775654572261,0.3145175722091052,15.07239393293603,34.621151152098605,46.823081370458205,7.0,30.845613397480804,24.639579989112065,1.6592972113013147,0.0400131305351243,2
2020-05-13,1.4492580959382917,4.303364717227319,32.86589645269514,21.112885931632547,1.139392031469461,0.7001875608304565,4.303364717227319,31.907008614349216,50.89669077677711,7.0,32.86589645269514,21.112885931632547,1.139392031469461,0.0400131305351243,1
2020-05-14,0.8406403228427968,2.20899500324707,29.3263491558743,25.373750446405783,1.394668062067261,0.826269149862581,2.20899500324707,21.584753653410427,45.94906137852131,7.0,29.3263491558743,25.373750446405783,1.394668062067261,0.0400131305351243,1
2020-05-15,3.6114130570379697,7.745221547885493,32.95889802775243,24.972337195933,0.8859809245012653,0.7313450951852716,7.745221547885493,14.257581268359887,51.37040380487935,7.0,32.95889802775243,24.972337195933,1.394668062067261,0.0400131305351243,1
2020-05-16,4.791299968564156,1.445090711393864,33.455003874569684,23.349402151352876,1.4950464163640862,0.9893332868282751,1.445090711393864,11.399307262526431,50.32382313185235,7.0,33.455003874569684,23.349402151352876,1.4950464163640862,0.3145175722091052,1
2020-05-17,0.8217189114170307,4.151414204758868,30.5965334515032,27.239626468484644,0.805097609443244,0.2725476478930291,4.151414204758868,13.341726464038231,47.45773008163451,7.0,30.5965334515032,27.239626468484644,1.4950464163640862,0.2725476478930291,1
2020-05-18,3.175563084028685,2.220342059383268,29.585826282744858,22.76365367530547,0.7225106191665687,0.8749894950244215,2.220342059383268,7.816846975536005,37.14682217683192,7.0,29.585826282744858,22.76365367530547,1.4950464163640862,0.2725476478930291,0
2020-05-19,1.7192289170538078,5.344749114938969,32.25523709593997,23.66202700369032,1.174138500542644,0.7666226651744862,5.344749114938969,11.71650537908111,27.41917735883485,7.0,32.25523709593997,23.66202700369032,1.4950464163640862,0.2725476478930291,0
2020-05-20,1.9154495394823647,1.3748093444425482,31.391247610968662,25.5372961759364,0.2426894485504231,0.3621787575581461,1.3748093444425482,8.93990051876479,24.490621986050083,7.0,31.391247610968662,25.5372961759364,1.4950464163640862,0.2725476478930291,0
2020-05-21,1.789127290913357,1.063447836422213,32.66105548782063,24.15352590066144,0.3436204225412007,0.7341245436569687,1.063447836422213,7.783006295803736,23.34507481922523,7.0,32.66105548782063,24.15352590066144,1.4950464163640862,0.2725476478930291,0
2020-05-22,1.4632110763842208,12.519779908948436,36.7095993087799,21.23115369128313,0.9523451784557486,0.1040759564182469,12.519779908948436,14.9580370898132,28.11963318028817,7.0,36.7095993087799,21.23115369128313,1.4950464163640862,0.1040759564182469,1
2020-05-23,2.558225953533793,0.5368330935189589,32.205911145283146,24.36759874598686,1.897242880505161,0.7893334823405523,0.5368330935189589,14.120060838889612,27.211375562413263,7.0,32.205911145283146,24.36759874598686,1.897242880505161,0.1040759564182469,0
2020-05-24,1.502859860306755,3.525672792049088,30.082308316159605,23.17122041606953,1.4987212037181623,0.5323306025871026,3.525672792049088,16.582285794516487,26.58563414970348,7.0,30.082308316159605,23.17122041606953,1.897242880505161,0.1040759564182469,0
2020-05-25,2.824548190935807,1.2477763444526255,29.327331164173824,25.713992489832528,0.358627825101004,0.2922901727092531,1.2477763444526255,5.310282230020678,25.61306843477284,7.0,29.327331164173824,25.713992489832528,1.897242880505161,0.1040759564182469,0
2020-05-26,2.439714268661036,0.1985399685693332,29.443395106035247,24.30243668799028,1.7233724230055727,0.6557773017841801,0.1985399685693332,4.971989105071053,20.466859288403203,7.0,29.443395106035247,24.30243668799028,1.897242880505161,0.1040759564182469,0
2020-05-27,2.2132623437603085,0.1834175280566355,27.61170107866664,24.18901530609478,1.5181413870947258,0.641619998714409,0.1834175280566355,1.6297338410785995,19.275467472017294,7.0,27.61170107866664,24.18901530609478,1.897242880505161,0.1040759564182469,0
2020-05-28,1.410923605550083,0.9632037172916342,34.79823082503674,21.903497672561898,1.2997037462647758,0.2094862227195997,0.9632037172916342,1.3451612139176083,19.175223352886714,7.0,34.79823082503674,21.903497672561898,1.897242880505161,0.1040759564182469,0
2020-05-29,1.8078744033180008,10.078404909353614,25.300163541932704,23.53994938417199,1.6765273290965192,0.0303974148115261,10.078404909353614,11.225026154701888,16.733848353291894,7.0,25.300163541932704,23.53994938417199,1.897242880505161,0.0303974148115261,0
2020-05-30,3.406469470990907,1.6597635333402472,33.46431445315792,25.940202188025307,0.9273977259373228,0.4336225869016739,1.6597635333402472,12.7013721599855,17.856778793113183,7.0,33.46431445315792,25.940202188025307,1.7233724230055727,0.0303974148115261,0
2020-05-31,3.101100625149257,15.0247905626788,29.395808279974307,22.446927310917257,0.598701891536935,0.5695118693444212,15.0247905626788,26.762959005372664,29.35589656374289,7.0,29.395808279974307,22.446927310917257,1.7233724230055727,0.0303974148115261,1
2020-06-01,1.3269337062417388,4.356853245869319,30.46278435612765,23.93489955382457,1.1216421003957668,0.8766052783705984,4.356853245869319,21.04140734188837,32.46497346515959,7.0,30.46278435612765,23.93489955382457,1.7233724230055727,0.0303974148115261,0
2020-06-02,2.619198766515071,2.8689530490754382,29.306037075366834,22.12710789670198,1.187915160068253,0.9282167956475944,2.8689530490754382,22.25059685762356,35.13538654566569,7.0,29.306037075366834,22.12710789670198,1.6765273290965192,0.0303974148115261,1
2020-06-03,3.401664548046147,4.338560505970516,36.337593978926094,21.632314717896666,1.1689874696178415,0.5288052181567664,4.338560505970516,11.56436680091528,39.290529523579565,7.0,36.337593978926094,21.632314717896666,1.6765273290965192,0.0303974148115261,0
2020-06-04,0.4967136626543538,3.6355717949754327,32.048946805057334,23.83028191002129,1.2171328246641897,0.7538034837685449,3.6355717949754327,10.843085350021394,41.96289760126336,7.0,32.048946805057334,23.83028191002129,1.6765273290965192,0.0303974148115261,1
2020-06-05,3.152032230855922,7.110151842746742,34.371135575128555,24.347602329754675,1.9076688528305252,0.4393032723279969,7.110151842746742,15.084284143692695,38.994644534656494,7.0,34.371135575128555,24.347602329754675,1.9076688528305252,0.4336225869016739,1
2020-06-06,1.704851489264984,1.6598842419936322,35.90158057578802,27.98772587846519,1.8240421215732163,0.746082156572893,1.6598842419936322,12.405607879715811,38.994765243309885,7.0,35.90158057578802,27.98772587846519,1.9076688528305252,0.4393032723279969,1
2020-06-07,3.184718402311791,2.1774343626131327,32.49021642206721,23.089079232307583,1.7762906658060909,0.2048015249391669,2.1774343626131327,10.947470447353512,26.147409043244217,7.0,32.49021642206721,23.089079232307583,1.9076688528305252,0.2048015249391669,0
2020-06-08,1.5840890121489797,11.226031136902604,28.41312868743436,23.89966146473224,1.6425502596355288,0.3710647348035314,11.226031136902604,15.063349741509374,33.016586934277505,7.0,28.41312868743436,23.89966146473224,1.9076688528305252,0.2048015249391669,1
2020-06-09,0.3341414792025774,14.636305584720752,31.338071749652684,21.49985296405815,1.8981705930775137,0.6342279988136148,14.636305584720752,28.03977108423649,44.783939469922814,7.0,31.338071749652684,21.49985296405815,1.9076688528305252,0.2048015249391669,2
2020-06-10,0.5469490745402048,11.154031145986536,29.773255959301395,25.22448002981383,0.3772903550229258,0.0181579656070788,11.154031145986536,37.0163678676099,51.59941010993883,7.0,29.773255959301395,25.22448002981383,1.9076688528305252,0.0181579656070788,2
2020-06-11,2.5577019359936584,2.71887946748747,30.4894875143381,24.79618955870656,0.6772218706023312,0.722461310338954,2.71887946748747,28.509216198194764,50.68271778245087,7.0,30.4894875143381,24.79618955870656,1.9076688528305252,0.0181579656070788,1
2020-06-12,2.811667002065778,7.578952457757636,31.71612862205213,26.976789355382856,1.0911007021782528,0.8355355012681668,7.578952457757636,21.45186307123165,51.15151839746176,7.0,31.71612862205213,26.976789355382856,1.8981705930775137,0.0181579656070788,2
2020-06-13,1.4148200498747097,3.2345225620584084,31.59753307372321,26.223244303017417,1.7237620876221291,0.3991416610939514,3.2345225620584084,13.532354487303522,52.72615671752654,7.0,31.59753307372321,26.223244303017417,1.8981705930775137,0.0181579656070788,1
2020-06-14,3.2663109505328487,3.441194749736848,33.23632748306086,24.702813337684567,1.1092982807409184,0.4479424171771643,3.441194749736848,14.2546697695529,53.98991710465026,7.0,33.23632748306086,24.702813337684567,1.8981705930775137,0.0181579656070788,1
2020-06-15,0.5061759252772482,1.1450543335802257,33.67191288134146,23.0598570008226,1.5464625308148596,0.851282212216531,1.1450543335802257,7.820771645375489,43.90894030132788,7.0,33.67191288134146,23.0598570008226,1.8981705930775137,0.0181579656070788,1
2020-06-16,2.4207042416232203,4.471793817869971,31.597564471200627,24.40933687578012,0.4501278294480492,0.7756546353260334,4.471793817869971,9.05804290118705,33.744428534477095,7.0,31.597564471200627,24.40933687578012,1.7237620876221291,0.0181579656070788,0
2020-06-17,1.046780560285052,1.0298093873716538,33.21040675432375,23.77797307573648,0.6543448633578084,0.288149489033375,1.0298093873716538,6.646657538821857,23.62020677586221,7.0,33.21040675432375,23.77797307573648,1.7237620876221291,0.288149489033375,0
2020-06-18,1.717796670637409,2.014078347864592,30.35192043519368,25.90679506647596,1.5171969710678104,0.3239761065615389,2.014078347864592,7.515681553106224,22.915405656239336,7.0,30.35192043519368,25.90679506647596,1.7237620876221291,0.288149489033375,0
2020-06-19,2.5568784055796967,9.656149226451774,35.94433947678951,25.652462979924938,0.4965212159979033,0.6788782323905966,9.656149226451774,12.700036961688028,24.992602424933477,7.0,35.94433947678951,25.652462979924938,1.7237620876221291,0.288149489033375,0
2020-06-20,1.4675039616592571,1.1601382995655154,30.303466135347065,23.40716911269049,0.8324406823788681,0.5631980924481612,1.1601382995655154,12.83036587388189,22.91821816244058,7.0,30.303466135347065,23.40716911269049,1.5464625308148596,0.288149489033375,0
2020-06-21,2.038533346924209,0.3690846850151313,35.59155945386728,21.076012440346243,0.6767592640644287,0.1622295710964969,0.3690846850151313,11.18537221103243,19.846108097718865,7.0,35.59155945386728,21.076012440346243,1.5464625308148596,0.1622295710964969,0
2020-06-22,3.707551371057329,0.3575207853447731,27.571798724684832,26.66677460044085,0.8297510496004612,0.3099299092291664,0.3575207853447731,1.8867437699254288,19.05857454948341,7.0,27.571798724684832,26.66677460044085,1.5171969710678104,0.1622295710964969,0
2020-06-23,1.8077297565722212,14.13286146641773,30.858778227767463,25.16374791364641,1.4749832883403466,0.8999832768786541,14.13286146641773,14.859466936777643,28.71964219803117,7.0,30.858778227767463,25.16374791364641,1.5171969710678104,0.1622295710964969,1
2020-06-24,3.50283053447817,3.5354236725789976,31.007065479159184,23.36101985885466,0.8621249260570418,0.6881744367222634,3.5354236725789976,18.02580592434151,31.22525648323852,7.0,31.007065479159184,23.36101985885466,1.5171969710678104,0.1622295710964969,0
2020-06-25,1.1443517744108582,2.6331837490083188,32.83697538424542,25.08574669620734,1.1994739806942925,0.9859743176855196,2.6331837490083188,20.301468888005054,31.84436188438224,7.0,32.83697538424542,25.08574669620734,1.4749832883403466,0.1622295710964969,0
2020-06-26,3.1357650134983395,8.326830208309165,34.585450409656474,24.149722612500057,0.3798773786979373,0.7670125299807694,8.326830208309165,14.49543762989649,30.515042866239632,7.0,34.585450409656474,24.149722612500057,1.4749832883403466,0.1622295710964969,1
2020-06-27,4.22988234478948,9.034139994404848,28.251814390821416,26.63723585243895,1.64903184782233,0.9419744321435902,9.034139994404848,19.99415395172234,38.38904456107896,7.0,28.251814390821416,26.63723585243895,1.64903184782233,0.1622295710964969,1
2020-06-28,0.0,2.018765620314438,28.67605087387128,20.140439536389948,0.8657995261666247,0.2161885738704754,2.018765620314438,19.379735823028454,40.03872549637827,7.0,28.67605087387128,20.140439536389948,1.64903184782233,0.2161885738704754,1
2020-06-29,1.543725693435428,5.914613885831744,27.794275796851288,23.20561806697313,1.3673614862600163,0.7714848748169257,5.914613885831744,16.967519500551038,45.59581859686524,7.0,27.794275796851288,23.20561806697313,1.64903184782233,0.2161885738704754,1
2020-06-30,3.192486552616648,7.37284866529631,35.96055259159525,27.198109030957376,1.5057012829912988,0.0202175201477974,7.37284866529631,15.306228171442502,38.83580579574382,7.0,35.96055259159525,27.198109030957376,1.64903184782233,0.0202175201477974,1
2020-07-01,2.256345536748409,5.315994361736102,32.892814828391366,25.126396806934626,0.5773896598010607,0.6707600217115339,5.315994361736102,18.603456912864164,40.616376484900925,7.0,32.892814828391366,25.126396806934626,1.64903184782233,0.0202175201477974,1
2020-07-02,2.9453750480455705,0.8219862551402466,28.74688637462863,27.54521333662841,1.79241497291603,0.4692822781202413,0.8219862551402466,13.510829282172669,38.80517899103285,7.0,28.74688637462863,27.54521333662841,1.79241497291603,0.0202175201477974,0
2020-07-03,1.7752177759410157,10.43265641370974,30.67071537813179,21.55638581367307,1.3092036528925153,0.3467600719200686,10.43265641370974,16.5706370305861,40.91100519643344,7.0,30.67071537813179,21.55638581367307,1.79241497291603,0.0202175201477974,1
2020-07-04,2.60390774496748,3.872811802854619,35.54528418698448,26.14439343187697,0.9717052551526666,0.8624043522930891,3.872811802854619,15.127454471704617,35.7496770048832,7.0,35.54528418698448,26.14439343187697,1.79241497291603,0.0202175201477974,1
2020-07-05,2.313187317529505,1.6597195097022186,31.16564230906629,26.024448846907667,0.5282033304407951,0.8542676926575307,1.6597195097022186,15.965187726266588,35.39063089427098,7.0,31.16564230906629,26.024448846907667,1.79241497291603,0.0202175201477974,0
2020-07-06,3.901338473991769,2.7689108059388405,30.98843558662648,20.636542929342333,1.896141688222172,0.0223017048986435,2.7689108059388405,8.301442118495686,32.24492781437808,7.0,30.98843558662648,20.636542929342333,1.896141688222172,0.0202175201477974,0
2020-07-07,2.8053050119614555,0.1914753785135113,29.656109879530824,23.40899542093383,1.5591227674369252,0.609505122449431,0.1914753785135113,4.62010569415458,25.06355452759528,7.0,29.656109879530824,23.40899542093383,1.896141688222172,0.0223017048986435,0
2020-07-08,2.9051231944902427,0.68406557923332,28.92502305854371,23.786941789611834,0.5744442129198479,0.3678322243209564,0.68406557923332,3.644451763685681,20.4316257450925,7.0,28.92502305854371,23.786941789611834,1.896141688222172,0.0223017048986435,0
2020-07-09,2.005747640653039,7.252495367560702,35.54997143132947,20.76088794246519,0.8078793945036042,0.4156610015004491,7.252495367560702,8.128036325307542,26.86213485751295,7.0,35.54997143132947,20.76088794246519,1.896141688222172,0.0223017048986435,0
2020-07-10,1.914872531113008,5.817411525216162e-05,37.02170476622618,23.45079534695912,1.6574136645585318,0.832040739218776,5.817411525216162e-05,7.936619120909283,16.429536617918465,7.0,37.02170476622618,23.45079534695912,1.896141688222172,0.0223017048986435,0
2020-07-11,1.980930174616455,2.6941182510663557,29.04441679163796,25.74636628155721,1.4522197937876102,0.3098397715276783,2.6941182510663557,9.946671792742318,15.2508430661302,7.0,29.04441679163796,25.74636628155721,1.896141688222172,0.0223017048986435,0
2020-07-12,2.9733425708539563,3.696062204669365,36.21482698765436,23.21815388095052,1.5784117268883038,0.94304881063762,3.696062204669365,6.390238629850982,17.287185761097348,7.0,36.21482698765436,23.21815388095052,1.896141688222172,0.0223017048986435,0
2020-07-13,1.9948186230156844,0.2809178457824846,30.537831751129684,24.48426631134805,0.9941619839832784,0.1796338263721407,0.2809178457824846,6.671098301518216,14.799192800940991,7.0,30.537831751129684,24.48426631134805,1.6574136645585318,0.1796338263721407,0
2020-07-14,2.8477298282756958,18.07408768139388,33.600943986106664,24.498740565455304,1.4896572727559003,0.6627224233681778,18.07408768139388,22.051067731845738,32.68180510382136,7.0,33.600943986106664,24.498740565455304,1.6574136645585318,0.1796338263721407,1
2020-07-15,4.990480958374526,1.281726725915564,36.23064141444323,23.97571317772247,0.8956887011550447,0.6721050670137647,1.281726725915564,19.63673225309194,33.2794662505036,7.0,36.23064141444323,23.97571317772247,1.6574136645585318,0.1796338263721407,1
2020-07-16,3.5453496441180308,1.813455880670851,31.564770212889105,22.58963595194914,0.5802732504887536,0.2521951614279182,1.813455880670851,21.169270287980304,27.840426763613756,7.0,31.564770212889105,22.58963595194914,1.6574136645585318,0.1796338263721407,0
2020-07-17,2.108771761398591,1.811615123619793,31.016174239197923,25.3176279497678,1.3388186627144478,0.324750608967202,1.811615123619793,4.906797730206218,29.65198371311829,7.0,31.016174239197923,25.3176279497678,1.5784117268883038,0.1796338263721407,0
2020-07-18,3.9414567065967336,1.3095301511269732,34.40324289136456,20.82593247694802,1.9568250660778292,0.8347984925799404,1.3095301511269732,4.934601155417628,28.267395613178916,7.0,34.40324289136456,20.82593247694802,1.9568250660778292,0.1796338263721407,0
2020-07-19,2.0103095523741383,0.0073745461519252,28.67014148889125,24.017176277016365,0.7590817485115933,0.7618052549549524,0.0073745461519252,3.128519820898702,24.57870795466147,7.0,28.67014148889125,24.017176277016365,1.9568250660778292,0.1796338263721407,0
2020-07-20,0.0542505577865752,6.534547855373437,35.44118413352129,26.770972681036177,1.0297452659825714,0.3290958803147595,6.534547855373437,7.851452552652346,30.832337964252424,7.0,35.44118413352129,26.770972681036177,1.9568250660778292,0.2521951614279182,1
2020-07-21,1.290296426899115,17.032884094513744,32.42842817732775,23.10525350031757,1.4132024679257364,0.5339565469349339,17.032884094513744,23.57480649603912,29.79113437737229,7.0,32.42842817732775,23.10525350031757,1.9568250660778292,0.2521951614279182,1
2020-07-22,0.2550496947689731,1.269905152221055,30.26674847553747,22.545357556995445,1.1747113078204785,0.0616802962530954,1.269905152221055,24.837337102108243,29.779312803677783,7.0,30.26674847553747,22.545357556995445,1.9568250660778292,0.0616802962530954,0
2020-07-23,2.0781838191504294,5.439061967302936,30.18749719005244,25.451032277550755,1.7181700322762887,0.2087458823986292,5.439061967302936,23.741851214037744,33.404918890309865,7.0,30.18749719005244,25.451032277550755,1.9568250660778292,0.0616802962530954,1
2020-07-24,2.522102055027462,6.77196970640312,27.8496124645149,24.326863521174264,1.5711368716451286,0.4858205588603991,6.77196970640312,13.480936825927122,38.3652734730932,7.0,27.8496124645149,24.326863521174264,1.9568250660778292,0.0616802962530954,1
2020-07-25,4.51172477473034,9.433386140185174,30.391483500128032,25.490894564113862,0.3049349669522427,0.0859737352792116,9.433386140185174,21.64441781389124,46.4891294621514,7.0,30.391483500128032,25.490894564113862,1.7181700322762887,0.0616802962530954,1
2020-07-26,2.8923128485169958,2.746352896936128,31.2078867140168,24.076996971390543,1.9971582210627927,0.8433323548919375,2.746352896936128,18.95170874352443,49.2281078129356,7.0,31.2078867140168,24.076996971390543,1.9971582210627927,0.0616802962530954,1
2020-07-27,2.237079365429363,1.8043537102967464,28.816119404865557,20.0,1.554324416695041,0.7180062101076479,1.8043537102967464,13.98409274741806,44.49791366785891,7.0,28.816119404865557,20.0,1.9971582210627927,0.0616802962530954,1
2020-07-28,3.495286697420187,1.967399596573177,31.863605071612987,26.3598268208514,1.7550259693294037,0.9436336706484948,1.967399596573177,6.518106203806061,29.43242916991834,7.0,31.863605071612987,26.3598268208514,1.9971582210627927,0.0616802962530954,0
2020-07-29,0.0,6.234772679962116,33.41875125357649,28.14005276495655,1.3721558817716235,0.6934669059640272,6.234772679962116,10.006525986832049,34.3972966976594,7.0,33.41875125357649,28.14005276495655,1.9971582210627927,0.0859737352792116,1
2020-07-30,2.782737469730279,8.485323753150265,31.359583592001744,26.568082013672573,1.741313230484172,0.9404013722621856,8.485323753150265,16.68749602968557,37.443558483506735,7.0,31.359583592001744,26.568082013672573,1.9971582210627927,0.0859737352792116,1
2020-07-31,3.42503823266436,1.002105658208199,33.9881774795578,20.0,0.4022893548716769,0.554512555690965,1.002105658208199,15.72220209132059,31.67369443531181,7.0,33.9881774795578,20.0,1.9971582210627927,0.0859737352792116,0
2020-08-01,0.7256965050641901,2.317651199833902,29.57858005106199,24.90217642501113,0.8259281040067681,0.6002186110619694,2.317651199833902,11.805080611192375,24.55795949496053,7.0,29.57858005106199,24.90217642501113,1.9971582210627927,0.554512555690965,0
2020-08-02,3.8725048518483143,11.610888745885164,35.01014829265982,23.066508378849907,1.777557698488087,0.9769710546262608,11.610888745885164,14.930645603927276,33.422495343909574,7.0,35.01014829265982,23.066508378849907,1.777557698488087,0.554512555690965,1
2020-08-03,2.906195688993297,8.217391843646855,32.36544411732457,21.831512492776582,0.5629793802804061,0.6421291468642604,8.217391843646855,22.14593178936593,39.83553347725968,7.0,32.36544411732457,21.831512492776582,1.777557698488087,0.554512555690965,1
2020-08-04,2.0016545033190383,20.95154769341188,36.63577150926423,24.245464323276547,0.3408357774440409,0.0307865688607466,20.95154769341188,40.77982828294391,58.81968157409838,7.0,36.63577150926423,24.245464323276547,1.777557698488087,0.0307865688607466,2
2020-08-05,3.259338239327542,7.017167191600205,39.2426519367162,23.70210541020056,1.618614091901394,0.7238027766305233,7.017167191600205,36.18610672865896,59.60207608573647,7.0,39.2426519367162,23.70210541020056,1.777557698488087,0.0307865688607466,2
2020-08-06,5.224831429365275,2.497740614418322,30.58926922309016,25.01731560855968,1.7038750801579332,0.9054686921374157,2.497740614418322,30.46645549943042,53.61449294700453,7.0,30.58926922309016,25.01731560855968,1.777557698488087,0.0307865688607466,2
2020-08-07,2.7182395060701943,4.46577511649979,30.712808369295622,24.113160378610907,0.4927739927418211,0.7955802497943266,4.46577511649979,13.980682922518326,57.078162405296126,7.0,30.712808369295622,24.113160378610907,1.777557698488087,0.0307865688607466,1
2020-08-08,2.7978647035604034,5.408986102064621,31.26127363415385,21.758375786222047,1.737822769008888,0.5838332726254226,5.408986102064621,12.372501832982744,60.16949730752684,7.0,31.26127363415385,21.758375786222047,1.777557698488087,0.0307865688607466,1
2020-08-09,1.948766920551707,0.4085227772741556,33.78710675052655,22.84679644651406,1.4361820320749052,0.6713035130935163,0.4085227772741556,10.28328399583858,48.96713133891584,7.0,33.78710675052655,22.84679644651406,1.737822769008888,0.0307865688607466,0
2020-08-10,1.48018675664225,3.9317644317620526,35.97790991142527,22.52408288734997,1.136148829789851,0.9901917892516716,3.9317644317620526,9.74927331110084,44.68150392703103,7.0,35.97790991142527,22.52408288734997,1.737822769008888,0.0307865688607466,1
2020-08-11,3.4964029798530945,6.177675616784138,30.04157454749059,20.567033646511103,1.694450347006493,0.0906620885093383,6.177675616784138,10.51796282582036,29.907631850403284,7.0,30.04157454749059,20.567033646511103,1.737822769008888,0.0906620885093383,0
2020-08-12,1.4726994089093597,0.9155371515647236,33.14373279943422,21.256710712092232,0.9546486487741384,0.6672448286332395,0.9155371515647236,11.024977200110923,23.806001810367803,7.0,33.14373279943422,21.256710712092232,1.737822769008888,0.0906620885093383,0
2020-08-13,2.585879484663271,7.5850165298705585,31.5922181304327,23.577862660229613,0.5491891212021149,0.2833976945705938,7.5850165298705585,14.678229298219431,28.89327772582004,7.0,31.5922181304327,23.577862660229613,1.737822769008888,0.0906620885093383,0
2020-08-14,1.92681106388186,4.382619835734714,33.854327307621766,26.84750815061456,0.7127348178991046,0.6400903965861701,4.382619835734714,12.883173517170007,28.810122445054965,7.0,33.854327307621766,26.84750815061456,1.737822769008888,0.0906620885093383,0
2020-08-15,3.07477579089567,15.20592755555257,36.52837308022307,22.92888584060241,1.1092952329279666,0.6076235758839388,15.20592755555257,27.173563921157854,38.60706389854291,7.0,36.52837308022307,22.92888584060241,1.694450347006493,0.0906620885093383,2
2020-08-16,2.900394526344338,0.2167420526105625,31.279015287700958,22.48513845049442,1.1563954268117165,0.153456832108162,0.2167420526105625,19.80528944389786,38.41528317387933,7.0,31.279015287700958,22.48513845049442,1.694450347006493,0.0906620885093383,1
2020-08-17,3.745047933109479,1.5416430140471902,26.99039699997881,21.637426386654347,1.6500454875942203,0.2067466457402391,1.5416430140471902,16.964312622210333,36.02516175616446,7.0,26.99039699997881,21.637426386654347,1.694450347006493,0.0906620885093383,0
2020-08-18,1.887980321374304,4.600914975811219,34.23170503064088,24.061072989990706,1.624434902574202,0.6216295780432135,4.600914975811219,6.359300042468982,34.44840111519154,7.0,34.23170503064088,24.061072989990706,1.6500454875942203,0.153456832108162,0
2020-08-19,2.1761500776479545,1.758862845523176,29.501884344183644,26.358518669220253,1.2464598029682348,0.1282299473037741,1.758862845523176,7.901420835381597,35.29172680914999,7.0,29.501884344183644,26.358518669220253,1.6500454875942203,0.1282299473037741,0
2020-08-20,1.3254835410612311,6.266238300943795,31.570652789108667,28.005365532817184,1.6054138700578575,0.2651808751303228,6.266238300943795,12.6260161222782,33.97294858022323,7.0,31.570652789108667,28.005365532817184,1.6500454875942203,0.1282299473037741,0
2020-08-21,1.9668480879086665,7.114901324549239,34.36109251061484,24.570798753443373,0.5451922249286079,0.8352455477380024,7.114901324549239,15.14000247101622,36.70523006903775,7.0,34.36109251061484,24.570798753443373,1.6500454875942203,0.1282299473037741,1
2020-08-22,2.9527605916538224,0.5407997301929703,32.89218456059332,24.27998748527287,0.2901161487679298,0.3270915060016386,0.5407997301929703,13.921939355686014,22.040102243678152,7.0,32.89218456059332,24.27998748527287,1.6500454875942203,0.1282299473037741,0
2020-08-23,3.408386339974422,3.606236217725379,31.694839923340865,22.913053785492917,1.7725408807424603,0.4880601562696629,3.606236217725379,11.261937272467598,25.429596408792968,7.0,31.694839923340865,22.913053785492917,1.7725408807424603,0.1282299473037741,0
2020-08-24,1.3934016109868494,3.5554413749490776,30.27235486262504,23.246866757017976,0.3359980887729852,0.9411403351458404,3.5554413749490776,7.702477322867438,27.44339476969485,7.0,30.27235486262504,23.246866757017976,1.7725408807424603,0.1282299473037741,0
2020-08-25,3.543527104126792,2.304472380936284,25.0,25.25835018210141,0.6440391735391952,0.2271490888369463,2.304472380936284,9.46614997361075,25.14695217481992,7.0,25.0,25.25835018210141,1.7725408807424603,0.1282299473037741,0
2020-08-26,4.126765430565941,13.509709168835878,34.09496244726861,23.37024933587384,1.4515741093238923,0.3896260173580104,13.509709168835878,19.36962292472125,36.89779849813262,7.0,34.09496244726861,23.37024933587384,1.7725408807424603,0.2271490888369463,1
2020-08-27,2.996121883868441,8.78697340064041,31.24114490232271,23.675435105665173,0.9370062877291564,0.6064577755435456,8.78697340064041,24.60115495041258,39.41853359782924,7.0,31.24114490232271,23.675435105665173,1.7725408807424603,0.2271490888369463,1
2020-08-28,4.752154975069679,5.973568708741899,36.54000883506718,23.94930545049915,1.7773651458479158,0.7553389295039722,5.973568708741899,28.2702512782182,38.277200982021895,7.0,36.54000883506718,23.94930545049915,1.7773651458479158,0.2271490888369463,1
2020-08-29,1.5714529610757124,6.264531019127748,33.19408408988561,22.81834377818505,0.7363636303920853,0.9016533867127052,6.264531019127748,21.025073128510066,44.00093227095668,7.0,33.19408408988561,22.81834377818505,1.7773651458479158,0.2271490888369463,1
2020-08-30,1.0064143560262997,3.096846221146379,30.37662388239547,23.850041481844897,0.2213684240048467,0.9154729875735153,3.096846221146379,15.334945949016037,43.49154227437767,7.0,30.37662388239547,23.850041481844897,1.7773651458479158,0.2271490888369463,1
2020-08-31,0.3655357013148657,12.691190378560188,35.20061026512812,20.0,0.7411801530093394,0.776640074372623,12.691190378560188,22.052567618834324,52.62729127798878,7.0,35.20061026512812,20.0,1.7773651458479158,0.2271490888369463,2
2020-09-01,4.295253173787019,5.9305895666710455,35.45338821787457,25.097671766036925,1.240535088532697,0.2283308365933104,5.9305895666710455,21.718626166377625,56.253408463723545,7.0,35.45338821787457,25.097671766036925,1.7773651458479158,0.2283308365933104,2
2020-09-02,3.285238787624869,6.527832886776416,31.342904556942567,28.70354367794411,0.876689075725928,0.0248093300425658,6.527832886776416,25.149612832007666,49.271532181664085,7.0,31.342904556942567,28.70354367794411,1.7773651458479158,0.0248093300425658,1
2020-09-03,2.433298394907454,9.89132135435786,35.580934596719686,22.895912769673867,1.1627709603657594,0.3837739303556238,9.89132135435786,22.34974380780533,50.375880135381536,7.0,35.580934596719686,22.895912769673867,1.7773651458479158,0.0248093300425658,1
2020-09-04,2.835962351583784,1.6015193846438724,30.334075833841855,24.74767429000334,1.7778766139030338,0.1415488509878233,1.6015193846438724,18.02067362577816,46.00383081128352,7.0,30.334075833841855,24.74767429000334,1.7778766139030338,0.0248093300425658,1
2020-09-05,1.1494131432419483,8.227162675622996,32.47894330822371,25.70315264049237,1.8424730976146635,0.7103876474382981,8.227162675622996,19.72000341462474,47.966462467778754,7.0,32.47894330822371,25.70315264049237,1.8424730976146635,0.0248093300425658,2
2020-09-06,5.434902375540192,1.0860596594951664,33.71422516315634,26.56043054543492,0.6787533163774018,0.6611305868257168,1.0860596594951664,10.914741719762045,45.955675906127546,7.0,33.71422516315634,26.56043054543492,1.8424730976146635,0.0248093300425658,1
2020-09-07,2.655065418370273,2.1182112208300725,34.354344752042564,23.47135702251964,1.0318528518858212,0.0439716416214548,2.1182112208300725,11.431433555948246,35.38269674839743,7.0,34.354344752042564,23.47135702251964,1.8424730976146635,0.0248093300425658,0
2020-09-08,2.6312737535258712,2.044433181351139,33.86456554584767,20.39336549262256,1.1884592274346122,0.8365937791309511,2.044433181351139,5.2487040616763885,31.49654036307752,7.0,33.86456554584767,20.39336549262256,1.8424730976146635,0.0248093300425658,0
2020-09-09,3.3709199486784303,19.20443811126308,31.002028458310484,24.534463901697524,1.9084024223988447,0.2487432662911822,19.20443811126308,23.3670825134443,44.173145587564186,7.0,31.002028458310484,24.534463901697524,1.9084024223988447,0.0439716416214548,2
2020-09-10,3.077211078084056,9.708398381862212,35.28109292207432,24.25725738130885,1.9975111744958924,0.4322270754910422,9.708398381862212,30.95726967447644,43.99022261506853,7.0,35.28109292207432,24.25725738130885,1.9975111744958924,0.0439716416214548,2
2020-09-11,2.7686608291349577,6.03939982992444,31.626718030680745,23.308667250647996,0.623733047914748,0.6679337354557424,6.03939982992444,34.95223632304974,48.4281030603491,7.0,31.626718030680745,23.308667250647996,1.9975111744958924,0.0439716416214548,2
2020-09-12,1.5514306534656257,6.492457117101072,30.29291791317442,23.73297575423132,1.5085637684224678,0.4294187868522533,6.492457117101072,22.24025532888773,46.69339750182718,7.0,30.29291791317442,23.73297575423132,1.9975111744958924,0.0439716416214548,1
2020-09-13,3.065762028563195,4.128512898420655,30.33698609806001,24.287360890035465,0.8804559120197513,0.4412878027999434,4.128512898420655,16.660369845446176,49.73585074075267,7.0,30.33698609806001,24.287360890035465,1.9975111744958924,0.0439716416214548,1
2020-09-14,4.75842939577004,14.695877652546008,37.819965174429,24.723523984207706,0.2145947543951838,0.0656279953357403,14.695877652546008,25.316847668067744,62.31351717246861,7.0,37.819965174429,24.723523984207706,1.9975111744958924,0.0656279953357403,2
2020-09-15,4.114504055385973,3.4284627066052797,29.774049715724168,24.63961942047984,0.2166545403846242,0.4014435492600038,3.4284627066052797,22.252853257571957,63.69754669772274,7.0,29.774049715724168,24.63961942047984,1.9975111744958924,0.0656279953357403,2
2020-09-16,4.411823951967277,2.394355828410854,35.87490568028134,23.564628680997743,1.0290188136120604,0.7648478932199835,2.394355828410854,20.518696187562156,46.88746441487052,7.0,35.87490568028134,23.564628680997743,1.9975111744958924,0.0656279953357403,1
2020-09-17,1.8865411882825776,0.8898671397007586,28.59359991256949,24.7685576699719,1.0790028434078025,0.9151763371865976,0.8898671397007586,6.712685674716904,38.068933172709066,7.0,28.59359991256949,24.7685576699719,1.5085637684224678,0.0656279953357403,0
2020-09-18,1.312474215689703,7.7137035894156,33.46371633522256,23.429938303450275,0.2406254538321968,0.4134971370633717,7.7137035894156,10.997926557527224,39.74323693220023,7.0,33.46371633522256,23.429938303450275,1.5085637684224678,0.0656279953357403,0
2020-09-19,2.349055695880422,6.629646409861012,32.891250354472504,25.28405100307064,1.4364693501937444,0.4235858268790788,6.629646409861012,15.233217138977382,39.88042622496016,7.0,32.891250354472504,25.28405100307064,1.4364693501937444,0.0656279953357403,1
2020-09-20,2.566869894746433,2.425424214245421,36.86368063917868,22.745114329047,0.7292060994709157,0.7026271063236521,2.425424214245421,16.768774213522047,38.17733754078493,7.0,36.86368063917868,22.745114329047,1.4364693501937444,0.0656279953357403,0
2020-09-21,3.813029822165138,0.1275810047719554,30.03679431449445,24.146116384299123,1.207807582764709,0.9427720011052766,0.1275810047719554,9.1826516288784,23.60904089301088,7.0,30.03679431449445,24.146116384299123,1.4364693501937444,0.4014435492600038,0
2020-09-22,0.4690424443422167,9.131671580553208,29.20800734611884,20.75252283576554,0.7416543316977537,0.2670609402393602,9.131671580553208,11.684676799570596,29.312249766958807,7.0,29.20800734611884,20.75252283576554,1.4364693501937444,0.2670609402393602,0
2020-09-23,4.3354603833527365,0.0574183455213177,31.65046886495905,23.260179061085704,0.5008417667647529,0.4401442065379368,0.0574183455213177,9.316670930846495,26.975312284069272,7.0,31.65046886495905,23.260179061085704,1.4364693501937444,0.2670609402393602,0
2020-09-24,2.3103905217052128,6.0819104033011895,36.99440548772136,25.13497744225996,0.9329127294779757,0.7959732435523011,6.0819104033011895,15.271000329375727,32.1673555476697,7.0,36.99440548772136,25.13497744225996,1.4364693501937444,0.2670609402393602,0
2020-09-25,1.987742716063096,17.57582578969906,29.347524560168697,21.932530266583864,0.6180920566229013,0.6096935693740385,17.57582578969906,23.71515453852158,42.029477747953166,7.0,29.347524560168697,21.932530266583864,1.4364693501937444,0.2670609402393602,2
2020-09-26,1.285474749687799,2.8782549581847943,25.0,23.359799047299838,1.1626417584545026,0.1105863439639547,2.8782549581847943,26.53599115118506,38.27808629627695,7.0,25.0,23.359799047299838,1.207807582764709,0.1105863439639547,1
2020-09-27,0.5141719937610769,1.3392234052435346,32.179303512119844,20.0,0.557891354515664,0.6277327355622657,1.3392234052435346,21.7933041531274,37.19188548727506,7.0,32.179303512119844,20.0,1.207807582764709,0.1105863439639547,1
2020-09-28,3.4878047007542974,6.101713820598991,34.84856875388303,21.263851782936023,1.115130757960329,0.1867462845973269,6.101713820598991,10.319192184027331,43.16601830310209,7.0,34.84856875388303,21.263851782936023,1.1626417584545026,0.1105863439639547,1
2020-09-29,2.5879815606260848,8.494848005046627,28.95858220208041,21.7870508877722,0.4832813267639616,0.5102159340784042,8.494848005046627,15.935785230889168,42.52919472759552,7.0,28.95858220208041,21.7870508877722,1.1626417584545026,0.1105863439639547,1
2020-09-30,0.9520469203107352,3.953031815944503,34.54379652005979,24.20350210154328,1.407754477074413,0.5291032676604385,3.953031815944503,18.549593641590132,46.4248081980187,7.0,34.54379652005979,24.20350210154328,1.407754477074413,0.1105863439639547,1
2020-10-01,0.9459054735236608,17.061586182015414,28.89226704496263,24.666818024785425,1.5570878319945634,0.8762033622249848,17.061586182015414,29.50946600300656,57.40448397673293,7.0,28.89226704496263,24.666818024785425,1.5570878319945634,0.1105863439639547,2
2020-10-02,2.0970583608518463,0.2652569402128082,31.56032439292496,23.887888868119607,0.3987096216498808,0.4624942740124381,0.2652569402128082,21.27987493817274,40.09391512724668,7.0,31.56032439292496,23.887888868119607,1.5570878319945634,0.1105863439639547,1
2020-10-03,4.502825830347272,3.5139233446428686,34.25804694585817,23.234813234225243,1.0420443416672105,0.2794424222358942,3.5139233446428686,20.840766466871106,40.729583513704746,7.0,34.25804694585817,23.234813234225243,1.5570878319945634,0.1867462845973269,1
2020-10-04,2.1884903783636744,6.337296236748891,28.437603794784685,23.241796503302503,0.3275690611787725,0.2309663482160315,6.337296236748891,10.116476521604582,45.7276563452101,7.0,28.437603794784685,23.241796503302503,1.5570878319945634,0.1867462845973269,1
2020-10-05,0.6962284562582726,9.925767462153395,32.544539994522665,25.43209149808099,1.2767284019756042,0.8742518766843361,9.925767462153395,19.77698704354517,49.55170998676451,7.0,32.544539994522665,25.43209149808099,1.5570878319945634,0.2309663482160315,2
2020-10-06,2.2051083230968667,0.9877178007997744,35.644920533876714,24.425639693766104,0.6759277362733617,0.1710108544182284,0.9877178007997744,17.250781499702075,42.04457978251765,7.0,35.644920533876714,24.425639693766104,1.5570878319945634,0.1710108544182284,1
2020-10-07,2.1727317163027955,8.047276607020212,33.42180229763405,23.332108807389275,1.149724022309674,0.4258685608831437,8.047276607020212,18.9607618699734,46.13882457359336,7.0,33.42180229763405,23.332108807389275,1.5570878319945634,0.1710108544182284,1
2020-10-08,0.0,4.022707936999149,29.838121827227692,26.58659899048252,1.131429816891724,0.187173114926947,4.022707936999149,13.05770234481915,33.0999463285771,7.0,29.838121827227692,26.58659899048252,1.2767284019756042,0.1710108544182284,1
2020-10-09,2.4348461601786253,2.525490967513897,36.55615505815038,27.8999500819922,1.8638378231488408,0.7733040401143754,2.525490967513897,14.595475511533271,35.360180355878185,7.0,36.55615505815038,27.8999500819922,1.8638378231488408,0.1710108544182284,1
2020-10-10,2.2228785637495863,0.7061765505724636,33.97517753576747,21.50851509953266,1.1883498006237012,0.474372639974619,0.7061765505724636,7.2543754550855235,32.55243356180778,7.0,33.97517753576747,21.50851509953266,1.8638378231488408,0.1710108544182284,0
2020-10-11,3.335447637776102,10.023368553021276,26.41865600022708,25.045020140421023,1.2493972634929682,0.351143690556812,10.023368553021276,13.25503607110765,36.23850587808016,7.0,26.41865600022708,25.045020140421023,1.8638378231488408,0.1710108544182284,1
2020-10-12,4.718747313934414,0.8555623193815549,34.59273084420268,30.0,0.9229756263758846,0.3610996406264668,0.8555623193815549,11.585107422975309,27.168300735308325,7.0,34.59273084420268,30.0,1.8638378231488408,0.1710108544182284,0
2020-10-13,3.851878035457309,1.8537813911121623,30.28587724274817,24.560411082100387,1.9083432857290703,0.8522142067229794,1.8537813911121623,12.732712263515008,28.03436432562071,7.0,30.28587724274817,24.560411082100387,1.9083432857290703,0.187173114926947,0
2020-10-14,2.1773335713342035,1.712772202638604,32.589690642927394,24.230885272328557,1.5989346369912971,0.5537739542944381,1.712772202638604,4.4221159131323375,21.699859921239103,7.0,32.589690642927394,24.230885272328557,1.9083432857290703,0.187173114926947,0
2020-10-15,1.1721689095099956,10.255788018501551,35.02401201287978,23.888532120212773,0.7137295225451148,0.7178678511312636,10.255788018501551,13.822341612252334,27.93294000274151,7.0,35.02401201287978,23.888532120212773,1.9083432857290703,0.351143690556812,1
2020-10-16,5.588031763899832,5.584436228630647,30.351186246005497,24.980363034981483,1.7195772543972176,0.8970385162506845,5.584436228630647,17.552996449770816,30.991885263858254,7.0,30.351186246005497,24.980363034981483,1.9083432857290703,0.351143690556812,0
2020-10-17,2.571062120817386,7.964905291553204,27.06322215787456,25.509798333099766,0.978313448333162,0.901741676040642,7.964905291553204,23.805129538685417,38.250614004839,7.0,27.06322215787456,25.509798333099766,1.9083432857290703,0.351143690556812,1
2020-10-18,2.516715150295536,1.4415306609661314,36.51663557571749,21.510466251661637,1.6916008583604691,0.3285090543378631,1.4415306609661314,14.990872181149998,29.668776112783856,7.0,36.51663557571749,21.510466251661637,1.9083432857290703,0.3285090543378631,0
2020-10-19,2.471049895467996,4.902467874882831,35.493750413605845,23.947032743422344,1.6811985229283035,0.9524512631463852,4.902467874882831,14.30890382740218,33.71568166828513,7.0,35.493750413605845,23.947032743422344,1.9083432857290703,0.3285090543378631,1
2020-10-20,2.737701712921426,4.24019381061268,31.738231960451163,20.0,0.5399663361731379,0.0248758820146054,4.24019381061268,10.584192346461656,36.10209408778565,7.0,31.738231960451163,20.0,1.7195772543972176,0.0248758820146054,0
2020-10-21,2.326767505691269,8.943731370964587,34.560264354476345,23.581366766757,1.4620540364904384,0.3768355610161656,8.943731370964587,18.08639305646011,43.33305325611163,7.0,34.560264354476345,23.581366766757,1.7195772543972176,0.0248758820146054,1
2020-10-22,1.8116055917437164,11.826935506050372,30.891839803808946,22.194622812355853,0.7231573447517561,0.8957988575088416,11.826935506050372,25.010860687627652,44.90420074366045,7.0,30.891839803808946,22.194622812355853,1.7195772543972176,0.0248758820146054,1
2020-10-23,1.8437692705115296,0.0611563470448562,32.29091053028255,24.678355158270968,0.7354868059868027,0.2746368798169829,0.0611563470448562,20.83182322405983,39.38092086207466,7.0,32.29091053028255,24.678355158270968,1.6916008583604691,0.0248758820146054,1
2020-10-24,2.460696075740802,5.60459500444768,31.56713617208978,20.687238945717947,0.7334265383850453,0.2730814503213183,5.60459500444768,17.492686857542925,37.02061057496914,7.0,31.56713617208978,20.687238945717947,1.6916008583604691,0.0248758820146054,0
2020-10-25,1.847890274639482,0.2661379202311137,31.013167743928094,22.97536537908181,1.5060228456079068,0.3026222850818887,0.2661379202311137,5.931889271723667,35.84521783423412,7.0,31.013167743928094,22.97536537908181,1.6811985229283035,0.0248758820146054,0
2020-10-26,1.6445850607874029,3.979873036849448,33.07790774025727,25.933088501041222,0.613686875226565,0.6123133848469222,3.979873036849448,9.850605961528258,34.92262299620074,7.0,33.07790774025727,25.933088501041222,1.5060228456079068,0.0248758820146054,0
2020-10-27,2.627716273230276,1.69580835284943,28.37546352906324,22.6473336971115,0.2016305034429624,0.4383327756143538,1.69580835284943,5.941819309930008,32.37823753843749,7.0,28.37546352906324,22.6473336971115,1.5060228456079068,0.2730814503213183,0
2020-10-28,2.1940273390949736,1.8320148226473092,31.24525750770326,20.190128445164227,1.4874263362687397,0.7267348363533426,1.8320148226473092,7.507696212346203,25.26652099012021,7.0,31.24525750770326,20.190128445164227,1.5060228456079068,0.2730814503213183,0
2020-10-29,4.304791586299226,2.176724248395585,32.94343841745022,24.515066306257967,0.5081325389032255,0.8949106425646658,2.176724248395585,5.7045474238923415,15.616309732465425,7.0,32.94343841745022,24.515066306257967,1.5060228456079068,0.2730814503213183,0
2020-10-30,0.0,4.854955025691306,37.51430212388491,22.82694201381473,0.3880683115541024,0.6741993749428606,4.854955025691306,8.863694096734218,20.410108411111874,7.0,37.51430212388491,22.82694201381473,1.5060228456079068,0.2730814503213183,0
2020-10-31,3.809808222306954,2.03270317391417,28.497397354061917,23.62822912785421,0.6275290170693082,0.2044667201975755,2.03270317391417,9.064382448001076,16.83821658057836,7.0,28.497397354061917,23.62822912785421,1.5060228456079068,0.2044667201975755,0
2020-11-01,3.995302230997155,6.596900519963843,33.561659173197285,22.54026082707481,0.8838209401808672,0.9326819023605022,6.596900519963843,13.484558719569335,23.16897918031109,7.0,33.561659173197285,22.54026082707481,1.4874263362687397,0.2044667201975755,0
2020-11-02,0.0119317211102205,2.591999393869146,33.890446329283584,27.948793488960057,1.0566313894517614,0.2644928733474785,2.591999393869146,11.221603087747177,21.78110553733079,7.0,33.890446329283584,27.948793488960057,1.4874263362687397,0.2044667201975755,0
2020-11-03,2.0887748871035816,0.3540075320679439,26.36984380795179,20.88385452829297,0.2802260732827355,0.1498942953281581,0.3540075320679439,9.542907445900948,20.439304716549305,7.0,26.36984380795179,20.88385452829297,1.4874263362687397,0.1498942953281581,0
2020-11-04,2.0542709608050504,7.656828242916668,33.23159604322775,29.666991223788543,1.9470319987292488,0.0899672788609609,7.656828242916668,10.602835168853773,26.264118136818663,7.0,33.23159604322775,29.666991223788543,1.9470319987292488,0.0899672788609609,1
2020-11-05,0.8109859663386145,1.6826694647585692,34.64085523695134,23.218726938497294,1.4889134961552046,0.5633837406661656,1.6826694647585692,9.693505239743196,25.770063353181648,7.0,34.64085523695134,23.218726938497294,1.9470319987292488,0.0899672788609609,0
2020-11-06,1.5666199748909495,2.8349245633047144,33.7659580381473,24.36689315243627,0.7817493175838051,0.1137624624806518,2.8349245633047144,12.174422270979967,23.75003289079505,7.0,33.7659580381473,24.36689315243627,1.9470319987292488,0.0899672788609609,0
2020-11-07,1.1673089854410057,5.782963935159129,31.748218235381973,22.850407164791037,0.7736550631137151,0.1387758841126307,5.782963935159129,10.300557963222428,27.50029365204001,7.0,31.748218235381973,22.850407164791037,1.9470319987292488,0.0899672788609609,0
2020-11-08,4.602724532108347,2.020751043452489,32.999720109567285,22.76673288028909,1.007376588863227,0.3000304805954966,2.020751043452489,10.638639541916348,22.92414417552866,7.0,32.999720109567285,22.76673288028909,1.9470319987292488,0.0899672788609609,0
2020-11-09,3.622814071776953,0.2912485191194904,32.50953409174709,22.43034019313473,1.3272406809734594,0.2816530096844638,0.2912485191194904,8.094963497731122,20.623393300779004,7.0,32.50953409174709,22.43034019313473,1.9470319987292488,0.0899672788609609,0
2020-11-10,4.025866113992991,2.3413939642607366,26.931627985054416,25.202515924087272,0.463471519860142,0.6042395103321423,2.3413939642607366,4.65339352683273,22.6107797329718,7.0,26.931627985054416,25.202515924087272,1.9470319987292488,0.0899672788609609,0
2020-11-11,3.366006476851882,14.452231245840162,32.5799609742634,21.17840061274589,0.5400736647769142,0.8167452794726815,14.452231245840162,17.0848737292204,29.40618273589529,7.0,32.5799609742634,21.17840061274589,1.4889134961552046,0.1137624624806518,1
2020-11-12,1.145137874539325,5.13240330335556,30.898788782054982,24.728217088485337,1.7469822491003917,0.7613496562028924,5.13240330335556,21.926028513456476,32.855916574492284,7.0,30.898788782054982,24.728217088485337,1.7469822491003917,0.1137624624806518,1
2020-11-13,1.870575680464272,5.565774843475207,29.88553348700605,20.0,0.6612588630003307,0.2624844547164767,5.565774843475207,25.150409392670944,35.58676685466278,7.0,29.88553348700605,20.0,1.7469822491003917,0.1387758841126307,1
2020-11-14,3.0872494734735016,5.002196783680692,39.45490986075996,24.54705754228353,0.8843509963553196,0.2453104979859799,5.002196783680692,15.700374930511474,34.805999703184334,7.0,39.45490986075996,24.54705754228353,1.7469822491003917,0.2453104979859799,1
2020-11-15,1.0334466293296656,1.109422589643863,35.757847158858674,25.69828521186438,1.7682893317102106,0.9657915301069676,1.109422589643863,11.677394216799776,33.89467124937571,7.0,35.757847158858674,25.69828521186438,1.7682893317102106,0.2453104979859799,0
2020-11-16,3.355598116206865,2.709293227554461,28.54948381905684,21.45096178538526,1.3936660929196805,0.0082362415919601,2.709293227554461,8.82091260087903,36.31271595781068,7.0,28.54948381905684,21.45096178538526,1.7682893317102106,0.0082362415919601,0
2020-11-17,2.211609522210238,6.95030319049337,33.03990858969752,25.357485203437488,0.815081382815039,0.8797205330602158,6.95030319049337,10.769019007691709,40.92162518404332,7.0,33.03990858969752,25.357485203437488,1.7682893317102106,0.0082362415919601,1
2020-11-18,2.050215030940483,0.5344356102718182,36.37407582669297,24.102770821248644,1.430659182304317,0.1997285191224049,0.5344356102718182,10.194032028319665,27.00382954847497,7.0,36.37407582669297,24.102770821248644,1.7682893317102106,0.0082362415919601,0
2020-11-19,3.3531519618441896,1.627631248216475,27.511402537771996,27.19685291071568,0.2354297876865446,0.9472843230897678,1.627631248216475,9.112370048981678,23.49905749333589,7.0,27.511402537771996,27.19685291071568,1.7682893317102106,0.0082362415919601,0
2020-11-20,3.033115973783248,1.61702370654051,32.230949424221464,22.28958723537782,1.5241567880204574,0.3423072848275197,1.61702370654051,3.7790905650288176,19.55030635640119,7.0,32.230949424221464,22.28958723537782,1.7682893317102106,0.0082362415919601,0
2020-11-21,2.066840601017104,2.8283359202299048,32.37221817715848,29.63197180744546,1.076628872929231,0.4403517738932523,2.8283359202299048,6.072990874986904,17.376445492950403,7.0,32.37221817715848,29.63197180744546,1.7682893317102106,0.0082362415919601,0
2020-11-22,3.891195764037097,19.65316066639828,28.17652135250293,20.0,1.6637278651120302,0.707120613944381,19.65316066639828,24.098520293168708,35.92018356970482,7.0,28.17652135250293,20.0,1.6637278651120302,0.0082362415919601,1
2020-11-23,1.2027240068801233,0.3494442924806149,33.13865091383669,23.34099239872775,1.918347773611643,0.5876690514732603,0.3494442924806149,22.83094087910881,33.56033463463097,7.0,33.13865091383669,23.34099239872775,1.918347773611643,0.1997285191224049,1
2020-11-24,3.2391227283331165,3.6563328435297366,35.34873917155438,20.60286057875413,1.866419389090223,0.3179393297068228,3.6563328435297366,23.658937802408644,30.266364287667336,7.0,35.34873917155438,20.60286057875413,1.918347773611643,0.1997285191224049,1
2020-11-25,3.2117215095620604,0.9883823033775564,36.52414277425746,27.702108353699533,1.8366770782196131,0.5538309158678235,0.9883823033775564,4.994159439387922,30.720310980773075,7.0,36.52414277425746,27.702108353699533,1.918347773611643,0.3179393297068228,0
2020-11-26,2.128544272823212,17.646837926128867,31.251907695122163,23.476598012368328,1.121905920680997,0.7307068843628862,17.646837926128867,22.291553073036177,46.73951765868547,7.0,31.251907695122163,23.476598012368328,1.918347773611643,0.3179393297068228,2
2020-11-27,2.8913596266905417,0.6012626257777125,39.50493510540534,23.656629845261435,0.8482558054500886,0.042334945902492,0.6012626257777125,19.23648285528415,45.72375657792267,7.0,39.50493510540534,23.656629845261435,1.918347773611643,0.042334945902492,1
2020-11-28,0.9986637083376364,2.584226883898694,25.82609973980973,24.886476196170427,1.037063584515211,0.0111993052557041,2.584226883898694,20.83232743580529,45.47964754159146,7.0,25.82609973980973,24.886476196170427,1.918347773611643,0.0111993052557041,1
2020-11-29,3.608832423048281,6.694859411838541,33.068650129443384,23.990389627345422,1.4418128059640494,0.4580669390728913,6.694859411838541,9.880348921514964,32.52134628703172,7.0,33.068650129443384,23.990389627345422,1.918347773611643,0.0111993052557041,1
2020-11-30,2.2781174362684133,6.09635324351578,27.76311704021043,22.81247688719733,1.791195998368136,0.1318366178035142,6.09635324351578,15.375439539253032,38.26825523806689,7.0,27.76311704021043,22.81247688719733,1.866419389090223,0.0111993052557041,1
2020-12-01,1.8727323753771523,2.747214115099548,32.2705479124907,21.486705498741905,0.5725753454002152,0.6643442914647144,2.747214115099548,15.538426770453889,37.3591365096367,7.0,32.2705479124907,21.486705498741905,1.8366770782196131,0.0111993052557041,0
2020-12-02,3.758811071004267,2.127248644659102,30.43427974968491,24.33702680466686,1.8527476852310651,0.2140524562274341,2.127248644659102,10.970816003274448,38.49800285091825,7.0,30.43427974968491,24.33702680466686,1.8527476852310651,0.0111993052557041,0
2020-12-03,1.654787571348689,2.5342707571706296,33.520632369171686,24.75766726537896,1.6673244175458004,0.4328511067956709,2.5342707571706296,7.408733516929297,23.385435681960008,7.0,33.520632369171686,24.75766726537896,1.8527476852310651,0.0111993052557041,0
2020-12-04,0.8098464443637285,1.5345029413501967,31.619357857693416,25.390754472803454,1.9619408273208223,0.1976709368742689,1.5345029413501967,6.196022343179946,24.31867599753249,7.0,31.619357857693416,25.390754472803454,1.9619408273208223,0.0111993052557041,0
2020-12-05,0.6320449917713156,1.1491602143566877,29.52204746592045,27.825453700613046,1.7844531919070368,0.5484835857491245,1.1491602143566877,5.217933912877531,22.883609327990488,7.0,29.52204746592045,27.825453700613046,1.9619408273208223,0.1318366178035142,0
2020-12-06,3.2272119416147675,3.298945959341901,29.71912715730806,20.0,0.703887193445432,0.1160534593845689,3.298945959341901,5.9826091150488026,19.487695875493845,7.0,29.71912715730806,20.0,1.9619408273208223,0.1160534593845689,0
2020-12-07,0.9634847770044604,1.5635210297696756,37.797378492348656,23.86456560529459,0.3907206404192859,0.0231068527874802,1.5635210297696756,6.011627203468281,14.95486366174774,7.0,37.797378492348656,23.86456560529459,1.9619408273208223,0.0231068527874802,0
2020-12-08,4.605753018381238,1.694607823168569,33.330571215387245,26.383475671642856,0.4020339295848595,0.0511316381066971,1.694607823168569,6.557074812280163,13.90225736981676,7.0,33.330571215387245,26.383475671642856,1.9619408273208223,0.0231068527874802,0
2020-12-09,0.0016847105395334,5.3465694969159205,26.893613880384837,23.75095515112227,0.7242019734408971,0.95425844151531,5.3465694969159205,8.604698349854182,17.12157822207358,7.0,26.893613880384837,23.75095515112227,1.9619408273208223,0.0231068527874802,0
2020-12-10,4.535747641948046,17.294767846531578,33.65236320535029,20.0,1.3055307031721706,0.1422862186109358,17.294767846531578,24.335945166616085,31.88207531143453,7.0,33.65236320535029,20.0,1.9619408273208223,0.0231068527874802,1
2020-12-11,2.753220960643142,4.627126634713337,31.41597001292601,21.41792085030016,1.6477765869749106,0.7084782531368352,4.627126634713337,27.26846397816085,34.97469900479767,7.0,31.41597001292601,21.41792085030016,1.7844531919070368,0.0231068527874802,1
2020-12-12,2.383944265755529,0.4005189942997255,32.013803261291415,24.65713969935464,1.8186505525668164,0.0679262042228262,0.4005189942997255,22.322413475544657,34.2260577847407,7.0,32.013803261291415,24.65713969935464,1.8186505525668164,0.0231068527874802,1
2020-12-13,1.8460970958292604,0.3929633724427553,34.459664461945394,24.58439458976668,1.322756091864619,0.1081603522351821,0.3929633724427553,5.420609001455835,31.32007519784156,7.0,34.459664461945394,24.58439458976668,1.8186505525668164,0.0231068527874802,0
2020-12-14,2.978963337222485,15.12304828716215,35.54968152113854,25.34503939668204,0.2101363629464967,0.5088762514093347,15.12304828716215,15.91653065390465,44.87960245523404,7.0,35.54968152113854,25.34503939668204,1.8186505525668164,0.0511316381066971,1
2020-12-15,2.454838357090182,1.7640605735917971,29.42356181623793,22.437982112903637,0.5353701977333604,0.4648709301543436,1.7640605735917971,17.280072233196723,44.94905520565727,7.0,29.42356181623793,22.437982112903637,1.8186505525668164,0.0679262042228262,1
2020-12-16,3.823962258419826,0.4829233816040338,31.91077503753385,24.5197664698386,0.3795071669360623,0.9515803094398696,0.4829233816040338,17.370032242358,40.08540909034538,7.0,31.91077503753385,24.5197664698386,1.8186505525668164,0.0679262042228262,0
2020-12-17,2.637073178394448,4.56952523879412,30.36166699178429,22.10827338420735,0.853984056024218,0.9448354530207372,4.56952523879412,6.816509193989969,27.360166482607923,7.0,30.36166699178429,22.10827338420735,1.8186505525668164,0.0679262042228262,0
2020-12-18,2.6803621137542533,4.886162356502919,33.79058654322279,24.519915987287384,1.1024317885407426,0.7796086425424651,4.886162356502919,9.938610976901092,27.619202204397507,7.0,33.79058654322279,24.519915987287384,1.8186505525668164,0.0679262042228262,0
2020-12-19,2.063665345343373,5.227796404115659,31.30308651879149,24.10642439420708,0.2781149214414095,0.6021018301273497,5.227796404115659,14.683483999412717,32.44647961421344,7.0,31.30308651879149,24.10642439420708,1.322756091864619,0.1081603522351821,0
2020-12-20,2.431665251534719,1.5557909833478298,32.08775443910562,22.358279959674192,0.8272603564321797,0.454960317393011,1.5557909833478298,11.669749743966426,33.60930722511851,7.0,32.08775443910562,22.358279959674192,1.1024317885407426,0.454960317393011,0
2020-12-21,2.869362122670471,0.0761300694244555,31.189169716969506,27.116367261525376,0.5225234143255807,0.356178534328421,0.0761300694244555,6.859717456887962,18.56238900738082,7.0,31.189169716969506,27.116367261525376,1.1024317885407426,0.356178534328421,0
2020-12-22,0.4477979288120495,16.764232206039814,31.68164145329201,20.588728099675222,1.364726299265973,0.9470875469755554,16.764232206039814,18.39615325881212,33.56256063982883,7.0,31.68164145329201,20.588728099675222,1.364726299265973,0.356178534328421,1
2020-12-23,0.8821774934731443,1.4443675475963291,37.1139530177844,23.716758033978945,1.035690264783812,0.6029088114246856,1.4443675475963291,18.284729823060616,34.524004805821136,7.0,37.1139530177844,23.716758033978945,1.364726299265973,0.356178534328421,1
2020-12-24,3.391916912827258,5.635464512230804,39.17229849430317,22.31418887135138,1.091571764481036,0.5790725276859945,5.635464512230804,23.844064265866965,35.58994407925782,7.0,39.17229849430317,22.31418887135138,1.364726299265973,0.356178534328421,1
2020-12-25,2.70503852575353,6.13160112225038,33.13127628122743,27.668404071712548,0.96984521846023,0.2319011217689148,6.13160112225038,13.211433182077531,36.83538284500528,7.0,33.13127628122743,27.668404071712548,1.364726299265973,0.2319011217689148,1
2020-12-26,2.279219996376785,4.708137790959099,31.70009066054929,25.19679601524084,1.9208354788758208,0.046697817885113,4.708137790959099,16.475203425440302,36.31572423184872,7.0,31.70009066054929,25.19679601524084,1.9208354788758208,0.046697817885113,1
2020-12-27,2.522120719678472,1.876430992420446,27.213089717330952,22.701379249259222,0.5865232252188138,0.9451885797595444,1.876430992420446,12.716169905629943,36.63636424092133,7.0,27.213089717330952,22.701379249259222,1.9208354788758208,0.046697817885113,0
2020-12-28,2.9170980464340053,1.5810679551628295,29.71874540056588,23.440569421359253,1.1299956677189738,0.3137352588446539,1.5810679551628295,8.165636738542393,38.14130212665971,7.0,29.71874540056588,23.440569421359253,1.9208354788758208,0.046697817885113,0
2020-12-29,1.8522883836287665,4.552391816101794,31.619791892642283,27.722514747961057,1.5248312630576046,0.4425890233244587,4.552391816101794,8.009890763685089,25.929461736721684,7.0,31.619791892642283,27.722514747961057,1.9208354788758208,0.046697817885113,0
2020-12-30,1.5660343295172248,10.053147087469952,29.85481033808772,22.10744873653994,1.2023199436422125,0.1146399435857068,10.053147087469952,16.186606858734596,34.53824127659531,7.0,29.85481033808772,22.10744873653994,1.9208354788758208,0.046697817885113,1
2020-12-31,2.735014306117218,14.662259804712816,30.170297711384237,20.471103655538883,1.8722375942902416,0.836924329909292,14.662259804712816,29.26779870828458,43.56503656907732,7.0,30.170297711384237,20.471103655538883,1.9208354788758208,0.046697817885113,2
2021-01-01,1.3259526668619617,0.5597207257871357,36.7261684221685,24.582013724927627,0.8803430401543115,0.0276318328559306,0.5597207257871357,25.27512761796992,37.99315617261408,7.0,36.7261684221685,24.582013724927627,1.9208354788758208,0.0276318328559306,1
2021-01-02,2.989903306857366,0.841079234315485,32.086372441215445,24.62728073481564,1.0346164503917206,0.8339907620990965,0.841079234315485,16.063059764815456,34.126097615970465,7.0,32.086372441215445,24.62728073481564,1.8722375942902416,0.0276318328559306,1
2021-01-03,0.4568996749145917,14.478191298494597,32.35463597420581,25.33206914677972,0.3593401673865112,0.1402850127879668,14.478191298494597,15.878991258597235,46.72785792204461,7.0,32.35463597420581,25.33206914677972,1.8722375942902416,0.0276318328559306,2
2021-01-04,3.734986764790772,6.669178069043613,29.97742831898532,25.345251521743904,1.2961983998934712,0.8865641126311521,6.669178069043613,21.988448601853715,51.815968035925394,7.0,29.97742831898532,25.345251521743904,1.8722375942902416,0.0276318328559306,2
2021-01-05,3.067116978895652,10.727642831722235,35.53263417430876,27.5414113014676,0.7187815432065909,0.7297726373361574,10.727642831722235,31.875012199260464,57.99121905154584,7.0,35.53263417430876,27.5414113014676,1.8722375942902416,0.0276318328559306,2
2021-01-06,2.8072356811766506,1.1321988527499602,31.362264116034297,20.56372501924793,0.4885562711280239,0.1646702625073051,1.1321988527499602,18.529019753515826,49.07027081682585,7.0,31.362264116034297,20.56372501924793,1.8722375942902416,0.0276318328559306,1
2021-01-07,3.679229180734617,4.428636336323545,30.43740900454743,21.59439361070933,1.1801563272281146,0.5658179928594681,4.428636336323545,16.28847802079576,38.83664734843658,7.0,30.43740900454743,21.59439361070933,1.2961983998934712,0.0276318328559306,0
2021-01-08,4.498569333355092,6.038893427855406,27.25774754807168,25.324406667892376,1.158158474083839,0.3126563143552194,6.038893427855406,11.599728616928932,44.31582005050485,7.0,27.25774754807168,25.324406667892376,1.2961983998934712,0.1402850127879668,1
2021-01-09,3.717244078021756,5.6989199317458885,31.8166942587459,21.78874899657112,0.3365689542032856,0.1782330989115834,5.6989199317458885,16.16644969592486,49.17366074793525,7.0,31.8166942587459,21.78874899657112,1.2961983998934712,0.1402850127879668,1
2021-01-10,0.2909509224020259,2.622524557519717,30.3438259946678,21.086824053481276,1.456787816290051,0.8591821994111084,2.622524557519717,14.360337917121033,37.31799400696037,7.0,30.3438259946678,21.086824053481276,1.456787816290051,0.1646702625073051,0
2021-01-11,0.9645076399171582,0.0775731173220748,37.053739238050696,27.731689104570545,1.322789943171535,0.4035227665072294,0.0775731173220748,8.399017606587702,30.72638905523883,7.0,37.053739238050696,27.731689104570545,1.456787816290051,0.1646702625073051,0
2021-01-12,1.7502177067651854,4.372458755453356,37.53169607600585,20.760115736671427,0.540231108943695,0.3985437143653825,4.372458755453356,7.072556430295169,24.37120497896995,7.0,37.53169607600585,20.760115736671427,1.456787816290051,0.1646702625073051,0
2021-01-13,2.5313092602530007,1.4591301618925725,28.294158515701177,23.29745592577871,1.044982751877279,0.16988667480662,1.4591301618925725,5.909162034668024,24.698136288112565,7.0,28.294158515701177,23.29745592577871,1.456787816290051,0.16988667480662,0
2021-01-14,3.121190824562948,2.9914968667385016,28.633540286357007,23.88126509753719,1.496581249661408,0.3830656760857787,2.9914968667385016,8.823085784084451,23.26099681852752,7.0,28.633540286357007,23.88126509753719,1.496581249661408,0.16988667480662,0
2021-01-15,1.6291074242158414,15.800796297502718,31.17104109462065,26.618273283926555,1.1529843329742977,0.8716168463288502,15.800796297502718,20.25142332613381,33.02289968817483,7.0,31.17104109462065,26.618273283926555,1.496581249661408,0.16988667480662,1
2021-01-16,2.724120117372494,2.546095554848561,29.551886313817185,20.26239388343506,0.9118803371304264,0.3631287104896359,2.546095554848561,21.3383887190898,29.870075311277503,7.0,29.551886313817185,20.26239388343506,1.496581249661408,0.16988667480662,0
2021-01-17,1.593540481176013,9.156711367572209,32.65224972706014,24.830950303012497,0.7802092245456986,0.951603562499788,9.156711367572209,27.50360321992351,36.40426212132999,7.0,32.65224972706014,24.830950303012497,1.496581249661408,0.16988667480662,1
2021-01-18,1.766178636409662,1.0446046558564828,31.020129532743297,22.219245883479843,1.2987089599592965,0.9463088992083876,1.0446046558564828,12.747411578277276,37.371293659864406,7.0,31.020129532743297,22.219245883479843,1.496581249661408,0.16988667480662,0
2021-01-19,0.8120066837821334,5.580733072314863,32.84159702166578,25.2552224251849,1.890395656958433,0.144898659307346,5.580733072314863,15.782049095743576,38.57956797672591,7.0,32.84159702166578,25.2552224251849,1.890395656958433,0.144898659307346,1
2021-01-20,1.392120104666915,18.86281737842832,35.0482805649409,22.18638454794628,1.4091407128594702,0.1773112535226448,18.86281737842832,25.488155106599688,55.983255193261655,7.0,35.0482805649409,22.18638454794628,1.890395656958433,0.144898659307346,2
2021-01-21,0.8779784732603997,0.5373308821031382,28.80733546899348,27.144612512371555,0.3345426265453679,0.8626740703318891,0.5373308821031382,24.980881332846344,53.529089208626296,7.0,28.80733546899348,27.144612512371555,1.890395656958433,0.144898659307346,2
2021-01-22,1.3289520964272008,0.0417737306262242,34.9856336674322,22.19805996314749,1.0292329522678407,0.3927609189247192,0.0417737306262242,19.441921991157702,37.7700666417498,7.0,34.9856336674322,22.19805996314749,1.890395656958433,0.144898659307346,1
2021-01-23,3.764370155929408,2.8421217841253443,29.81404275703947,20.0,1.8034834367191297,0.0043739822830093,2.8421217841253443,3.421226396854728,38.06609287102658,7.0,29.81404275703947,20.0,1.890395656958433,0.0043739822830093,0
2021-01-24,1.3607213334016683,0.4859999786930499,38.445448547446325,22.4223015005174,0.3700323664419563,0.273871819705371,0.4859999786930499,3.3698954934446395,29.395381482147428,7.0,38.445448547446325,22.4223015005174,1.890395656958433,0.0043739822830093,0
2021-01-25,5.658858477804869,6.899262764478805,36.86292789874817,23.47739977886221,1.979976281847578,0.59762899319556,6.899262764478805,10.22738452729722,35.25003959076975,7.0,36.86292789874817,23.47739977886221,1.979976281847578,0.0043739822830093,1
2021-01-26,3.091981481057067,12.29904116448158,31.660758992341293,26.164707746324616,1.9083249085617584,0.799265965959968,12.29904116448158,19.68430390765345,41.96834768293647,7.0,31.660758992341293,26.164707746324616,1.979976281847578,0.0043739822830093,2
2021-01-27,2.721803348433849,2.8459912786061885,29.10924966640988,21.48317033887016,0.3408940653137765,0.1333886170932595,2.8459912786061885,22.044295207566595,25.95152158311433,7.0,29.10924966640988,21.48317033887016,1.979976281847578,0.0043739822830093,1
2021-01-28,1.4699706637825438,1.4968279124765962,28.53540206097625,21.52270774577185,1.880143976809199,0.1105413644167353,1.4968279124765962,16.641860355564386,26.91101861348779,7.0,28.53540206097625,21.52270774577185,1.979976281847578,0.0043739822830093,0
2021-01-29,3.340371855290789,2.849370162666727,34.62088550622359,25.921155807417968,0.853638662467032,0.9220926535723316,2.849370162666727,7.192189353749534,29.71861504552829,7.0,34.62088550622359,25.921155807417968,1.979976281847578,0.0043739822830093,0
2021-01-30,1.8092346085146715,6.426778759780297,31.908791700408504,21.24954976407559,1.7204765007365526,0.7511483678225827,6.426778759780297,10.77297683492364,33.30327202118325,7.0,31.908791700408504,21.24954976407559,1.979976281847578,0.1105413644167353,1
2021-01-31,2.646411777574434,0.045476998036143,34.780600657255874,23.64203311721662,0.9530900078838888,0.5897796007780784,0.045476998036143,9.32162592048319,32.86274904052634,7.0,34.780600657255874,23.64203311721662,1.979976281847578,0.1105413644167353,1
2021-02-01,5.572101445922554,4.45133636144739,38.612686907886925,23.682697633061977,0.9935392028645288,0.769186789995928,4.45133636144739,10.923592119263851,30.41482263749492,7.0,38.612686907886925,23.682697633061977,1.9083249085617584,0.1105413644167353,0
2021-02-02,2.3847281203304203,4.7504228892607285,29.68885118385163,24.435159072685924,1.3416375637595768,0.4288543613066384,4.7504228892607285,9.247236248744285,22.866204362274072,7.0,29.68885118385163,24.435159072685924,1.880143976809199,0.1105413644167353,0
2021-02-03,3.879127991542811,5.076251206765839,28.309585268725737,22.5003035792348,1.59405935469677,0.7584557473091266,5.076251206765839,14.27801045747398,25.096464290433723,7.0,28.309585268725737,22.5003035792348,1.880143976809199,0.1105413644167353,0
2021-02-04,1.6561882898489353,1.385505115132008,32.57768070359788,22.146011226650877,0.2608204717068476,0.3718029912745357,1.385505115132008,11.2121792111586,24.985141493089134,7.0,32.57768070359788,22.146011226650877,1.7204765007365526,0.3718029912745357,0
2021-02-05,2.458013811403646,6.259739163161683,35.43427883435689,24.669788883504584,1.2676807919488418,0.2440945724926023,6.259739163161683,12.721495485059553,28.39551049358409,7.0,35.43427883435689,24.669788883504584,1.7204765007365526,0.2440945724926023,0
2021-02-06,4.624960762762612,0.47920477802918,29.17861913064273,22.208008293660427,0.5361193893752678,0.7290134212929686,0.47920477802918,8.124449056322893,22.44793651183297,7.0,29.17861913064273,22.208008293660427,1.59405935469677,0.2440945724926023,0
2021-02-07,1.7476395306546793,1.111159437946992,32.10387421627774,21.28006161976165,0.8227091321537654,0.4196722921572683,1.111159437946992,7.850103379137876,23.513618951743823,7.0,32.10387421627774,21.28006161976165,1.59405935469677,0.2440945724926023,0
2021-02-08,4.674938269596314,10.496998808902603,36.110130983512974,26.45559997570337,0.8263435990793897,0.9813771043261948,10.496998808902603,12.087363024878798,29.55928139919904,7.0,36.110130983512974,26.45559997570337,1.59405935469677,0.2440945724926023,0
2021-02-09,3.3493023225465706,6.710873543226646,27.10136648452888,24.976190762758364,1.0443086123980765,0.349485182308101,6.710873543226646,18.319031790076263,31.51973205316496,7.0,27.10136648452888,24.976190762758364,1.59405935469677,0.2440945724926023,0
2021-02-10,1.8250398689268787,0.0692044942946324,32.705953884317296,27.53500479153068,0.8014455413771122,0.921727420531066,0.0692044942946324,17.277076846423906,26.51268534069375,7.0,32.705953884317296,27.53500479153068,1.2676807919488418,0.2440945724926023,0
2021-02-11,3.258889286866625,1.4275971324184038,30.379690719203644,25.56793530243389,0.393250013211202,0.9329625485670796,1.4275971324184038,8.207675169939705,26.554777357980143,7.0,30.379690719203644,25.56793530243389,1.2676807919488418,0.2440945724926023,0
2021-02-12,3.667065339552076,1.2065788712923633,32.37246977291391,21.463712696737005,0.4621317293458126,0.2418529470647461,1.2065788712923633,2.703380498005423,21.501617066110825,7.0,32.37246977291391,21.463712696737005,1.0443086123980765,0.2418529470647461,0
2021-02-13,3.246171954660636,1.579079571346389,34.12935287175107,24.192738480119992,0.2601883740099758,0.7982211815880134,1.579079571346389,4.213255575057179,22.60149185942804,7.0,34.12935287175107,24.192738480119992,1.0443086123980765,0.2418529470647461,0
2021-02-14,0.6157303361314523,1.4221685722856123,32.662425523664275,21.968743490563508,1.0464483535917577,0.4330745051445651,1.4221685722856123,4.207827014924388,22.912500993766656,7.0,32.662425523664275,21.968743490563508,1.0464483535917577,0.2418529470647461,0
2021-02-15,1.6274353890101576,0.3228328516165735,28.969332793664435,20.69678080656343,1.9180058507353797,0.917524727230348,0.3228328516165735,3.324080995248598,12.738335036480624,7.0,28.969332793664435,20.69678080656343,1.9180058507353797,0.2418529470647461,0
2021-02-16,2.2029776373381944,3.0711302767106776,30.496261585299564,23.105601213860037,0.4082154025666098,0.4501242726352388,3.0711302767106776,4.816131700612886,9.098591769964656,7.0,30.496261585299564,23.105601213860037,1.9180058507353797,0.2418529470647461,0
2021-02-17,2.4106798850799445,6.597544483496352,36.2797789409734,25.963065750598243,1.903276087405548,0.7443037173373661,6.597544483496352,9.991507611823629,15.626931759166377,7.0,36.2797789409734,25.963065750598243,1.9180058507353797,0.2418529470647461,1
2021-02-18,3.2448065170608134,4.666316328474586,32.98679868177229,24.54982542157501,1.5200507265177683,0.4669674091637978,4.666316328474586,14.33499108868164,18.86565095522256,7.0,32.98679868177229,24.54982542157501,1.9180058507353797,0.2418529470647461,1
2021-02-19,2.7132412011199047,5.587013671515734,34.520957382754546,21.21821173748246,1.3474978452814936,0.2278007557128561,5.587013671515734,16.850874483486695,23.24608575544593,7.0,34.520957382754546,21.21821173748246,1.9180058507353797,0.2278007557128561,1
2021-02-20,0.8975867695478785,0.4231574841409747,32.750885930549124,23.035316849574528,1.361499959582413,0.1993501289446863,0.4231574841409747,10.676487484131318,22.090163668240518,7.0,32.750885930549124,23.035316849574528,1.9180058507353797,0.1993501289446863,0
2021-02-21,2.956237421207156,15.129999783170067,34.42734820472576,23.71426682931604,1.6881097671133078,0.4254311942563455,15.129999783170067,21.1401709388268,35.79799487912497,7.0,34.42734820472576,23.71426682931604,1.9180058507353797,0.1993501289446863,2
2021-02-22,3.232702894340588,9.115997865791446,30.81156173018804,20.62177509205831,0.3924557558836785,0.7554946570142149,9.115997865791446,24.669155133102517,44.59115989329984,7.0,30.81156173018804,20.62177509205831,1.903276087405548,0.1993501289446863,2
2021-02-23,3.171748537517248,8.176094997440988,29.69746505969769,25.426344730497224,1.108557782417975,0.6050714851807668,8.176094997440988,32.422092646402525,49.69612461403016,7.0,29.69746505969769,25.426344730497224,1.903276087405548,0.1993501289446863,2
2021-02-24,3.7969368706655455,8.657570268273654,34.29109314754414,23.542529947482496,1.4547640488693654,0.6886292899005433,8.657570268273654,25.94966313150611,51.756150398807456,7.0,34.29109314754414,23.542529947482496,1.6881097671133078,0.1993501289446863,2
2021-02-25,3.5007065854586847,13.49375596598192,35.38212203133667,21.218810278135884,1.2562768011324146,0.2823263507319424,13.49375596598192,30.327421231696583,60.58359003631479,7.0,35.38212203133667,21.218810278135884,1.6881097671133078,0.1993501289446863,2
2021-02-26,3.051016095074124,3.929097839250177,29.25715606761008,21.105652812517864,1.6990023278419304,0.4814353459576055,3.929097839250177,26.08042407350577,58.92567420404923,7.0,29.25715606761008,21.105652812517864,1.6990023278419304,0.1993501289446863,2
2021-02-27,2.415801146249624,1.1174806789967353,30.272165565728816,26.20132788984322,0.3300890762204327,0.044395264969327,1.1174806789967353,18.54033448422885,59.619997398904985,7.0,30.272165565728816,26.20132788984322,1.6990023278419304,0.044395264969327,1
2021-02-28,0.5068468797808103,4.795777283987891,31.51032071530728,23.23837393570856,1.4432618710984988,0.8175324159581207,4.795777283987891,9.842355802234826,49.28577489972281,7.0,31.51032071530728,23.23837393570856,1.6990023278419304,0.044395264969327,1
2021-03-01,3.015541862959103,6.791090931174177,36.85947381494795,26.380704057912823,1.161249914692492,0.9898921622398746,6.791090931174177,12.704348894158828,46.96086796510554,7.0,36.85947381494795,26.380704057912823,1.6990023278419304,0.044395264969327,1
2021-03-02,2.749225224595733,6.695477661867003,33.68940636550478,27.14431095980543,0.8824895551638983,0.4068790626246709,6.695477661867003,18.28234587702909,45.48025062953156,7.0,33.68940636550478,27.14431095980543,1.6990023278419304,0.044395264969327,1
2021-03-03,2.825894604634448,3.684962705983576,28.02773951040234,26.04489654571185,0.8124949680212556,0.0109636531315433,3.684962705983576,17.171531299024778,40.50764306724149,7.0,28.02773951040234,26.04489654571185,1.6990023278419304,0.0109636531315433,1
2021-03-04,0.9679017090156288,0.3545738679351853,31.721051625231496,22.933136506765017,1.317498738993547,0.1697926395509473,0.3545738679351853,10.735014235785789,27.36846096919475,7.0,31.721051625231496,22.933136506765017,1.6990023278419304,0.0109636531315433,0
2021-03-05,1.2027321515100853,2.319017953781472,31.262363732748696,20.0,1.803791674359677,0.6525268777504188,2.319017953781472,6.358554527700256,25.758381083726043,7.0,31.262363732748696,20.0,1.803791674359677,0.0109636531315433,0
2021-03-06,3.763783423999485,12.676787293516332,28.48019133198821,24.62599260906965,1.0931166669820076,0.6120793182038592,12.676787293516332,15.350379115233013,37.31768769824564,7.0,28.48019133198821,24.62599260906965,1.803791674359677,0.0109636531315433,1
2021-03-07,2.4525338153720138,4.390748556865408,31.68562424931582,28.18315273955709,1.6845016953384562,0.7878647195855439,4.390748556865408,19.386553804163235,36.91265897112316,7.0,31.68562424931582,28.18315273955709,1.803791674359677,0.0109636531315433,1
2021-03-08,3.317800836847149,3.864545690174431,31.12988768118088,23.92921984365235,0.9238814873191415,0.2538840109610681,3.864545690174431,20.932081540556197,33.986113730123414,7.0,31.12988768118088,23.92921984365235,1.803791674359677,0.0109636531315433,1
2021-03-09,2.533982051356553,1.5657072429293193,30.91510242914852,20.020368962401704,0.3843100330277178,0.763631915547134,1.5657072429293193,9.821001489969182,28.85634331118573,7.0,30.91510242914852,20.020368962401704,1.803791674359677,0.0109636531315433,0
2021-03-10,2.5357073673948944,2.297882267765736,30.777855897854568,22.650243007139764,0.3107103256255494,0.6879840215236698,2.297882267765736,7.728135200869509,27.46926287296789,7.0,30.777855897854568,22.650243007139764,1.803791674359677,0.1697926395509473,0
2021-03-11,3.625940567171197,11.28548230029503,36.41418064504641,23.63253345046639,0.2924018683826196,0.3228144977138433,11.28548230029503,15.149071810990108,38.40017130532773,7.0,36.41418064504641,23.63253345046639,1.803791674359677,0.2538840109610681,1
2021-03-12,1.8807463261391515,5.490008088730326,30.908890651698453,21.804022865160405,0.884270255523806,0.545488148056962,5.490008088730326,19.073372656791115,41.57116144027659,7.0,30.908890651698453,21.804022865160405,1.6845016953384562,0.2538840109610681,1
2021-03-13,2.61534493232918,7.741408965374802,32.149013168900794,20.0,0.8070279515045158,0.1472738084983267,7.741408965374802,24.51689935440018,36.63578311213506,7.0,32.149013168900794,20.0,1.6845016953384562,0.1472738084983267,1
2021-03-14,1.945269653553949,3.0288457321064928,31.823705863169813,23.80429845956975,1.4922866425206252,0.4525645034355826,3.0288457321064928,16.260262786211644,35.27388028737614,7.0,31.823705863169813,23.80429845956975,1.4922866425206252,0.1472738084983267,0
2021-03-15,1.9786045270812211,4.974603286775109,30.484949448897996,22.430247507284747,1.5370787028527584,0.881197339555641,4.974603286775109,15.744857984256427,36.38393788397682,7.0,30.484949448897996,22.430247507284747,1.5370787028527584,0.1472738084983267,1
2021-03-16,2.128993451837633,1.4276460159816908,32.23851419710309,27.545383321799832,0.2915371439007317,0.4211913798253908,1.4276460159816908,9.431095034863317,36.24587665702919,7.0,32.23851419710309,27.545383321799832,1.5370787028527584,0.1472738084983267,0
2021-03-17,2.7665605259604558,6.111716403019921,32.19605178829329,24.202066975965597,0.5980218732002269,0.839566706475422,6.111716403019921,12.513965705776744,40.059710792283376,7.0,32.19605178829329,24.202066975965597,1.5370787028527584,0.1472738084983267,0
2021-03-18,1.9255016540038272,2.789597806611812,32.239269580697645,24.939157793796785,0.6936713302860195,0.5902533652596944,2.789597806611812,10.328960225613448,31.563826298600155,7.0,32.239269580697645,24.939157793796785,1.5370787028527584,0.1472738084983267,0
2021-03-19,4.006907350688225,2.921872099519876,29.422300573710736,23.76182771300788,1.185701571457057,0.1918767131023567,2.921872099519876,11.823186309151632,28.995690309389705,7.0,29.422300573710736,23.76182771300788,1.5370787028527584,0.1472738084983267,0
2021-03-20,1.4264712373365953,5.239438905266018,31.38162647824208,24.187466606347705,0.4601274030325105,0.5811062446978964,5.239438905266018,10.950908811397728,26.493720249280926,7.0,31.38162647824208,24.187466606347705,1.5370787028527584,0.1918767131023567,0
2021-03-21,2.275754027006369,13.766332735548692,34.28096562604957,20.69540142327571,0.4410941949200007,0.5059833291570635,13.766332735548692,21.92764374033461,37.23120725272312,7.0,34.28096562604957,20.69540142327571,1.5370787028527584,0.1918767131023567,1
2021-03-22,1.97232273007099,0.3307329154614954,31.46055010585988,21.91966738955742,1.8988200005743243,0.398641335196384,0.3307329154614954,19.336504556276232,32.58733688140951,7.0,31.46055010585988,21.91966738955742,1.8988200005743243,0.1918767131023567,0
2021-03-23,4.236373461224479,8.70751582603576,32.485345737803776,26.177229402638705,1.6475652331360058,0.1196304395160703,8.70751582603576,22.80458147704597,39.86720669146358,7.0,32.485345737803776,26.177229402638705,1.8988200005743243,0.1196304395160703,1
2021-03-24,2.735865731813889,1.729262240730678,32.501111002179066,24.418923939460395,0.5251788237641066,0.4167086638472298,1.729262240730678,10.767510982227956,35.48475252917434,7.0,32.501111002179066,24.418923939460395,1.8988200005743243,0.1196304395160703,0
2021-03-25,3.738213447362362,2.9342106461394817,33.25218539220175,23.20298616423497,0.9318220542298838,0.0727623762396271,2.9342106461394817,13.370988712905945,35.629365368702004,7.0,33.25218539220175,23.20298616423497,1.8988200005743243,0.0727623762396271,0
2021-03-26,0.7173275523556337,0.1107849599473469,33.67595274504143,24.972342482931747,0.8401195986636181,0.0987690513987512,0.1107849599473469,4.774257846817529,32.81827822912948,7.0,33.67595274504143,24.972342482931747,1.8988200005743243,0.0727623762396271,0
2021-03-27,2.820460319043111,1.790852292848194,31.47754817075234,25.011723819681187,1.6238073333177332,0.415916532932716,1.790852292848194,4.835847898935046,29.36969161671165,7.0,31.47754817075234,25.011723819681187,1.8988200005743243,0.0727623762396271,0
2021-03-28,3.5675569547481247,3.4921178073381465,29.265994090723712,27.981789265888416,1.1183832496606196,0.3053814819684637,3.4921178073381465,5.39375506013371,19.09547668850111,7.0,29.265994090723712,27.981789265888416,1.8988200005743243,0.0727623762396271,0
2021-03-29,2.598740787130509,0.2890782642397749,28.34385401397537,24.32613268777116,0.4301295265882406,0.9255443258622236,0.2890782642397749,5.572048364426139,19.053822037279385,7.0,28.34385401397537,24.32613268777116,1.6475652331360058,0.0727623762396271,0
2021-03-30,3.778576450078421,3.377476767819873,35.05305923820907,21.8749848489794,1.530185713681239,0.3757058053802705,3.377476767819873,7.158672839397818,13.7237829790635,7.0,35.05305923820907,21.8749848489794,1.6238073333177332,0.0727623762396271,0
2021-03-31,1.8792538598795532,13.094062255622893,34.3107513439132,23.768607034168664,0.914398360804854,0.7578581220721001,13.094062255622893,16.760617287682564,25.08858299395571,7.0,34.3107513439132,23.768607034168664,1.6238073333177332,0.0727623762396271,1
2021-04-01,4.191216928222696,0.5568550354541228,33.94809405301258,25.215131254242756,0.6732636457378647,0.5302475263662427,0.5568550354541228,17.028394058896907,22.711227383270355,7.0,33.94809405301258,25.215131254242756,1.6238073333177332,0.0987690513987512,0
2021-04-02,5.2586777483431,7.228963558694006,34.43361058358802,25.991318022857406,0.8758975196372962,0.7040856686423355,7.228963558694006,20.87988084977104,29.82940598201701,7.0,34.43361058358802,25.991318022857406,1.6238073333177332,0.3053814819684637,1
2021-04-03,2.0645937274724093,2.6353768039866257,31.515332049122332,20.76993625574424,1.0959618144924137,0.2601159830153992,2.6353768039866257,10.421195398134778,30.67393049315545,7.0,31.515332049122332,20.76993625574424,1.530185713681239,0.2601159830153992,0
2021-04-04,1.965396974319074,5.323572545600616,30.12537074670335,24.507413438983622,0.8176079295506171,0.9419049728383292,5.323572545600616,15.18791290828127,32.50538523141791,7.0,30.12537074670335,24.507413438983622,1.530185713681239,0.2601159830153992,1
2021-04-05,4.244061372541241,1.507124354572826,29.05877777060589,22.20549014500377,0.6354303906651642,0.530088496914424,1.507124354572826,9.46607370416009,33.723431321750965,7.0,29.05877777060589,22.20549014500377,1.530185713681239,0.2601159830153992,0
2021-04-06,4.395486574876855,0.8687456019759164,28.7319500102435,22.86673615076112,0.9173036518471648,0.8313240712852497,0.8687456019759164,7.699442502149381,31.214700155907007,7.0,28.7319500102435,22.86673615076112,1.0959618144924137,0.2601159830153992,0
2021-04-07,1.872567967416078,0.8745213506410947,35.636476065651,25.691679248486786,0.2345112393498168,0.3650456934761135,0.8745213506410947,3.25039130718986,18.99515925092521,7.0,35.636476065651,25.691679248486786,1.0959618144924137,0.2601159830153992,0
2021-04-08,1.9957758194849715,0.3654990330033584,30.52056543273756,25.4924970788638,1.590496122973365,0.1002113490505245,0.3654990330033584,2.1087659856203924,18.803803248474445,7.0,30.52056543273756,25.4924970788638,1.590496122973365,0.1002113490505245,0
2021-04-09,2.1618584693673912,1.0268049183884456,35.16457720763266,22.64369507760488,0.5077008084216544,0.6737116477208488,1.0268049183884456,2.266825302032922,12.601644608168886,7.0,35.16457720763266,22.64369507760488,1.590496122973365,0.1002113490505245,0
2021-04-10,0.8866593867588677,5.456486318931661,31.439342508858047,23.684315957919832,0.279028304535147,0.0077596483374244,5.456486318931661,6.848790270323487,15.422754123113922,7.0,31.439342508858047,23.684315957919832,1.590496122973365,0.0077596483374244,0
2021-04-11,1.3976176642189622,10.672260761290977,29.97127637527273,22.92783640975829,1.3766576472291423,0.4752929765655083,10.672260761290977,17.155551998611102,20.77144233880428,7.0,29.97127637527273,22.92783640975829,1.590496122973365,0.0077596483374244,0
2021-04-12,1.2950310798975186,8.413422813307038,28.71690560734957,29.783405979913532,1.59308503188261,0.1928019026664592,8.413422813307038,24.542169893529696,27.67774079753849,7.0,28.71690560734957,29.783405979913532,1.59308503188261,0.0077596483374244,1
2021-04-13,1.578642921875046,5.778045558182285,30.235536929036748,24.556716332890726,1.664892436867118,0.6273755044353622,5.778045558182285,24.86372913278032,32.58704075374486,7.0,30.235536929036748,24.556716332890726,1.664892436867118,0.0077596483374244,1
2021-04-14,2.4583781351358627,0.5850958690531574,36.25471634871887,22.32103681745442,1.08831652878908,0.9794198731378522,0.5850958690531574,14.776564240542504,32.297615272156925,7.0,36.25471634871887,22.32103681745442,1.664892436867118,0.0077596483374244,0
2021-04-15,2.781057679043825,1.7067326074221485,28.74736976066056,26.64433429244225,0.5696627324419736,0.4644029063206459,1.7067326074221485,8.069874034657614,33.63884884657571,7.0,28.74736976066056,26.64433429244225,1.664892436867118,0.0077596483374244,0
2021-04-16,4.360600591376892,1.8539191485798177,38.35024046443896,26.7149227313666,1.527009819049688,0.8174982565256667,1.8539191485798177,4.145747625055146,34.46596307676709,7.0,38.35024046443896,26.7149227313666,1.664892436867118,0.0077596483374244,0
2021-04-17,1.301975151113451,1.4381233464810097,29.47817771759107,27.583341421047063,1.459483538877807,0.507784186951121,1.4381233464810097,4.998775102482998,30.44760010431644,7.0,29.47817771759107,27.583341421047063,1.664892436867118,0.1928019026664592,0
2021-04-18,3.681186878171901,3.618090288086634,34.24984991195374,28.175987365020188,0.6432873213857119,0.4958400311040241,3.618090288086634,6.910132783147485,23.39342963111209,7.0,34.24984991195374,28.175987365020188,1.664892436867118,0.1928019026664592,0
2021-04-19,2.2432133869293893,3.83454791469922,31.564246117235037,25.415429765732256,1.8261339605530276,0.9304234931787778,3.83454791469922,8.890761549266887,18.81455473250428,7.0,31.564246117235037,25.415429765732256,1.8261339605530276,0.4644029063206459,0
2021-04-20,2.4406435484170803,2.207166189586289,31.038321252421444,23.300296512443744,0.3878686245490922,0.8899658687466815,2.207166189586289,9.659804392372166,15.24367536390828,7.0,31.038321252421444,23.300296512443744,1.8261339605530276,0.4644029063206459,0
2021-04-21,3.3097833905999243,2.183147243924161,28.18573766862459,23.594766464791363,1.9688388312643863,0.7858004651879744,2.183147243924161,8.224861348209693,16.841726738779283,7.0,28.18573766862459,23.594766464791363,1.9688388312643863,0.4644029063206459,0
2021-04-22,1.1527335741252418,8.817481254885438,31.704821051746286,23.415849396786918,1.7484460597594362,0.2962557533167841,8.817481254885438,13.20779468839591,23.95247538624257,7.0,31.704821051746286,23.415849396786918,1.9688388312643863,0.2962557533167841,1
2021-04-23,2.958891695420861,7.786430081345391,28.525142010901988,23.192489265641942,1.4382175618623354,0.5450084157239405,7.786430081345391,18.78705858015501,29.884986319008146,7.0,28.525142010901988,23.192489265641942,1.9688388312643863,0.2962557533167841,1
2021-04-24,2.699742649855667,1.8393716297835183,26.95526870069768,26.47987361457718,1.889749798903699,0.223897233305685,1.8393716297835183,18.44328296601437,30.286234602310657,7.0,26.95526870069768,26.47987361457718,1.9688388312643863,0.223897233305685,1
2021-04-25,3.090941516809779,12.254755242514166,32.35879603465235,24.001441813871956,1.500160102982674,0.4439166980465397,12.254755242514166,21.8805569536431,38.92289955673819,7.0,32.35879603465235,24.001441813871956,1.9688388312643863,0.223897233305685,2
2021-04-26,2.847002372689382,15.268397969230026,30.093730679492733,25.94284372963241,0.5428225946540827,0.4842130657597906,15.268397969230026,29.362524841527737,50.356749611269,7.0,30.093730679492733,25.94284372963241,1.9688388312643863,0.223897233305685,2
2021-04-27,5.446360167893073,1.978137348938951,37.05304554837494,25.35303310956198,0.9958810486030611,0.8316400401693309,1.978137348938951,29.501290560683167,50.12772077062166,7.0,37.05304554837494,25.35303310956198,1.9688388312643863,0.223897233305685,2
2021-04-28,1.7347120188984209,2.1880690356209325,35.00006514527847,21.802690073755837,0.3287054437969436,0.8960283653249931,2.1880690356209325,19.434604353789933,50.13264256231842,7.0,35.00006514527847,21.802690073755837,1.889749798903699,0.223897233305685,1
2021-04-29,1.862803653997819,3.5223972788543008,37.09229654401031,20.565646660275437,0.9013833601186076,0.4146200623964778,3.5223972788543008,7.688603663414208,44.83755858628729,7.0,37.09229654401031,20.565646660275437,1.889749798903699,0.223897233305685,1
2021-04-30,1.7522313682902828,14.161338022406763,29.957351286476303,21.52667406662987,1.5348854355269756,0.0177044450732372,14.161338022406763,19.871804336882025,51.21246652734866,7.0,29.957351286476303,21.52667406662987,1.889749798903699,0.0177044450732372,2
2021-05-01,1.8334274570076945,10.450265554463936,32.40841322039386,23.14658726453842,0.8955980316754713,0.8617738397893546,10.450265554463936,28.13400085572502,59.82336045202908,7.0,32.40841322039386,23.14658726453842,1.5348854355269756,0.0177044450732372,2
2021-05-02,1.735135447232179,0.5410894290702714,25.0,24.26865620053575,0.7945295158426415,0.1742786785013607,0.5410894290702714,25.152693005940996,48.10969463858519,7.0,25.0,24.26865620053575,1.5348854355269756,0.0177044450732372,1
2021-05-03,3.926819837329062,2.4939150011702385,31.15459285793983,22.70339934531123,1.2716403005185617,0.6218819638903935,2.4939150011702385,13.48526998470447,35.3352116705254,7.0,31.15459285793983,22.70339934531123,1.5348854355269756,0.0177044450732372,0
2021-05-04,4.204605097587826,4.030137157340868,32.295495044074045,25.406130293482203,1.769968152198011,0.0249709004341311,4.030137157340868,7.065141587581401,37.38721147892731,7.0,32.295495044074045,25.406130293482203,1.769968152198011,0.0177044450732372,0
2021-05-05,1.8151044475006284,3.4971591639203408,32.46214423310531,22.94462961116608,0.2856497465830024,0.3995064752605642,3.4971591639203408,10.021211322431473,38.69630160722672,7.0,32.46214423310531,22.94462961116608,1.769968152198011,0.0177044450732372,0
2021-05-06,1.5011733122749256,1.0775083000408872,31.87289476837498,24.51391487636789,0.8938467824595238,0.9859603021153498,1.0775083000408872,8.604804621302119,36.251412628413306,7.0,31.87289476837498,24.51391487636789,1.769968152198011,0.0177044450732372,0
2021-05-07,3.065698667663685,9.788483684779266,32.199777715255,24.23516336132377,0.4848333352674729,0.1006936011038031,9.788483684779266,14.363151148740515,31.87855829078581,7.0,32.199777715255,24.23516336132377,1.769968152198011,0.0249709004341311,0
2021-05-08,1.8373323468628344,5.649598190940283,25.0,27.46886618357477,1.4516376513173652,0.4236931519996423,5.649598190940283,16.515590175760458,27.07789092726216,7.0,25.0,27.46886618357477,1.769968152198011,0.0249709004341311,0
2021-05-09,3.2595181813066127,9.097967581497205,32.76866550824593,22.049518149799454,0.3903042087760427,0.3071499501899521,9.097967581497205,24.536049457216777,35.63476907968909,7.0,32.76866550824593,22.049518149799454,1.769968152198011,0.0249709004341311,1
2021-05-10,2.7435076250215595,9.78662503402714,33.45031967579012,28.41683818230941,1.39665396544444,0.9050881233882644,9.78662503402714,24.53419080646465,42.927479112546,7.0,33.45031967579012,28.41683818230941,1.769968152198011,0.0249709004341311,2
2021-05-11,0.6811070620033217,6.898696535848757,36.01407620788655,22.81130029452079,0.7151255674362331,0.8693401079073552,6.898696535848757,25.783289151373125,45.796038491053885,7.0,36.01407620788655,22.81130029452079,1.4516376513173652,0.1006936011038031,2
2021-05-12,4.357006241596074,2.892049236190386,33.10621417783079,21.31988621927838,0.5580502647270045,0.2376987603062288,2.892049236190386,19.577370806066305,45.19092856332393,7.0,33.10621417783079,21.31988621927838,1.4516376513173652,0.1006936011038031,1
2021-05-13,4.6550532077146265,4.715057297135249,31.607788799860284,23.566170019146924,1.8854346040849737,0.0811877870504311,4.715057297135249,14.505803069174414,48.82847756041829,7.0,31.607788799860284,23.566170019146924,1.8854346040849737,0.0811877870504311,1
2021-05-14,1.7646535714187366,0.873942445366517,35.31482576669291,30.0,0.2333442381427205,0.6271383940611175,0.873942445366517,8.481048978692174,39.91393632100554,7.0,35.31482576669291,30.0,1.8854346040849737,0.0811877870504311,0
2021-05-15,2.034758128076819,5.598854061247785,25.0,25.79041047003725,0.987999089401224,0.3363687118837097,5.598854061247785,11.187853803749572,39.86319219131304,7.0,25.0,25.79041047003725,1.8854346040849737,0.0811877870504311,0
2021-05-16,2.843038468869886,0.9877034469695108,30.45515440811857,25.20592820688252,0.2389285864312288,0.6720843906060631,0.9877034469695108,7.460499953583835,31.75292805678535,7.0,30.45515440811857,25.20592820688252,1.8854346040849737,0.0811877870504311,0
2021-05-17,2.90134814798443,5.920027268512381,29.702570059823863,25.59037372328304,1.0704674865877923,0.0321197560678144,5.920027268512381,12.5065847767297,27.88633029127059,7.0,29.702570059823863,25.59037372328304,1.8854346040849737,0.0321197560678144,0
2021-05-18,3.2902531272073965,1.3042151555503232,31.896434600506065,22.460813070995385,1.1018852800299528,0.1333992351774894,1.3042151555503232,8.211945871032238,22.29184891097216,7.0,31.896434600506065,22.460813070995385,1.8854346040849737,0.0321197560678144,0
2021-05-19,4.91224544651962,0.6252731117308141,25.403921563312508,24.65208875273172,0.7789924485105446,0.6863722327726434,0.6252731117308141,7.849515535793541,20.025072786512585,7.0,25.403921563312508,24.65208875273172,1.8854346040849737,0.0321197560678144,0
2021-05-20,2.2876633270071407,0.9033215947152424,35.95890698673116,24.005004600634244,0.4378911995450426,0.2123706553024977,0.9033215947152424,2.832809861996402,16.213337084092576,7.0,35.95890698673116,24.005004600634244,1.1018852800299528,0.0321197560678144,0
2021-05-21,1.5420433065538557,0.0099706107985531,31.250570300947263,27.61813349728882,0.8774975679220556,0.8575876757624016,0.0099706107985531,1.538565317244632,15.349365249524611,7.0,31.250570300947263,27.61813349728882,1.1018852800299528,0.0321197560678144,0
2021-05-22,0.8448169263825673,6.34237205923132,32.956390073476804,23.78262456682669,1.4100732918786187,0.0585908877101354,6.34237205923132,7.255664264745138,16.092883247508148,7.0,32.956390073476804,23.78262456682669,1.4100732918786187,0.0321197560678144,0
2021-05-23,1.6228839520696972,6.591329354919006,32.66927367517968,23.243446910845183,1.6083124555600263,0.2154819827855746,6.591329354919006,12.943672024948905,21.696509155457647,7.0,32.66927367517968,23.243446910845183,1.6083124555600263,0.0321197560678144,0
2021-05-24,2.4602476325514435,3.617344873135256,35.78746968463085,21.670401205261754,1.1553510842986563,0.9985602484850686,3.617344873135256,16.551046287285605,19.39382676008052,7.0,35.78746968463085,21.670401205261754,1.6083124555600263,0.0585908877101354,0
2021-05-25,4.653469436221345,0.8798854342037745,26.414149595377857,24.28002897375123,1.26170190999156,0.4330761025867926,0.8798854342037745,11.088559662258058,18.96949703873397,7.0,26.414149595377857,24.28002897375123,1.6083124555600263,0.0585908877101354,0
2021-05-26,1.8788664411565943,0.4362625076201045,32.33696349640944,24.58590366703767,0.5611094680243749,0.7029656635446435,0.4362625076201045,4.933492814959157,18.780486434623263,7.0,32.33696349640944,24.58590366703767,1.6083124555600263,0.0585908877101354,0
2021-05-27,2.7685455419666782,0.0965714615857483,35.43853478211458,21.596823623718965,0.7171945998097691,0.1826630488570136,0.0965714615857483,1.4127194034096495,17.973736301493766,7.0,35.43853478211458,21.596823623718965,1.6083124555600263,0.0585908877101354,0
2021-05-28,2.4802925247126977,0.9060998805753396,31.706040659837925,24.90632720812115,0.4914120980942452,0.6098687349855377,0.9060998805753396,1.4389338497812147,18.86986557127055,7.0,31.706040659837925,24.90632720812115,1.6083124555600263,0.0585908877101354,0
2021-05-29,3.926071928137701,11.075414535748171,29.14619182058509,24.46635904758972,0.6487316300083004,0.7261060683694185,11.075414535748171,12.078085877909285,23.602908047787405,7.0,29.14619182058509,24.46635904758972,1.6083124555600263,0.1826630488570136,0
2021-05-30,5.532318911048346,1.3823052658091772,30.188329653032643,26.026891519767528,0.6047962044059572,0.3144766358665105,1.3823052658091772,13.363819682132712,18.393883958677574,7.0,30.188329653032643,26.026891519767528,1.26170190999156,0.1826630488570136,0
2021-05-31,1.8629574724956155,2.186879373005469,30.821173994580786,26.42473623580381,1.1350078155042278,0.8288971119758778,2.186879373005469,14.644599174562842,16.96341845854779,7.0,30.821173994580786,26.42473623580381,1.26170190999156,0.1826630488570136,0
2021-06-01,1.9126726689781333,0.5565882570548336,29.83684991143103,24.18855858722856,1.212839760423313,0.6034175784722833,0.5565882570548336,4.125772895869502,16.640121281398848,7.0,29.83684991143103,24.18855858722856,1.212839760423313,0.1826630488570136,0
2021-06-02,3.7529930524828874,1.2574663233084151,31.54156664879792,21.927270231735807,1.900905357478708,0.3891230096150302,1.2574663233084151,4.000933953368739,17.461325097087162,7.0,31.54156664879792,21.927270231735807,1.900905357478708,0.1826630488570136,0
2021-06-03,3.3182697875515736,3.661775005095822,36.52474220955501,22.33875683891071,0.5520271647827415,0.5576423933431586,3.661775005095822,5.475829585459092,21.02652864059723,7.0,36.52474220955501,22.33875683891071,1.900905357478708,0.3144766358665105,0
2021-06-04,4.7160487908832405,4.679313638308699,30.207905703387556,27.524255326158183,1.3550162782906927,0.5767608474359243,4.679313638308699,9.598554966712957,24.79974239833059,7.0,30.207905703387556,27.524255326158183,1.900905357478708,0.3144766358665105,0
2021-06-05,3.2007138223911564,1.4075213996189349,30.536978077163003,24.33097878624512,1.6710666841775412,0.165535292693866,1.4075213996189349,9.748610043023476,15.131849262201357,7.0,30.536978077163003,24.33097878624512,1.900905357478708,0.165535292693866,0
2021-06-06,2.0688494910555284,0.2973285639384077,33.37934175215094,27.49230755910212,1.2084346348094943,0.4027323698669661,0.2973285639384077,6.384163601866063,14.046872560330584,7.0,33.37934175215094,27.49230755910212,1.900905357478708,0.165535292693866,0
2021-06-07,3.208785796830771,2.479954925116879,31.475538908108373,24.99720963697446,0.6590065745019362,0.3434305880194931,2.479954925116879,4.184804888674243,14.339948112441997,7.0,31.475538908108373,24.99720963697446,1.900905357478708,0.165535292693866,0
2021-06-08,3.830444296699489,1.3341932089252793,28.012444599965352,25.50747127435689,0.6725904140360004,0.400902722579126,1.3341932089252793,4.111476697980587,15.11755306431244,7.0,28.012444599965352,25.50747127435689,1.900905357478708,0.165535292693866,0
2021-06-09,3.4845786174368367,1.2394481473601149,31.816434686662934,25.87744723247632,0.2706554955277999,0.7611105884852579,1.2394481473601149,5.053596281402294,15.09953488836414,7.0,31.816434686662934,25.87744723247632,1.6710666841775412,0.165535292693866,0
2021-06-10,3.108728837328757,16.077258807530036,31.703325702809224,21.553722371181152,0.7497996077872671,0.4825384074666726,16.077258807530036,18.65090016381545,27.515018690798357,7.0,31.703325702809224,21.553722371181152,1.6710666841775412,0.165535292693866,1
2021-06-11,3.7800096275069848,4.789477740754984,34.92703503631446,24.61390150022505,1.5402866222060845,0.9403161532392644,4.789477740754984,22.106184695645155,27.62518279324464,7.0,34.92703503631446,24.61390150022505,1.6710666841775412,0.165535292693866,1
2021-06-12,3.903154708534808,4.069555759654726,29.083542805392018,21.52600219727588,0.2855319629727987,0.2936764133584362,4.069555759654726,24.93629230793977,30.28721715328043,7.0,29.083542805392018,21.52600219727588,1.5402866222060845,0.2936764133584362,1
2021-06-13,4.158590789245032,2.687346367889876,34.94695844826633,23.430175304245072,0.5947315085086953,0.415703578284929,2.687346367889876,11.546379868299606,32.6772349572319,7.0,34.94695844826633,23.430175304245072,1.5402866222060845,0.2936764133584362,0
2021-06-14,3.278451865107571,2.8013429223173603,31.70650756370017,25.2803392722461,1.4712184973572076,0.7869568104790414,2.8013429223173603,9.558245049861984,32.99862295443238,7.0,31.70650756370017,25.2803392722461,1.5402866222060845,0.2936764133584362,0
2021-06-15,2.2994583036197747,3.8924906350990818,28.676174987255013,21.94933221893509,1.6087728130811778,0.5460245933207503,3.8924906350990818,9.38117992530634,35.55692038060618,7.0,28.676174987255013,21.94933221893509,1.6087728130811778,0.2936764133584362,0
2021-06-16,2.6760564237199875,5.960712084619026,28.07366506376921,25.118674649055343,1.0195731381114712,0.5470281464244477,5.960712084619026,12.65454564203549,40.2781843178651,7.0,28.07366506376921,25.118674649055343,1.6087728130811778,0.2936764133584362,0
2021-06-17,3.947810759810028,6.055760841675229,37.80316558372559,21.003262029068328,1.4565338092615678,0.0533401630051835,6.055760841675229,15.908963561393358,30.256686352010288,7.0,37.80316558372559,21.003262029068328,1.6087728130811778,0.0533401630051835,0
2021-06-18,1.5196771948153167,0.9418625811311384,31.52025193149368,26.28663964792314,0.8983139035788057,0.3985996627184558,0.9418625811311384,12.958335507425415,26.40907119238644,7.0,31.52025193149368,26.28663964792314,1.6087728130811778,0.0533401630051835,0
2021-06-19,2.9424079706474813,3.4668635507154195,34.80951235019146,22.671125635789306,0.4878438410434295,0.2707337324217325,3.4668635507154195,10.46448697352181,25.806378983447136,7.0,34.80951235019146,22.671125635789306,1.6087728130811778,0.0533401630051835,0
2021-06-20,2.027993425207167,2.654785333370361,26.87564181617561,21.945765151562437,0.9166690883412318,0.9993351228311154,2.654785333370361,7.063511465216942,25.773817948927626,7.0,26.87564181617561,21.945765151562437,1.6087728130811778,0.0533401630051835,0
2021-06-21,2.534493787521781,10.221413266333093,39.9130846638917,21.12928816801784,1.2439420763656572,0.3083550706323102,10.221413266333093,16.343062150418895,33.19388829294336,7.0,39.9130846638917,21.12928816801784,1.6087728130811778,0.0533401630051835,1
2021-06-22,4.034142235128758,4.99047283861855,34.679733885101385,22.84129233432468,1.9064959073352024,0.8844965347938635,4.99047283861855,17.866671438322026,34.29187049646282,7.0,34.679733885101385,22.84129233432468,1.9064959073352024,0.0533401630051835,1
2021-06-23,2.729318881623884,3.801823142536145,31.23367935753437,20.1847763860864,0.3237517137596192,0.6762337350404775,3.801823142536145,19.01370924748781,32.13298155437994,7.0,31.23367935753437,20.1847763860864,1.9064959073352024,0.0533401630051835,0
2021-06-24,2.5557238577873784,0.6130682839680344,31.08150242643347,22.90320172178334,1.113309368920929,0.3409164091920904,0.6130682839680344,9.405364265122753,26.690288996672745,7.0,31.08150242643347,22.90320172178334,1.9064959073352024,0.2707337324217325,0
2021-06-25,0.8681726308240969,4.652428645663679,34.20379438490899,26.198974050666163,0.7920556007793038,0.5435343783741237,4.652428645663679,9.06732007216788,30.400855061205288,7.0,34.20379438490899,26.198974050666163,1.9064959073352024,0.2707337324217325,0
2021-06-26,3.395504279232665,0.6233051440267388,34.03154506017514,23.62257680052033,1.1149610496980502,0.8405358799491938,0.6233051440267388,5.888802073658475,27.557296654516605,7.0,34.03154506017514,23.62257680052033,1.9064959073352024,0.3083550706323102,0
2021-06-27,3.2745810173692904,2.056459571843652,32.54758784119232,21.64496276818672,0.243155805277757,0.8833682980309119,2.056459571843652,7.332193361534093,26.958970892989896,7.0,32.54758784119232,21.64496276818672,1.9064959073352024,0.3083550706323102,0
2021-06-28,5.095905667966552,0.7706648613371263,32.032636274606695,24.452526633137616,0.7634456384628465,0.1603938750061452,0.7706648613371263,3.45042957720754,17.508222487993926,7.0,32.032636274606695,24.452526633137616,1.9064959073352024,0.1603938750061452,0
2021-06-29,2.130666118056399,5.889473191581443,33.68320125207775,24.27579155174981,1.6757626655486089,0.3395731412081696,5.889473191581443,8.716597624762244,18.407222840956823,7.0,33.68320125207775,24.27579155174981,1.6757626655486089,0.1603938750061452,0
2021-06-30,2.7629803931967265,1.154946959397232,26.77488934075947,27.913219925171436,1.1970951209383476,0.3352231802135716,1.154946959397232,7.815085012315825,15.760346657817909,7.0,26.77488934075947,27.913219925171436,1.6757626655486089,0.1603938750061452,0
2021-07-01,2.799260420452906,2.4867456483084243,30.88617586215724,25.58144203708081,1.0110484870690113,0.0420447960759446,2.4867456483084243,9.53116579928712,17.6340240221583,7.0,30.88617586215724,25.58144203708081,1.6757626655486089,0.0420447960759446,0
2021-07-02,4.392943935716169,11.30121060443565,27.05940842512146,24.61119625434569,0.7139451290876113,0.5982377598518965,11.30121060443565,14.942903212141328,24.28280598093027,7.0,27.05940842512146,24.61119625434569,1.6757626655486089,0.0420447960759446,1
2021-07-03,2.3856453611356576,1.1427681936507676,33.81377703410752,25.810133096719092,0.7364765410244407,0.854820052992188,1.1427681936507676,14.930724446394862,24.8022690305543,7.0,33.81377703410752,25.810133096719092,1.6757626655486089,0.0420447960759446,0
2021-07-04,2.834825830924407,3.544402147474845,29.972558086900044,23.73123786363988,0.8895825804630522,0.3815743878255178,3.544402147474845,15.988380945561284,26.29021160618549,7.0,29.972558086900044,23.73123786363988,1.6757626655486089,0.0420447960759446,0
2021-07-05,3.2294758116598468,2.717361033171202,27.285265763962467,23.8491736381876,1.704027277936209,0.740035944984177,2.717361033171202,7.404531374296836,28.236907778019567,7.0,27.285265763962467,23.8491736381876,1.704027277936209,0.0420447960759446,0
2021-07-06,2.72393094778763,0.0914514665828257,29.61864042794309,27.31788060686313,1.940983772254883,0.6277004136007399,0.0914514665828257,6.353214647228894,22.438886053020948,7.0,29.61864042794309,27.31788060686313,1.940983772254883,0.0420447960759446,0
2021-07-07,1.964279662539366,7.869343172279621,32.44806860439736,20.728841946367503,0.989579686430674,0.3756487354930008,7.869343172279621,10.67815567203367,29.153282265903336,7.0,32.44806860439736,20.728841946367503,1.940983772254883,0.0420447960759446,0
2021-07-08,2.732907991477969,0.35772655764686,31.38431485233257,25.93589102628188,0.9080351097459712,0.141059799492297,0.35772655764686,8.318521196509328,27.024263175241774,7.0,31.38431485233257,25.93589102628188,1.940983772254883,0.141059799492297,0
2021-07-09,3.788358099831727,3.214695072837621,28.48053032290168,23.778417048624448,1.723791396475753,0.7093238527759673,3.214695072837621,11.441764802764125,18.937747643643743,7.0,28.48053032290168,23.778417048624448,1.940983772254883,0.141059799492297,0
2021-07-10,1.2681816407067277,4.112616604663264,26.88539419480815,23.41702115749329,0.9684295771453466,0.8545651689412405,4.112616604663264,7.685038235147767,21.90759605465625,7.0,26.88539419480815,23.41702115749329,1.940983772254883,0.141059799492297,0
2021-07-11,2.659563608976251,4.950042355320459,32.22179836109151,22.894208132612576,1.1936327101321722,0.6858544924014919,4.950042355320459,12.277354032821366,23.31323626250186,7.0,32.22179836109151,22.894208132612576,1.940983772254883,0.141059799492297,0
2021-07-12,1.6598550220729922,5.833892980285947,30.25769567974862,24.30734804112837,0.61569499627774,0.017878484034818,5.833892980285947,14.896551940269692,26.4297682096166,7.0,30.25769567974862,24.30734804112837,1.940983772254883,0.017878484034818,0
2021-07-13,3.9340559547098106,1.4602739846099724,31.225757870407847,23.91294106699067,1.5383045644023354,0.2162328943909912,1.4602739846099724,12.2442093202164,27.79859072764375,7.0,31.225757870407847,23.91294106699067,1.723791396475753,0.017878484034818,0
2021-07-14,0.6721757142594704,0.0501444918227402,31.5209444375351,23.170595226546062,1.1575789728874073,0.0694799848835319,0.0501444918227402,7.344311456718681,19.979392047186867,7.0,31.5209444375351,23.170595226546062,1.723791396475753,0.017878484034818,0
2021-07-15,1.8292937832740936,6.426703629946992,33.29019706152596,22.594684509766697,1.656262190432615,0.5703860995762268,6.426703629946992,7.937122106379726,26.048369119487,7.0,33.29019706152596,22.594684509766697,1.723791396475753,0.017878484034818,0
2021-07-16,2.952654250077425,3.835654564363472,34.54083950530974,20.18933909509813,1.6053189140516055,0.7564776788404124,3.835654564363472,10.312502686133223,26.66932861101285,7.0,34.54083950530974,20.18933909509813,1.656262190432615,0.017878484034818,0
2021-07-17,4.378628835081209,9.043034056564426,32.43952760287533,22.55239251129666,0.5870085828860514,0.1105791870686594,9.043034056564426,19.30539225087491,31.59974606291401,7.0,32.43952760287533,22.55239251129666,1.656262190432615,0.017878484034818,0
2021-07-18,2.421099686712415,8.612707276657229,31.038612350721067,22.975409707478057,1.4881439910039722,0.8383378205933852,8.612707276657229,21.49139589758515,35.26241098425078,7.0,31.038612350721067,22.975409707478057,1.656262190432615,0.017878484034818,1
2021-07-19,1.833760567968162,9.267945682339606,32.074290614287406,24.302462144333685,1.6400979343124684,0.5555089783954832,9.267945682339606,26.92368701556128,38.69646368630444,7.0,32.074290614287406,24.302462144333685,1.656262190432615,0.0694799848835319,1
2021-07-20,4.757388483328708,3.318861004991347,30.982289098221138,27.92617176936301,0.8229930334083111,0.6899690121417249,3.318861004991347,21.199513963988203,40.55505070668582,7.0,30.982289098221138,27.92617176936301,1.656262190432615,0.0694799848835319,1
2021-07-21,0.7623833195005072,2.029538999184942,27.07233993910064,22.76808761297316,0.5106964032240942,0.9714018486086462,2.029538999184942,14.616345686515915,42.53444521404802,7.0,27.07233993910064,22.76808761297316,1.656262190432615,0.1105791870686594,1
2021-07-22,0.0,7.8404771291596465,35.27583851386873,21.95253829250566,0.2047378800432587,0.0836809882476973,7.8404771291596465,13.188877133335955,43.94821871326067,7.0,35.27583851386873,21.95253829250566,1.6400979343124684,0.0836809882476973,1
2021-07-23,3.028017340063999,3.000963530161353,34.71031658746341,22.57100781739381,1.0116265755676668,0.9012240229777893,3.000963530161353,12.870979658505965,43.11352767905856,7.0,34.71031658746341,22.57100781739381,1.6400979343124684,0.0836809882476973,1
2021-07-24,1.8975349307768663,1.0132878735771451,37.96500198074179,24.306689535204228,0.8343789167699149,0.1261026959874093,1.0132878735771451,11.854728532898166,35.08378149607127,7.0,37.96500198074179,24.306689535204228,1.6400979343124684,0.0836809882476973,0
2021-07-25,1.2745206194431442,9.654211885867282,38.841497919432825,25.177270919592544,1.198837700885736,0.3929588066366822,9.654211885867282,13.668463289605802,36.125286105281326,7.0,38.841497919432825,25.177270919592544,1.6400979343124684,0.0836809882476973,1
2021-07-26,3.350027736759224,10.70913332417349,28.47193960324172,25.456690426139087,0.5384739666598144,0.8514386963311144,10.70913332417349,21.37663308361794,37.56647374711521,7.0,28.47193960324172,25.456690426139087,1.198837700885736,0.0836809882476973,1
2021-07-27,2.7925608565254385,3.139698380022537,30.993800238863518,25.65541599646853,1.747397985799655,0.9062542367378682,3.139698380022537,23.50304359006333,37.3873111221464,7.0,30.993800238863518,25.65541599646853,1.747397985799655,0.0836809882476973,1
2021-07-28,1.8231056431159256,0.3935914484397892,39.53461879061043,25.93846117522395,0.6639593881305974,0.5063716735451453,0.3935914484397892,14.242423152635835,35.75136357140125,7.0,39.53461879061043,25.93846117522395,1.747397985799655,0.0836809882476973,1
2021-07-29,0.9636347215949268,2.453694350175748,31.87834815325329,23.44223272505366,0.60757328915777,0.5941046382754251,2.453694350175748,5.986984178638096,30.364580792417343,7.0,31.87834815325329,23.44223272505366,1.747397985799655,0.1261026959874093,0
2021-07-30,3.546948793936173,8.136422586247193,32.732632707640256,28.106280367482416,1.0652853016718409,0.7081473345985572,8.136422586247193,10.983708384862751,35.50003984850319,7.0,32.732632707640256,28.106280367482416,1.747397985799655,0.1261026959874093,1
2021-07-31,3.280241413550393,11.602423117498834,27.436610144916266,23.29046295768247,1.0979318427396938,0.8327586684527142,11.602423117498834,22.1925400539218,46.08917509242488,7.0,27.436610144916266,23.29046295768247,1.747397985799655,0.3929588066366822,2
2021-08-01,2.3809889634647403,1.1374696431004256,32.45086589473032,24.218681152681818,0.5871534118131672,0.1215111695376661,1.1374696431004256,20.876315346846475,37.57243284965802,7.0,32.45086589473032,24.218681152681818,1.747397985799655,0.1215111695376661,1
2021-08-02,4.715964395257199,0.3466089780181736,37.79582112427727,26.591654143545384,0.6893493081066484,0.8100693082292276,0.3466089780181736,13.086501738617454,27.209908503502703,7.0,37.79582112427727,26.591654143545384,1.747397985799655,0.1215111695376661,0
2021-08-03,1.215898280408617,10.492121014020714,35.85987743031058,25.13285005597553,0.5054694304794409,0.4812761505116167,10.492121014020714,11.976199635139334,34.56233113750088,7.0,35.85987743031058,25.13285005597553,1.0979318427396938,0.1215111695376661,1
2021-08-04,0.6693697948903135,2.4666064372231298,30.17004613544437,20.0,1.4932283209817,0.450623425108169,2.4666064372231298,13.305336429262038,36.63534612628422,7.0,30.17004613544437,20.0,1.4932283209817,0.1215111695376661,0
2021-08-05,1.6697103161425066,3.9018215946856776,30.811050900294752,24.011271660593707,1.5861602562573474,0.4238997519969982,3.9018215946856776,16.86054904592954,38.08347337079415,7.0,30.811050900294752,24.011271660593707,1.5861602562573474,0.1215111695376661,1
2021-08-06,2.4452967803734027,17.220390602646056,28.60729912251721,25.723929512172973,1.0321912954267087,0.5092115852460426,17.220390602646056,23.588818634554883,47.16744138719301,7.0,28.60729912251721,25.723929512172973,1.5861602562573474,0.1215111695376661,2
2021-08-07,2.79200733918723,0.3444182867956367,29.446510579250884,21.313059440940883,1.4853566408330314,0.9450505533946036,0.3444182867956367,21.46663048412739,35.909436556489815,7.0,29.446510579250884,21.313059440940883,1.5861602562573474,0.1215111695376661,1
2021-08-08,2.210516730572404,5.225139709923749,26.269364213640596,25.50138559025797,1.5246837054874018,0.5482037727921516,5.225139709923749,22.789948599365463,39.99710662331314,7.0,26.269364213640596,25.50138559025797,1.5861602562573474,0.4238997519969982,1
2021-08-09,2.9224664758171564,0.3849744904506248,31.74554097602077,24.780307880026907,0.4488959498200555,0.9531775382631392,0.3849744904506248,5.954532487170032,40.03547213574559,7.0,31.74554097602077,24.780307880026907,1.5861602562573474,0.4238997519969982,0
2021-08-10,0.9981526909714672,2.3537709819860084,36.53033203979123,26.367840967702747,1.9391204447021664,0.1802901306156406,2.3537709819860084,7.9638851823604035,31.897122103710885,7.0,36.53033203979123,26.367840967702747,1.9391204447021664,0.1802901306156406,0
2021-08-11,4.232517524887911,8.14347434561074,33.06629577228125,22.61613735532272,1.6778575047735758,0.7241359788326331,8.14347434561074,10.882219818047394,37.57399001209849,7.0,33.06629577228125,22.61613735532272,1.9391204447021664,0.1802901306156406,1
2021-08-12,2.401418585928917,2.8411459213976,36.0987169698972,25.99178683117849,0.5680702301524823,0.8122395386087472,2.8411459213976,13.33839124899437,36.51331433881042,7.0,36.0987169698972,25.99178683117849,1.9391204447021664,0.1802901306156406,1
2021-08-13,3.840754997905753,29.359267299804664,35.21974820277799,24.319216494801665,0.5350970643429265,0.6791288313348619,29.359267299804664,40.343887566813024,48.65219103596903,7.0,35.21974820277799,24.319216494801665,1.9391204447021664,0.1802901306156406,2
2021-08-14,2.911270415653245,4.094224227788536,30.35957573128212,27.53210060810457,0.4261900620432489,0.6069222802265404,4.094224227788536,36.29463744899082,52.401996976961925,7.0,30.35957573128212,27.53210060810457,1.9391204447021664,0.1802901306156406,2
2021-08-15,3.048103862984541,1.9368649544732373,29.721480015780656,29.572099875626648,0.4490814125754531,0.5648127810861823,1.9368649544732373,35.39035648206646,49.11372222151141,7.0,29.721480015780656,29.572099875626648,1.9391204447021664,0.1802901306156406,2
2021-08-16,3.183720736278645,1.24302047501835,29.836446329445632,27.076660878105105,1.5466912382516531,0.860930482578696,1.24302047501835,7.274109657280144,49.97176820607913,7.0,29.836446329445632,27.076660878105105,1.9391204447021664,0.1802901306156406,1
2021-08-17,3.0372502720207777,2.1579202945019085,26.848814154673853,24.961037356216448,1.0453776625129223,0.8216465971645001,2.1579202945019085,5.337805723993517,49.77591751859504,7.0,26.848814154673853,24.961037356216448,1.6778575047735758,0.5648127810861823,1
2021-08-18,3.2712673118410525,2.330323176468781,32.096990698386726,28.64200799212361,1.6092815109317609,0.1222887211805995,2.330323176468781,5.731263945989061,43.96276634945309,7.0,32.096990698386726,28.64200799212361,1.6092815109317609,0.1222887211805995,1
2021-08-19,4.094983036158918,0.3559425313132252,25.0,25.206956083335967,1.5432588098303697,0.8485876570308781,0.3559425313132252,4.844186002283935,41.477562959368704,7.0,25.0,25.206956083335967,1.6092815109317609,0.1222887211805995,1
2021-08-20,2.735825403641764,2.306799069853607,33.774246527859155,22.184108572954766,1.2883028843093989,0.4140686194404425,2.306799069853607,4.9930647776356345,14.425094729417648,7.0,33.774246527859155,22.184108572954766,1.6092815109317609,0.1222887211805995,0
2021-08-21,3.350804509106214,3.1203310823324064,32.21564280715663,23.92145338609685,1.4354598918416233,0.2536968299958108,3.1203310823324064,5.78307268349926,13.451201583961518,7.0,32.21564280715663,23.92145338609685,1.6092815109317609,0.1222887211805995,0
2021-08-22,2.392317166855328,6.413957389264605,33.41431959948452,25.523344372590003,0.2330403038824552,0.8697685680139259,6.413957389264605,11.84108754145064,17.928294018752887,7.0,33.41431959948452,25.523344372590003,1.6092815109317609,0.1222887211805995,0
2021-08-23,4.228140658539367,5.34618234187654,35.17104884884441,25.651908311240128,0.7611997642490396,0.4320247996337416,5.34618234187654,14.880470813473574,22.031455885611077,7.0,35.17104884884441,25.651908311240128,1.6092815109317609,0.1222887211805995,0
2021-08-24,1.6883292375288763,6.1681351370333335,32.59638376501656,21.74947022038468,1.3480799226669384,0.8083646901768167,6.1681351370333335,17.9282748681745,26.041670728142503,7.0,32.59638376501656,21.74947022038468,1.6092815109317609,0.1222887211805995,0
2021-08-25,4.661128519492978,0.0419942685605839,36.894715212964265,21.812935427080653,0.2168209162752395,0.2634036119558445,0.0419942685605839,11.55631174747048,23.753341820234304,7.0,36.894715212964265,21.812935427080653,1.5432588098303697,0.2536968299958108,0
2021-08-26,2.451810459226788,1.227376543151715,33.86583743285663,23.317380307580304,0.2593584986286681,0.0039293214222178,1.227376543151715,7.437505948745653,24.6247758320728,7.0,33.86583743285663,23.317380307580304,1.4354598918416233,0.0039293214222178,0
2021-08-27,0.7830698774583422,5.418878807356186,29.72861945955185,25.06908722691238,1.7333983684466898,0.4954591929029444,5.418878807356186,6.688249619068506,27.736855569575376,7.0,29.72861945955185,25.06908722691238,1.7333983684466898,0.0039293214222178,0
2021-08-28,2.6537252978929478,3.3081395470501223,31.286866873562364,25.32512509975984,1.4312447510457291,0.1002282566428842,3.3081395470501223,9.954394897558045,27.92466403429309,7.0,31.286866873562364,25.32512509975984,1.7333983684466898,0.0039293214222178,0
2021-08-29,1.682738011030143,0.026638211927366,25.21612691974959,24.28261024820962,0.6776655196166191,0.7543759555249097,0.026638211927366,8.753656566333694,21.53734485695585,7.0,25.21612691974959,24.28261024820962,1.7333983684466898,0.0039293214222178,0
2021-08-30,3.508772258786469,8.160837477457024,29.293428678583503,22.331142532964705,1.4383331122136762,0.2760751360694103,8.160837477457024,11.495615236434531,24.35199999253633,7.0,29.293428678583503,22.331142532964705,1.7333983684466898,0.0039293214222178,0
2021-08-31,1.7168512248371308,7.409833644919387,30.85701078219983,27.473885886038605,1.626422004450674,0.4436456466034787,7.409833644919387,15.597309334303798,25.593698500422388,7.0,30.85701078219983,27.473885886038605,1.7333983684466898,0.0039293214222178,0
2021-09-01,1.9645798801422645,3.975004405811174,33.638820828673,21.85588387631392,0.7522297095981823,0.0870335650915542,3.975004405811174,19.54567552818761,29.52670863767298,7.0,33.638820828673,21.85588387631392,1.7333983684466898,0.0039293214222178,0
2021-09-02,0.2325511228653627,0.3438751498821395,29.74891691437457,26.604681489707524,0.2648672794985374,0.2866592484472526,0.3438751498821395,11.728713200612722,28.643207244403403,7.0,29.74891691437457,26.604681489707524,1.7333983684466898,0.0870335650915542,0
2021-09-03,1.957232416901108,7.273188279549895,28.261207958196707,25.47764656690073,1.879002424437922,0.781490243258572,7.273188279549895,11.592067835243231,30.49751671659711,7.0,28.261207958196707,25.47764656690073,1.879002424437922,0.0870335650915542,0
2021-09-04,0.0,4.38190882295859,26.337404290975623,26.56066460774346,0.8213237089321348,0.1515879119023194,4.38190882295859,11.998972252390647,31.57128599250558,7.0,26.337404290975623,26.56066460774346,1.879002424437922,0.0870335650915542,0
2021-09-05,0.599316611817132,7.615383210126404,30.210747444220047,23.111133414154168,0.3916671739124715,0.6471595611269574,7.615383210126404,19.27048031263491,39.16003099070461,7.0,30.210747444220047,23.111133414154168,1.879002424437922,0.0870335650915542,1
2021-09-06,3.412497587373157,6.966534304535216,37.852555407103786,23.714691603821592,1.0853423685076653,0.9174258528045012,6.966534304535216,18.963826337620237,37.965727817782806,7.0,37.852555407103786,23.714691603821592,1.879002424437922,0.0870335650915542,1
2021-09-07,3.4429601903809983,8.122810339259654,32.8133211046911,24.11008511456209,1.5832420321954408,0.6798367597577203,8.122810339259654,22.704727853921295,38.67870451212308,7.0,32.8133211046911,24.11008511456209,1.879002424437922,0.0870335650915542,1
2021-09-08,3.0105490741419576,3.6491395017543886,34.81873823706554,23.04720447879697,0.5989651663116065,0.8110216892922268,3.6491395017543886,18.73848414554928,38.35283960806629,7.0,34.81873823706554,23.04720447879697,1.879002424437922,0.1515879119023194,1
2021-09-09,1.3396286282449446,0.7560015384221204,29.29983730200725,24.450516906990195,0.6850820902400541,0.1089716293039158,0.7560015384221204,12.527951379436184,38.76496599660627,7.0,29.29983730200725,24.450516906990195,1.879002424437922,0.1089716293039158,0
2021-09-10,2.442746372629624,5.560881426470513,27.279650719693343,27.15817891214241,0.6368869762374497,0.2507318260020544,5.560881426470513,9.966022466647043,37.052659143526895,7.0,27.279650719693343,27.15817891214241,1.5832420321954408,0.1089716293039158,0
2021-09-11,2.495676953091318,4.844158034676422,28.3367676077358,21.40633230566405,1.9850114950970208,0.894538852240591,4.844158034676422,11.161040999569076,37.51490835524472,7.0,28.3367676077358,21.40633230566405,1.9850114950970208,0.1089716293039158,1
2021-09-12,1.1099623729689487,6.778887608141981,31.70860667252709,22.68557658357782,0.5553267207149766,0.7151056136180892,6.778887608141981,17.183927069288938,36.6784127532603,7.0,31.70860667252709,22.68557658357782,1.9850114950970208,0.1089716293039158,1
2021-09-13,4.304077962120581,0.9309311113175608,26.017613469562228,22.468509362587486,1.2359363905390233,0.6395538263773112,0.9309311113175608,12.553976754135986,30.642809560042643,7.0,26.017613469562228,22.468509362587486,1.9850114950970208,0.1089716293039158,0
2021-09-14,3.5528347486908056,1.0844109723041844,28.98022875077069,23.811163475727906,1.865476354982536,0.6637667361217,1.0844109723041844,8.794229691763748,23.604410193087173,7.0,28.98022875077069,23.811163475727906,1.9850114950970208,0.1089716293039158,0
2021-09-15,2.2348429914044035,11.055023720907291,30.24091794208612,23.728947462042257,0.4644138239800026,0.4142005543046434,11.055023720907291,13.07036580452906,31.01029441224008,7.0,30.24091794208612,23.728947462042257,1.9850114950970208,0.1089716293039158,1
2021-09-16,2.532263006793437,6.9310277943560505,28.03722408181009,25.54462916888141,1.9475375561618604,0.0445566316176532,6.9310277943560505,19.07046248756755,37.18532066817401,7.0,28.03722408181009,25.54462916888141,1.9850114950970208,0.0445566316176532,1
2021-09-17,2.750059369537063,11.942266819727802,25.628950948025512,24.06744620584275,1.9054590219121244,0.784441542070729,11.942266819727802,29.928318334991168,43.5667060614313,7.0,25.628950948025512,24.06744620584275,1.9850114950970208,0.0445566316176532,2
2021-09-18,0.0499181578908514,7.108889013113904,32.86896109462927,24.60576655343861,1.7922295767048726,0.6787132362153538,7.108889013113904,25.982183627197777,45.83143703986878,7.0,32.86896109462927,24.60576655343861,1.9475375561618604,0.0445566316176532,2
2021-09-19,2.203387140975284,4.546020829885577,32.1376143346537,24.796896091024003,0.5862017383940041,0.4728044641127247,4.546020829885577,23.597176662727303,43.59857026161237,7.0,32.1376143346537,24.796896091024003,1.9475375561618604,0.0445566316176532,1
2021-09-20,1.6816189024026418,5.308501052794627,34.33708960289039,24.49080812241162,1.34129910081977,0.8997596153682574,5.308501052794627,16.96341089579413,47.97614020308944,7.0,34.33708960289039,24.49080812241162,1.9475375561618604,0.0445566316176532,1
2021-09-21,1.2980559881261011,10.996891050998268,28.668722752242672,25.406626122915185,1.5696046513302322,0.3361596649850988,10.996891050998268,20.851412933678496,57.88862028178352,7.0,28.668722752242672,25.406626122915185,1.9475375561618604,0.0445566316176532,2
2021-09-22,2.1626796485368542,4.323317676020178,34.27976822914241,23.75535323573451,1.9748502707535736,0.2943217442312359,4.323317676020178,20.628709779813093,51.15691423689641,7.0,34.27976822914241,23.75535323573451,1.9748502707535736,0.0445566316176532,2
2021-09-23,4.657223832219427,5.003681439657029,36.58791258346066,27.292736792149995,0.5247628797464667,0.8727963250794428,5.003681439657029,20.323890166675497,49.22956788219739,7.0,36.58791258346066,27.292736792149995,1.9748502707535736,0.2943217442312359,2
2021-09-24,3.269011433520412,0.8508388667527144,32.78664419671056,29.083239693437584,1.5788466191347337,0.7969876547589855,0.8508388667527144,10.177837982429944,38.1381399292223,7.0,32.78664419671056,29.083239693437584,1.9748502707535736,0.2943217442312359,1
2021-09-25,1.814585212260644,3.211521529083448,30.170191116660018,25.41246194953414,0.8098421058688035,0.5149798106483447,3.211521529083448,9.066041835493214,34.240772445191844,7.0,30.170191116660018,25.41246194953414,1.9748502707535736,0.2943217442312359,1
2021-09-26,3.1870993376273904,6.300901504357142,32.43524194852773,24.455982327418123,0.5161276380224042,0.1307347394578499,6.300901504357142,10.363261900193327,35.995653119663416,7.0,32.43524194852773,24.455982327418123,1.9748502707535736,0.1307347394578499,1
2021-09-27,4.1792265239032025,1.5800147346499278,30.02663783211327,25.249164618634488,0.9584784941849388,0.2150714714650524,1.5800147346499278,11.09243776809054,32.26716680151871,7.0,30.02663783211327,25.249164618634488,1.9748502707535736,0.1307347394578499,0
2021-09-28,3.6095604194953226,1.1298262711589633,29.527149326963745,21.79793382823271,1.6289046418675095,0.6562279904088066,1.1298262711589633,9.010742510166056,22.400102021679405,7.0,29.527149326963745,21.79793382823271,1.9748502707535736,0.1307347394578499,0
2021-09-29,2.571556443904209,1.8831260848764964,34.04978116850998,24.36021093493083,1.036729646667294,0.3850412378404116,1.8831260848764964,4.592967090685411,19.959910430535725,7.0,34.04978116850998,24.36021093493083,1.6289046418675095,0.1307347394578499,0
2021-09-30,1.7236758667533114,1.3820665406717283,31.582849040638404,22.537350786102785,1.1675415803654874,0.8364731916659712,1.3820665406717283,4.395018896707211,16.338295531550422,7.0,31.582849040638404,22.537350786102785,1.6289046418675095,0.1307347394578499,0
2021-10-01,3.337867976336308,1.2098013849627498,35.61528696035009,25.01995383448066,1.991286938360218,0.949955009332204,1.2098013849627498,4.474994010510997,16.69725804976046,7.0,35.61528696035009,25.01995383448066,1.991286938360218,0.1307347394578499,0
2021-10-02,2.9721824625060997,2.765629340582181,30.67273103226929,22.547281384045704,0.918396739203367,0.8056369252749183,2.765629340582181,5.357497266216682,16.251365861259192,7.0,30.67273103226929,22.547281384045704,1.991286938360218,0.1307347394578499,0
2021-10-03,3.574231864033279,11.92106478384444,30.976476257989965,23.31044510928221,1.3077213584766316,0.3775454229955571,11.92106478384444,15.896495509389394,21.87152914074649,7.0,30.976476257989965,23.31044510928221,1.991286938360218,0.2150714714650524,1
2021-10-04,3.262206162018364,3.5368354977931604,30.300467014305585,20.256058188953894,0.8574395629076694,0.7886864292314241,3.5368354977931604,18.223529622219804,23.828349903889723,7.0,30.300467014305585,20.256058188953894,1.991286938360218,0.3775454229955571,1
2021-10-05,3.759463258383202,1.0407844522212926,28.639449683938384,21.653508620104663,0.9070141633916688,0.3514416734706834,1.0407844522212926,16.498684733858916,23.739308084952054,7.0,28.639449683938384,21.653508620104663,1.991286938360218,0.3514416734706834,0
2021-10-06,1.8577177461273184,0.4004767544422319,34.44327469584977,24.70974760587209,1.4521533562017346,0.1671000877656339,0.4004767544422319,4.978096704456708,22.256658754517787,7.0,34.44327469584977,24.70974760587209,1.991286938360218,0.1671000877656339,0
2021-10-07,4.080872878761191,5.956206724269233,38.55713499384246,22.26230784336314,1.88819655697079,0.0333932048658573,5.956206724269233,7.39746793093278,26.83079893811529,7.0,38.55713499384246,22.26230784336314,1.991286938360218,0.0333932048658573,0
2021-10-08,2.73711952563088,2.4128007830491347,30.853318284301544,26.127547967571157,1.1762461108861786,0.38571671276102,2.4128007830491347,8.769484261760622,28.03379833620168,7.0,30.853318284301544,26.127547967571157,1.88819655697079,0.0333932048658573,0
2021-10-09,4.990313047150318,8.625112205608028,29.95851216897498,22.09222182317337,1.5831198721078037,0.903559303697282,8.625112205608028,16.99411971292642,33.89328120122752,7.0,29.95851216897498,22.09222182317337,1.88819655697079,0.0333932048658573,1
2021-10-10,1.6729746182925185,5.386858899283821,29.764029548878728,24.906509002571543,0.3605718058705349,0.2389865877556765,5.386858899283821,16.424771887941006,27.359075316666903,7.0,29.764029548878728,24.906509002571543,1.88819655697079,0.0333932048658573,0
2021-10-11,4.583156563798299,7.954097836041615,29.96080031719886,22.476248742056484,0.5800844673774685,0.206513164929784,7.954097836041615,21.96606894093349,31.77633765491536,7.0,29.96080031719886,22.476248742056484,1.88819655697079,0.0333932048658573,1
2021-10-12,2.7374929401551773,1.5869005592718597,36.94935105872241,24.77093955006705,1.1038369536551584,0.9698207852410404,1.5869005592718597,14.927857294597318,32.322453761965924,7.0,36.94935105872241,24.77093955006705,1.88819655697079,0.0333932048658573,0
2021-10-13,1.718298395662662,5.894107541012077,29.844558440720327,20.93042534180972,0.2360211025317946,0.0250041128505921,5.894107541012077,15.435105936325574,37.81608454853577,7.0,29.844558440720327,20.93042534180972,1.88819655697079,0.0250041128505921,1
2021-10-14,1.919336999134814,1.5330469106684042,30.24419959733138,23.093634048740885,0.6551389617726059,0.7857821503937543,1.5330469106684042,9.014055010952363,33.392924734934944,7.0,30.24419959733138,23.093634048740885,1.5831198721078037,0.0250041128505921,0
2021-10-15,2.115583230166816,13.99002329675527,28.278937243547084,22.30757342942453,1.131322321684939,0.3213699557408703,13.99002329675527,21.417177748435773,44.97014724864108,7.0,28.278937243547084,22.30757342942453,1.5831198721078037,0.0250041128505921,1
2021-10-16,3.0089991356823,5.058150931618789,32.880946321589214,25.76646515061796,0.2269301568613413,0.0374879568696593,5.058150931618789,20.581221139042487,41.40318597465184,7.0,32.880946321589214,25.76646515061796,1.131322321684939,0.0250041128505921,1
2021-10-17,3.1274025856425998,1.9615979526792973,31.79831131354704,24.924524928908408,0.676183315206875,0.9178025402095836,1.9615979526792973,21.009772181053386,37.97792502804732,7.0,31.79831131354704,24.924524928908408,1.131322321684939,0.0250041128505921,1
2021-10-18,1.8115599952737047,1.570211432581741,28.58846367259232,21.53484789076904,1.125255475056565,0.1396423302095836,1.570211432581741,8.58996031687985,31.59403862458744,7.0,28.58846367259232,21.53484789076904,1.131322321684939,0.0250041128505921,0
2021-10-19,2.4707744892868204,1.0593280914634784,29.321511208045763,23.59363852675824,1.2316686463662423,0.5517792837256954,1.0593280914634784,4.59113747672454,31.06646615677906,7.0,29.321511208045763,23.59363852675824,1.2316686463662423,0.0250041128505921,0
2021-10-20,5.070724430334236,5.931335053787402,36.59880011160667,22.45536431455433,1.8663530474995496,0.2740542074295478,5.931335053787402,8.560874577832644,31.103693669554385,7.0,36.59880011160667,22.45536431455433,1.8663530474995496,0.0374879568696593,0
2021-10-21,4.573051804120853,1.234080317687602,32.098123268806305,25.900514387737086,1.3616221218510942,0.065192802184691,1.234080317687602,8.224743462938505,30.804727076573585,7.0,32.098123268806305,25.900514387737086,1.8663530474995496,0.0374879568696593,0
2021-10-22,3.0235884036088385,4.523086485645732,32.30505618634189,26.54304829530788,0.9465244445539888,0.049922485663379,4.523086485645732,11.68850185712076,21.337790265464047,7.0,32.30505618634189,26.54304829530788,1.8663530474995496,0.0374879568696593,0
2021-10-23,2.5456041738018405,1.536941705045495,32.31696147507819,21.116709706978373,1.874632118839522,0.1155566988363387,1.536941705045495,7.2941085083788515,17.81658103889075,7.0,32.31696147507819,21.116709706978373,1.874632118839522,0.049922485663379,0
2021-10-24,2.6440375920619137,5.423087542058411,36.18387616463353,25.653405948762963,1.6127893700980296,0.07136701388938,5.423087542058411,11.48311573274966,21.278070628269862,7.0,36.18387616463353,25.653405948762963,1.874632118839522,0.049922485663379,0
2021-10-25,3.2362215672765,8.435368576448173,28.86435691303787,22.35340786148458,0.5600160580029456,0.7605581155199229,8.435368576448173,15.395397823552102,28.143227772136296,7.0,28.86435691303787,22.35340786148458,1.874632118839522,0.049922485663379,0
2021-10-26,1.2726489217619137,7.525958057169422,30.810813439470635,23.494166454561363,0.4355162504278755,0.4855662022834291,7.525958057169422,21.384414175676028,34.60985773784224,7.0,30.810813439470635,23.494166454561363,1.874632118839522,0.049922485663379,1
2021-10-27,2.191148155091986,7.153349370632601,31.49310438001247,24.064508458121917,1.4164609443369194,0.3428920913489797,7.153349370632601,23.11467600425022,35.83187205468744,7.0,31.49310438001247,24.064508458121917,1.874632118839522,0.049922485663379,1
2021-10-28,0.4976991113468929,1.0395656616596674,26.836472524130823,27.633212327110947,1.207789698038571,0.4183689101320071,1.0395656616596674,15.718873089461711,35.63735739865951,7.0,26.836472524130823,27.633212327110947,1.874632118839522,0.049922485663379,1
2021-10-29,2.979067747126335,0.462687345025399,29.25157545025597,21.992300545938228,1.6214125048269603,0.9289467355726232,0.462687345025399,8.65560237731769,31.576958258039173,7.0,29.25157545025597,21.992300545938228,1.874632118839522,0.07136701388938,0
2021-10-30,3.276635127643289,6.002375118285905,35.140024481842815,25.669499445286604,1.5298490901416355,0.9107518127381472,6.002375118285905,7.504628124970995,36.04239167127958,7.0,35.140024481842815,25.669499445286604,1.6214125048269603,0.07136701388938,0
2021-10-31,1.9201762452407516,2.297077123598895,34.28064048899035,21.656991183660764,1.325380760943527,0.7156764801225769,2.297077123598895,8.762139586910223,32.91638125282007,7.0,34.28064048899035,21.656991183660764,1.6214125048269603,0.3428920913489797,0
2021-11-01,4.38878411594804,2.831217998206428,34.81120062530609,21.51881283031853,1.9754879089320057,0.8846823774216878,2.831217998206428,11.130670240091252,27.31223067457832,7.0,34.81120062530609,21.51881283031853,1.9754879089320057,0.3428920913489797,0
2021-11-02,1.0290812043971906,0.158222707306519,30.2327293324058,24.05692689683831,1.1604615141987356,0.3196480275876248,0.158222707306519,5.286517829111865,19.94449532471542,7.0,30.2327293324058,24.05692689683831,1.9754879089320057,0.3196480275876248,0
2021-11-03,0.7427501437482158,1.5026644533912372,30.60291427964349,24.043458981979445,0.4035903617030957,0.3811093260082828,1.5026644533912372,4.492105158904208,14.293810407474057,7.0,30.60291427964349,24.043458981979445,1.9754879089320057,0.3196480275876248,0
2021-11-04,2.7693421822719664,0.1712825761378989,26.6358035148859,20.0,1.690892416668779,0.613712181854228,0.1712825761378989,1.8321697368356784,13.425527321952286,7.0,26.6358035148859,20.0,1.9754879089320057,0.3196480275876248,0
2021-11-05,3.756517963134585,10.567506119683948,34.79580362694893,26.319192578751,0.6533360522222762,0.6236259472972642,10.567506119683948,12.241453149213108,23.530346096610835,7.0,34.79580362694893,26.319192578751,1.9754879089320057,0.3196480275876248,1
2021-11-06,4.520713229749442,1.394580914974728,35.289956806298285,20.0,1.599143866659053,0.4816998380123409,1.394580914974728,12.1333696107966,18.92255189329966,7.0,35.289956806298285,20.0,1.9754879089320057,0.3196480275876248,0
2021-11-07,1.949338884557272,4.074734519277519,35.251762899606824,23.7081251277734,1.9227927728000924,0.4006578484379532,4.074734519277519,16.036821553936218,20.70020928897828,7.0,35.251762899606824,23.7081251277734,1.9754879089320057,0.3196480275876248,1
2021-11-08,3.794417000117555,0.1987967584027297,36.81227376043172,26.65523090321061,1.4542319251358142,0.9861803116086952,0.1987967584027297,5.668112192654999,18.067788049174585,7.0,36.81227376043172,26.65523090321061,1.9227927728000924,0.3196480275876248,0
2021-11-09,2.4537898365991517,5.495773048072541,33.266325780469714,28.41836793337736,1.272854289709642,0.8211236261177244,5.495773048072541,9.769304325752811,23.405338389940603,7.0,33.266325780469714,28.41836793337736,1.9227927728000924,0.3811093260082828,1
2021-11-10,2.2928472400710165,1.950621997161652,36.67064550964008,23.27390027262284,1.028695116215073,0.4349801978880452,1.950621997161652,7.645191803636945,23.85329593371102,7.0,36.67064550964008,23.27390027262284,1.9227927728000924,0.4006578484379532,0
2021-11-11,3.560391924984007,11.409952473304836,31.398576172526365,21.134101832765825,0.8559377587917258,0.7272924772395685,11.409952473304836,18.856347518539053,35.09196583087795,7.0,31.398576172526365,21.134101832765825,1.9227927728000924,0.4006578484379532,1
2021-11-12,3.282787454096104,10.951561116018706,26.69896890498335,26.58109645153592,0.8354085517493053,0.2695616932524595,10.951561116018706,24.312135586485216,35.476020827212714,7.0,26.69896890498335,26.58109645153592,1.9227927728000924,0.2695616932524595,1
2021-11-13,0.6083294116189009,1.96736613271068,34.58217403172036,25.73031310024053,1.345470870277263,0.1001693262373298,1.96736613271068,24.328879722034245,36.04880604494867,7.0,34.58217403172036,25.73031310024053,1.9227927728000924,0.1001693262373298,1
2021-11-14,4.271848419671075,11.561202569055895,26.588332621973912,23.02201542084305,1.5522916104879425,0.3524310255527406,11.561202569055895,24.480129817785304,43.53527409472704,7.0,26.588332621973912,23.02201542084305,1.5522916104879425,0.1001693262373298,2
2021-11-15,4.156109624976942,27.808386180741863,32.51060614848009,22.768525083581583,1.4213307250719458,0.4029728001233942,27.808386180741863,41.33695488250847,71.14486351706618,7.0,32.51060614848009,22.768525083581583,1.5522916104879425,0.1001693262373298,2
2021-11-16,1.7493247581885647,8.726736769711309,34.865971406372765,22.565215672681138,0.5571381821484129,0.0165371245606708,8.726736769711309,48.09632551950909,74.37582723870494,7.0,34.865971406372765,22.565215672681138,1.5522916104879425,0.0165371245606708,2
2021-11-17,2.9749642401248906,9.317502459260153,32.97277638810559,23.310826928530734,1.0891769242582845,0.814792001635896,9.317502459260153,45.85262540971335,81.74270770080344,7.0,32.97277638810559,23.310826928530734,1.5522916104879425,0.0165371245606708,2
2021-11-18,3.0928362235392868,1.431806299604674,38.834729211746826,24.632136284803263,1.624952129929513,0.3591934023891815,1.431806299604674,19.476045528576154,71.7645615271033,7.0,38.834729211746826,24.632136284803263,1.624952129929513,0.0165371245606708,1
2021-11-19,2.8128085189886884,4.298398992553327,26.102213017559063,22.867970834526457,1.0562673407403014,0.580418165780147,4.298398992553327,15.047707751418171,65.1113994036379,7.0,26.102213017559063,22.867970834526457,1.624952129929513,0.0165371245606708,1
2021-11-20,1.839633815385496,0.3481220362865055,31.75141798239225,23.12083944887552,1.165921903523889,0.0739631872709559,0.3481220362865055,6.078327328444528,63.492155307213736,7.0,31.75141798239225,23.12083944887552,1.624952129929513,0.0165371245606708,1
2021-11-21,1.694051958474338,0.4986483092402733,32.052366395757964,25.28255803882115,1.58804488670748,0.1749968287505839,0.4986483092402733,5.145169338080128,52.42960104739811,7.0,32.052366395757964,25.28255803882115,1.624952129929513,0.0165371245606708,1
2021-11-22,2.469335114810266,34.02875609944641,27.96769155145276,21.035171717882253,1.3902775512771648,0.88969372532756,34.02875609944641,34.87552644497321,58.64997096610266,7.0,27.96769155145276,21.035171717882253,1.624952129929513,0.0165371245606708,2
2021-11-23,3.9072748231112375,1.9773702970479463,28.538801627827144,23.24812856017284,0.9368208575883068,0.6086875278828008,1.9773702970479463,36.504774705734654,51.900604493439296,7.0,28.538801627827144,23.24812856017284,1.624952129929513,0.0739631872709559,2
2021-11-24,3.152320185513319,6.89528133814556,29.4646141675202,20.6481179618018,1.811742880149594,0.9502840501704856,6.89528133814556,42.90140773463994,49.47838337232471,7.0,29.4646141675202,20.6481179618018,1.811742880149594,0.0739631872709559,2
2021-11-25,2.055262801496673,8.216655588657973,28.701058117852213,24.216824946705803,0.4926207235942614,0.9987500343913168,8.216655588657973,17.089307223851502,56.263232661378,7.0,28.701058117852213,24.216824946705803,1.811742880149594,0.0739631872709559,1
2021-11-26,3.426038452778013,9.760460575716628,31.676016049508394,20.12118918371625,1.9919296074625843,0.3718601153330944,9.760460575716628,24.872397502520183,61.7252942445413,7.0,31.676016049508394,20.12118918371625,1.9919296074625843,0.0739631872709559,2
2021-11-27,0.0,30.22073593021617,30.19110529954352,25.78002025365286,0.413934641257227,0.2988030640832746,30.22073593021617,48.19785209459079,91.59790813847096,7.0,30.19110529954352,25.78002025365286,1.9919296074625843,0.1749968287505839,2
2021-11-28,3.878518840446524,1.3820392319829855,32.95372515228703,21.37072520841599,0.22690994798763,0.8583560551590967,1.3820392319829855,41.3632357379158,92.48129906121368,7.0,32.95372515228703,21.37072520841599,1.9919296074625843,0.2988030640832746,2
2021-11-29,0.4123434654662805,0.2059375297847147,33.948291398609186,20.45484286927709,1.8020340220677764,0.9986114270374542,0.2059375297847147,31.80871269198389,58.658480491551984,7.0,33.948291398609186,20.45484286927709,1.9919296074625843,0.2988030640832746,2
2021-11-30,2.0650708703162413,2.6482715304569138,33.74533687915667,23.27277340819677,0.6409163150587209,0.6296412342324573,2.6482715304569138,4.236248292224639,59.32938172496095,7.0,33.74533687915667,23.27277340819677,1.9919296074625843,0.2988030640832746,1
2021-12-01,1.156396126448627,0.6967739778697819,30.76962126444573,27.4222145833541,1.5134593294040977,0.7951407225115223,0.6967739778697819,3.550983038111436,53.13087436468518,7.0,30.76962126444573,27.4222145833541,1.9919296074625843,0.2988030640832746,2
2021-12-02,0.9463822291349132,0.1134058664127395,32.853426888393415,25.422384906843156,1.6598276748777248,0.7817458588152745,0.1134058664127395,3.45845137473946,45.02762464243994,7.0,32.853426888393415,25.422384906843156,1.9919296074625843,0.2988030640832746,1
2021-12-03,3.8929921448542233,2.234771212626665,35.1053867485302,20.15537178909207,1.7461755038578102,0.3553397082195469,2.234771212626665,3.044951056909211,37.50193527934998,7.0,35.1053867485302,20.15537178909207,1.8020340220677764,0.2988030640832746,0
2021-12-04,1.9387585584257303,7.656329021790304,33.33669374383247,21.31374946471092,1.9848696241955,0.5742703802570872,7.656329021790304,10.004506100829731,14.937528370924111,7.0,33.33669374383247,21.31374946471092,1.9848696241955,0.3553397082195469,1
2021-12-05,2.915804658076859,4.17563585401623,37.57693308333026,23.208799253508587,0.7292714780719984,0.8330569412642136,4.17563585401623,14.066736088433224,17.731124992957355,7.0,37.57693308333026,23.208799253508587,1.9848696241955,0.3553397082195469,1
2021-12-06,2.443695305344979,1.875489395772082,34.946536960300065,28.476706323541723,1.4784380154690664,0.6881138762610555,1.875489395772082,13.70745427157864,19.400676858944724,7.0,34.946536960300065,28.476706323541723,1.9848696241955,0.3553397082195469,1
2021-12-07,3.072448992667746,5.311527239748333,37.15522121794538,22.122091704062264,0.4077197449054908,0.0211638139820382,5.311527239748333,11.36265248953667,22.06393256823614,7.0,37.15522121794538,22.122091704062264,1.9848696241955,0.0211638139820382,0
2021-12-08,2.5921862692723066,1.3199460919587749,25.0,22.13822951259361,0.932256724442329,0.3367056688975335,1.3199460919587749,8.506962727479214,22.68710468232513,7.0,25.0,22.13822951259361,1.9848696241955,0.0211638139820382,0
2021-12-09,0.9604093309737164,0.0724293068601967,32.290028363420696,27.05485877376036,1.7263490479626626,0.1444756965946053,0.0724293068601967,6.703902638567329,22.64612812277259,7.0,32.290028363420696,27.05485877376036,1.9848696241955,0.0211638139820382,0
2021-12-10,3.695520183336568,7.227109981674551,31.028202497143344,24.389814410524757,0.861784482906395,0.2329722120780391,7.227109981674551,8.619485380493547,27.63846689182048,7.0,31.028202497143344,24.389814410524757,1.9848696241955,0.0211638139820382,0
2021-12-11,1.907492100206425,4.88741541994483,31.62506080905736,26.106000054597484,1.2639716849641054,0.9054894774913256,4.88741541994483,12.186954708479602,24.869553289975,7.0,31.62506080905736,26.106000054597484,1.7263490479626626,0.0211638139820382,0
2021-12-12,0.6321017216082989,7.183784729547108,29.585121739687583,22.54580091964807,1.1067921987043414,0.0368932889107681,7.183784729547108,19.298310131166517,27.877702165505884,7.0,29.585121739687583,22.54580091964807,1.7263490479626626,0.0211638139820382,0
2021-12-13,1.986261806840905,0.1985818666383236,33.18859820115254,23.79672830454189,1.3627127560016812,0.2198007119619237,0.1985818666383236,12.269782016130286,26.200794636372123,7.0,33.18859820115254,23.79672830454189,1.7263490479626626,0.0211638139820382,0
2021-12-14,4.300911748761173,9.073696303464502,26.574930702747764,26.63126372437649,1.9512099008978507,0.3095693522382314,9.073696303464502,16.456062899649957,29.96296370008829,7.0,26.574930702747764,26.63126372437649,1.9512099008978507,0.0368932889107681,1
2021-12-15,3.5202660905361918,4.8316898045698,33.21031058861387,23.7103182465284,0.3003239477025238,0.6168840719663948,4.8316898045698,14.10396797467265,33.47470741269932,7.0,33.21031058861387,23.7103182465284,1.9512099008978507,0.0368932889107681,1
2021-12-16,2.081617438710569,4.143635930371261,29.684866339458377,26.246106395052927,1.2331307315029334,0.5341016900858655,4.143635930371261,18.04902203840559,37.545914036210384,7.0,29.684866339458377,26.246106395052927,1.9512099008978507,0.0368932889107681,1
2021-12-17,2.0808907548178857,4.899002886260929,30.4988417296387,24.77453460086906,1.7534518026505126,0.2182694828533861,4.899002886260929,13.874328621202014,35.21780694079676,7.0,30.4988417296387,24.77453460086906,1.9512099008978507,0.0368932889107681,1
2021-12-18,2.114037938539141,9.9914555846661,33.31550530869721,21.92074184316216,1.0664888811471696,0.1642410672231544,9.9914555846661,19.03409440129831,40.32184710551803,7.0,33.31550530869721,21.92074184316216,1.9512099008978507,0.0368932889107681,1
2021-12-19,4.992097580273009,4.420769803459724,32.236333183599,23.967365575307955,0.3413489346948311,0.2367980345961188,4.420769803459724,19.311228274386774,37.55883217943064,7.0,32.236333183599,23.967365575307955,1.9512099008978507,0.1642410672231544,1
2021-12-20,2.958322542677864,4.348829704919095,35.16176273421936,25.962767984550062,1.2089708343501877,0.5025296267016556,4.348829704919095,18.76105509304494,41.709080017711415,7.0,35.16176273421936,25.962767984550062,1.9512099008978507,0.1642410672231544,1
2021-12-21,3.0160499766292834,23.37751105393526,29.09148948246203,25.33883238237377,0.7977330034828769,0.2711777857112034,23.37751105393526,32.147110562314104,56.01289476818218,7.0,29.09148948246203,25.33883238237377,1.7534518026505126,0.1642410672231544,2
2021-12-22,3.7363401448382105,7.067920140598498,31.757883043348617,23.919494203158344,0.4788952136082846,0.9476025016077222,7.067920140598498,34.79426089945288,58.24912510421088,7.0,31.757883043348617,23.919494203158344,1.7534518026505126,0.1642410672231544,2
2021-12-23,2.786546990831816,2.919614941672946,34.66631935103345,20.216571222057,1.7282621239102514,0.4638652214288475,2.919614941672946,33.36504613620673,57.02510411551256,7.0,34.66631935103345,20.216571222057,1.7534518026505126,0.1642410672231544,2
2021-12-24,2.1891494250151564,6.144692688281089,33.0835992312542,20.408017037180567,1.138879123384019,0.058796016544637,6.144692688281089,16.132227770552557,58.27079391753272,7.0,33.0835992312542,20.408017037180567,1.7282621239102514,0.058796016544637,1
2021-12-25,2.264380181098026,2.4651779752405427,33.276782760388386,20.833388820745768,1.87989754228232,0.7292664058366334,2.4651779752405427,11.5294856051946,50.744516308107166,7.0,33.276782760388386,20.833388820745768,1.87989754228232,0.058796016544637,1
2021-12-26,2.4140784887031232,1.2995269560208722,35.3241285751497,22.979115586466897,1.6508297082855243,0.3288452882089896,1.2995269560208722,9.90939761954253,47.62327346066832,7.0,35.3241285751497,22.979115586466897,1.87989754228232,0.058796016544637,1
2021-12-27,2.4553333161881903,4.542256167094156,30.78127265339141,23.245764252613103,1.4473492287926013,0.6534889320582475,4.542256167094156,8.306961098355597,47.81669992284337,7.0,30.78127265339141,23.245764252613103,1.87989754228232,0.058796016544637,1
2021-12-28,3.373155452364376,13.168107520581172,30.149507368633188,21.049177197811957,0.2090459060575615,0.279594370523232,13.168107520581172,19.009890643696224,37.607296389489285,7.0,30.149507368633188,21.049177197811957,1.87989754228232,0.058796016544637,1
2021-12-29,2.562335062968759,13.235212029327808,33.72771331079701,26.045025587392036,0.97008222194885,0.5707437417333199,13.235212029327808,30.94557571700316,43.774588278218594,7.0,33.72771331079701,26.045025587392036,1.87989754228232,0.058796016544637,2
2021-12-30,3.379168092658695,2.092032018851315,31.551705541966733,21.472461845558914,0.5554753069736582,0.7721525048074647,2.092032018851315,28.49535156876032,42.94700535539696,7.0,31.551705541966733,21.472461845558914,1.87989754228232,0.058796016544637,1
2021-12-31,2.4031401038697013,3.750465962435363,35.366610703093144,21.25888191586598,1.839436239887962,0.928008741774554,3.750465962435363,19.07771001061451,40.552778629551234,7.0,35.366610703093144,21.25888191586598,1.87989754228232,0.279594370523232,1
2022-01-01,2.5943622283793086,1.1889761909378165,33.109320311345165,24.176471507771897,0.5142511724174486,0.261127144433077,1.1889761909378165,7.031474172224519,39.276576845248506,7.0,33.109320311345165,24.176471507771897,1.839436239887962,0.261127144433077,0
2022-01-02,0.1021591785614708,27.16623096007408,30.12994795912921,25.947810239986456,0.714908092986714,0.3348569509989811,27.16623096007408,32.10567311344729,65.14328084930172,7.0,30.12994795912921,25.947810239986456,1.839436239887962,0.261127144433077,2
2022-01-03,3.5995932096429777,19.84770656162156,33.015152080433424,28.109709239626333,1.1303061819220983,0.4642664202859397,19.84770656162156,48.20291371263348,80.44873124382913,7.0,33.015152080433424,28.109709239626333,1.839436239887962,0.261127144433077,2
2022-01-04,2.9157861710775914,5.2421002494304805,29.2919010073324,25.165090109006357,0.6740545141965426,0.9271748377359889,5.2421002494304805,52.25603777112615,72.52272397267843,7.0,29.2919010073324,25.165090109006357,1.839436239887962,0.261127144433077,2
2022-01-05,3.6976121318315824,8.158777018532883,34.840785405071166,27.15965943744724,0.5777564191024182,0.9013868568106572,8.158777018532883,33.248583829584945,67.44628896188351,7.0,34.840785405071166,27.15965943744724,1.839436239887962,0.261127144433077,2
2022-01-06,0.0,6.27808801792394,27.808543080355545,21.57588669654688,1.2783787851849544,0.089878280100638,6.27808801792394,19.67896528588733,71.63234496095613,7.0,27.808543080355545,21.57588669654688,1.839436239887962,0.089878280100638,2
2022-01-07,5.006049645736873,4.496654568445091,35.66619582258856,28.319478521322,0.3600731409590429,0.1319298257538108,4.496654568445091,18.93351960490194,72.37853356696587,7.0,35.66619582258856,28.319478521322,1.2783787851849544,0.089878280100638,2
2022-01-08,2.3324924462137915,0.2741186319598373,32.96262953355373,20.277031098889022,0.3047019656976645,0.4955091773306382,0.2741186319598373,11.048861218328891,71.46367600798789,7.0,32.96262953355373,20.277031098889022,1.2783787851849544,0.089878280100638,1
2022-01-09,3.82981938008502,3.03268589395226,31.50631709113198,22.99232149222464,0.8700415313349286,0.1066192728054234,3.03268589395226,7.803459094357214,47.33013094186606,7.0,31.50631709113198,22.99232149222464,1.2783787851849544,0.089878280100638,0
2022-01-10,1.252112887449363,5.616363904695659,34.29000245280163,25.12130503915755,1.497196018114152,0.3455808733486974,5.616363904695659,8.923168430607781,33.09878828494016,7.0,34.29000245280163,25.12130503915755,1.497196018114152,0.089878280100638,0
2022-01-11,3.235328686075084,5.658750875488164,33.533979932487064,20.789565968608112,1.1986521648931063,0.1483853782174776,5.658750875488164,14.307800674136107,33.515438910997844,7.0,33.533979932487064,20.789565968608112,1.497196018114152,0.089878280100638,1
2022-01-12,1.2359013241916126,2.3350216057317392,35.99114505697418,22.14589981614933,0.961177643240202,0.6360403551318858,2.3350216057317392,13.610136385915586,27.6916834981967,7.0,35.99114505697418,22.14589981614933,1.497196018114152,0.089878280100638,0
2022-01-13,1.7514772471650335,14.21007872475774,35.9631852150604,21.82815494142073,1.2183528156042482,0.9494954317391616,14.21007872475774,22.203851205977667,35.6236742050305,7.0,35.9631852150604,21.82815494142073,1.497196018114152,0.1066192728054234,1
2022-01-14,4.796837624640143,0.9157516941152922,33.05687133249886,23.37955798550053,0.8578126723758925,0.9967337702943816,0.9157516941152922,17.460852024604797,32.042771330700695,7.0,33.05687133249886,23.37955798550053,1.497196018114152,0.1066192728054234,0
2022-01-15,2.271181119083984,3.469331657590699,29.38468793587527,26.84316571334535,1.8850634037778031,0.3752411324969148,3.469331657590699,18.595162076463755,35.23798435633156,7.0,29.38468793587527,26.84316571334535,1.8850634037778031,0.1066192728054234,1
2022-01-16,2.760919447815668,5.870192960707369,30.37547299866128,24.03365013257562,0.2988288036393938,0.5990126371146123,5.870192960707369,10.255276312413386,38.07549142308668,7.0,30.37547299866128,24.03365013257562,1.8850634037778031,0.1483853782174776,0
2022-01-17,3.544081276826505,5.972353891048593,31.785059342565056,23.07387211153197,1.4121046622537037,0.8562676535240813,5.972353891048593,15.311878509346688,38.431481409439606,7.0,31.785059342565056,23.07387211153197,1.8850634037778031,0.1483853782174776,1
2022-01-18,3.0948182655671257,5.229704854910359,35.245165083185285,20.0,1.804308796689951,0.1174620727963839,5.229704854910359,17.072251706666346,38.0024353888618,7.0,35.245165083185285,20.0,1.8850634037778031,0.1174620727963839,1
2022-01-19,2.680502686172292,1.609906194807168,30.630840615987573,24.93351040967716,1.6469924757234562,0.689564411051965,1.609906194807168,12.811964940766146,37.277319977937225,7.0,30.630840615987573,24.93351040967716,1.8850634037778031,0.1174620727963839,1
2022-01-20,2.9379532029594704,0.8492378198547863,30.88117843870959,25.58003081795636,0.5312738626786042,0.4088436617250682,0.8492378198547863,7.688848869572339,23.916479073034274,7.0,30.88117843870959,25.58003081795636,1.8850634037778031,0.1174620727963839,0
2022-01-21,5.384098702285931,5.052187437461948,37.54505188780228,20.599960464379578,0.7326674281645191,0.206146160280164,5.052187437461948,7.511331452123927,28.05291481638093,7.0,37.54505188780228,20.599960464379578,1.8850634037778031,0.1174620727963839,0
2022-01-22,2.430857443559697,4.572737712303205,31.68710446586682,23.86605528055496,1.4906862896727884,0.402753618747442,4.572737712303205,10.474162969619965,29.156320871093435,7.0,31.68710446586682,23.86605528055496,1.804308796689951,0.1174620727963839,0
2022-01-23,2.741318856057961,0.9883294682328686,30.095804329200185,24.386016380664092,0.351687006525378,0.0759602869649168,0.9883294682328686,10.613254617998049,24.274457378618937,7.0,30.095804329200185,24.386016380664092,1.804308796689951,0.0759602869649168,0
2022-01-24,3.7607852752091344,6.106258569092443,34.32993808518244,25.929203514607387,1.6613510596986514,0.6954071485893057,6.106258569092443,11.667325749628542,24.408362056662785,7.0,34.32993808518244,25.929203514607387,1.804308796689951,0.0759602869649168,0
2022-01-25,3.826631119549581,3.0364255764388965,31.831597151121244,22.55046308350905,1.4940325002886226,0.2527426687484531,3.0364255764388965,10.131013613764232,22.21508277819132,7.0,31.831597151121244,22.55046308350905,1.6613510596986514,0.0759602869649168,0
2022-01-26,3.924436366672456,5.509497301556076,27.831202509699303,22.249279277830407,1.5132919686236166,0.311405645044878,5.509497301556076,14.65218144708744,26.11467388494023,7.0,27.831202509699303,22.249279277830407,1.6613510596986514,0.0759602869649168,0
2022-01-27,3.266476266435021,9.081298204613953,35.12274224842212,23.08700540306328,0.3804344664816645,0.1210812982414627,9.081298204613953,17.627221082608948,34.3467342696994,7.0,35.12274224842212,23.08700540306328,1.6613510596986514,0.0759602869649168,1
2022-01-28,1.1283941047234198,0.930012186111506,29.758882037902172,26.56887410555477,1.4919689806692156,0.8646591138898917,0.930012186111506,15.520807692281558,30.224559018348952,7.0,29.758882037902172,26.56887410555477,1.6613510596986514,0.0759602869649168,0
2022-01-29,4.460117838761315,0.0966525206032051,32.13075679516873,26.08769088434534,1.423672625395946,0.4934442792827386,0.0966525206032051,10.107962911328688,25.748473826648954,7.0,32.13075679516873,26.08769088434534,1.6613510596986514,0.0759602869649168,0
2022-01-30,1.1243855283775746,7.55028438535453,31.79558265863793,23.957309395655173,1.695660483479331,0.5721468777864003,7.55028438535453,8.576949092069267,32.310428743770615,7.0,31.79558265863793,23.957309395655173,1.695660483479331,0.1210812982414627,0
2022-01-31,2.86316255828684,4.704165038596199,32.69030352040959,26.039553054376576,0.2748727212616451,0.5694326830948546,4.704165038596199,12.351101944553958,30.90833521327437,7.0,32.69030352040959,26.039553054376576,1.695660483479331,0.1210812982414627,0
2022-02-01,1.5948689799767706,6.013860454390006,25.426777782306004,20.0,0.2415992032420259,0.4104931145413417,6.013860454390006,18.26830987834076,33.88577009122548,7.0,25.426777782306004,20.0,1.695660483479331,0.1210812982414627,1
2022-02-02,2.4230339840884088,9.105580186750542,30.994701563602295,25.58330841218705,0.8714127797814093,0.1925299154381394,9.105580186750542,19.82360567973677,37.48185297641994,7.0,30.994701563602295,25.58330841218705,1.695660483479331,0.1210812982414627,1
2022-02-03,2.8945148923641764,8.117961443897677,35.374511180347106,21.762467674372303,0.4678189109284752,0.7451327484983999,8.117961443897677,23.237402085038248,36.51851621570367,7.0,35.374511180347106,21.762467674372303,1.695660483479331,0.1925299154381394,1
2022-02-04,2.885628658540328,16.210741057540957,35.79633655967496,27.534048988791724,1.2050920596263994,0.1270562653576743,16.210741057540957,33.4342826881892,51.79924508713312,7.0,35.79633655967496,27.534048988791724,1.695660483479331,0.1270562653576743,2
2022-02-05,3.0063049050823416,3.838654101381316,29.02612885507904,21.871510576133552,1.851228022712148,0.1038737902788105,3.838654101381316,28.16735660281997,55.54124666791123,7.0,29.02612885507904,21.871510576133552,1.851228022712148,0.1038737902788105,2
2022-02-06,4.4364535228703765,3.3519957766380086,34.76179472813545,22.294475669532712,0.9046635146012284,0.7101450375965034,3.3519957766380086,23.401390935560304,51.34295805919471,7.0,34.76179472813545,22.294475669532712,1.851228022712148,0.1038737902788105,1
2022-02-07,3.0442411618167755,2.5698795693722025,29.71571073672325,25.124847460262355,1.7209106790906874,0.2088370204519838,2.5698795693722025,9.760529447391548,49.20867258997072,7.0,29.71571073672325,25.124847460262355,1.851228022712148,0.1038737902788105,1
2022-02-08,2.207012037651221,0.8343539423031892,30.87640322183815,25.31790826956207,0.2004335741321596,0.3067727513528323,0.8343539423031892,6.756229288313421,44.02916607788389,7.0,30.87640322183815,25.31790826956207,1.851228022712148,0.1038737902788105,1
2022-02-09,3.656904601946029,4.250259296105759,31.034046900622247,23.10733584246563,0.5033263582265316,0.4752274670017402,4.250259296105759,7.654492807781172,39.17384518723912,7.0,31.034046900622247,23.10733584246563,1.851228022712148,0.1038737902788105,0
2022-02-10,3.927364586709569,1.6218168984630423,32.326411129116224,24.74280806884606,0.2547623713773541,0.4493513167295462,1.6218168984630423,6.7064301368720125,32.677700641804485,7.0,32.326411129116224,24.74280806884606,1.851228022712148,0.1038737902788105,0
2022-02-11,1.0268706218356092,12.711037909505007,35.00409936887259,24.99075963065697,0.7906649249271236,0.7085791250649992,12.711037909505007,18.58311410407383,29.17799749376853,7.0,35.00409936887259,24.99075963065697,1.851228022712148,0.1038737902788105,1
2022-02-12,3.216880083819829,4.375633630557236,32.793753608087336,24.786229312116067,1.834741272253705,0.623431793443361,4.375633630557236,18.708488438525308,29.714977022944453,7.0,32.793753608087336,24.786229312116067,1.834741272253705,0.2088370204519838,0
2022-02-13,3.341407290773078,4.492747468663413,31.621604719028465,23.190890164883207,0.374513822478178,0.6443961622818657,4.492747468663413,21.57941900872568,30.855728714969857,7.0,31.621604719028465,23.190890164883207,1.834741272253705,0.2088370204519838,1
2022-02-14,2.14292379596801,2.19194082082837,34.90193369911465,25.01042204817138,1.2915375981388406,0.7140543306554573,2.19194082082837,11.06032192004904,30.477789966426023,7.0,34.90193369911465,25.01042204817138,1.834741272253705,0.3067727513528323,0
2022-02-15,4.150848175973943,0.2669477234958443,29.59201582929885,26.812740810032988,1.0126926904149995,0.2926127274234653,0.2669477234958443,6.951636012987648,29.91038374761868,7.0,29.59201582929885,26.812740810032988,1.834741272253705,0.2926127274234653,0
2022-02-16,2.319933295560968,0.161292607703024,31.768347669596157,21.549023041562343,1.8892427822584623,0.3223333118004736,0.161292607703024,2.62018115202726,25.821417059215943,7.0,31.768347669596157,21.549023041562343,1.8892427822584623,0.2926127274234653,0
2022-02-17,2.650691744165851,2.752470101567029,34.987343685132586,22.31987992891639,0.4205344565667689,0.4379977478955541,2.752470101567029,3.180710432765919,26.95207026231993,7.0,34.987343685132586,22.31987992891639,1.8892427822584623,0.2926127274234653,0
2022-02-18,2.2923138108593566,0.441781649333784,33.58791863537172,24.05451126472116,0.5816501309040121,0.3074621730335261,0.441781649333784,3.3555443586038587,14.682814002148708,7.0,33.58791863537172,24.05451126472116,1.8892427822584623,0.2926127274234653,0
2022-02-19,2.518694857097761,4.667781584065128,30.601088067665263,21.88755191866393,0.2531755435006879,0.9849378689708634,4.667781584065128,7.862033334965963,14.9749619556566,7.0,30.601088067665263,21.88755191866393,1.8892427822584623,0.2926127274234653,0
2022-02-20,1.1844698957257578,10.64202484115725,27.4611297001992,20.39319253154548,0.9810834493364728,0.8140519264214297,10.64202484115725,15.751588074556183,21.12423932815044,7.0,27.4611297001992,20.39319253154548,1.8892427822584623,0.2926127274234653,1
2022-02-21,0.7719389408868469,10.724267725759072,32.93257457238443,26.18624595176391,0.7000992192163777,0.1646546882560295,10.724267725759072,26.03407415098147,29.656566233081136,7.0,32.93257457238443,26.18624595176391,1.8892427822584623,0.1646546882560295,1
2022-02-22,4.413406075869967,5.380029890547041,27.263974394291036,20.0,1.7658306810025777,0.0055941558818695,5.380029890547041,26.746322457463386,34.76964840013233,7.0,27.263974394291036,20.0,1.8892427822584623,0.0055941558818695,1
2022-02-23,1.4836463820180066,1.1864141540467563,31.362495905926504,23.19523460495133,1.288893463755959,0.0427832682472678,1.1864141540467563,17.29071177035289,35.794769946476066,7.0,31.362495905926504,23.19523460495133,1.7658306810025777,0.0055941558818695,0
2022-02-24,1.3103291806524315,9.938756123270604,35.53684519771,25.51788863951734,1.3053633283562631,0.2440634510429252,9.938756123270604,16.505200167864423,42.981055968179646,7.0,35.53684519771,25.51788863951734,1.7658306810025777,0.0055941558818695,1
2022-02-25,0.0,10.86188387330262,33.79027593890555,24.533399579004143,1.1574392543863443,0.1142912858368565,10.86188387330262,21.987054150620004,53.40115819214848,7.0,33.79027593890555,24.533399579004143,1.7658306810025777,0.0055941558818695,2
2022-02-26,1.7332459027725973,1.0948462850360547,25.929038065963496,23.22550126804209,0.3653306070125618,0.5333381148925721,1.0948462850360547,21.8954862816093,49.8282228931194,7.0,25.929038065963496,23.22550126804209,1.7658306810025777,0.0055941558818695,1
2022-02-27,0.912292247911002,6.686113292848202,32.60135451302095,21.80512084693008,1.0010336307056396,0.8579952227273586,6.686113292848202,18.6428434511869,45.87231134481036,7.0,32.60135451302095,21.80512084693008,1.7658306810025777,0.0055941558818695,1
2022-02-28,4.470418192163643,1.6880012053853386,31.042490256192217,24.68773562629588,1.9991093414753296,0.7367502209132274,1.6880012053853386,9.468960783269615,36.83604482443662,7.0,31.042490256192217,24.68773562629588,1.9991093414753296,0.0055941558818695,0
2022-03-01,3.711780507211161,8.113636947089958,28.17884779782365,22.02321112306625,1.703412723522827,0.2156090630821904,8.113636947089958,16.48775144532352,39.56965188097954,7.0,28.17884779782365,22.02321112306625,1.9991093414753296,0.0427832682472678,1
2022-03-02,1.6742195857867317,29.458819920511765,33.00506388740631,24.531865172636525,1.8082262975008083,0.3992992560257858,29.458819920511765,39.260458072987085,67.84205764744455,7.0,33.00506388740631,24.531865172636525,1.9991093414753296,0.1142912858368565,2
2022-03-03,5.202922966413171,0.1524300873101175,30.52478645362782,24.281835296469517,1.681807446643699,0.5078942095312776,0.1524300873101175,37.72488695491186,58.05573161148406,7.0,30.52478645362782,24.281835296469517,1.9991093414753296,0.1142912858368565,2
2022-03-04,3.678118584389913,11.382923547395158,30.543397884081507,24.302065818110272,0.3854750481757688,0.8102058495033355,11.382923547395158,40.99417355521706,58.5767712855766,7.0,30.543397884081507,24.302065818110272,1.9991093414753296,0.2156090630821904,2
2022-03-05,2.110202339789653,4.872652772287816,32.37213535528016,22.71936248164117,0.6094068573166393,0.8391216031061648,4.872652772287816,16.408006406993113,62.35457777282836,7.0,32.37213535528016,22.71936248164117,1.9991093414753296,0.2156090630821904,2
2022-03-06,0.0,18.130954308603386,30.122346407295545,28.070018218669578,0.2056189724415373,0.909718311907776,18.130954308603386,34.38653062828638,73.79941878858355,7.0,30.122346407295545,28.070018218669578,1.9991093414753296,0.2156090630821904,2
2022-03-07,5.24913108710889,3.127531610066969,32.28720750159969,24.716413267740748,0.7463182247806006,0.5092452505028752,3.127531610066969,26.131138690958192,75.23894919326519,7.0,32.28720750159969,24.716413267740748,1.8082262975008083,0.2156090630821904,2
2022-03-08,0.8325130398836849,9.399280356643365,30.2200253311102,23.442582151560707,0.3954933242236866,0.694274746435863,9.399280356643365,30.65776627531374,76.52459260281857,7.0,30.2200253311102,23.442582151560707,1.8082262975008083,0.3992992560257858,2
2022-03-09,0.52552150365173,0.3221276701284217,30.384615618132376,24.528541146123608,1.0510280215428494,0.1118003712339371,0.3221276701284217,12.848939636838775,47.38790035243524,7.0,30.384615618132376,24.528541146123608,1.681807446643699,0.1118003712339371,1
2022-03-10,3.727084518411568,2.0419397528551704,34.978789307886586,22.45107671215138,1.4188294794330234,0.5652889599539821,2.0419397528551704,11.763347779626976,49.27741001798029,7.0,34.978789307886586,22.45107671215138,1.4188294794330234,0.1118003712339371,1
2022-03-11,5.427702887607127,0.3468390182076232,35.28401490914083,23.227391003044183,1.7741095310685386,0.2486918094711351,0.3468390182076232,2.7109064411912365,38.24132548879276,7.0,35.28401490914083,23.227391003044183,1.7741095310685386,0.1118003712339371,0
2022-03-12,4.161127382212622,18.513499282987343,26.874037258572123,28.783839864239035,1.5485908971636166,0.4317168850266111,18.513499282987343,20.90227805405016,51.882171999492286,7.0,26.874037258572123,28.783839864239035,1.7741095310685386,0.1118003712339371,2
2022-03-13,3.1766909440628317,8.490632765453647,34.24121853153966,22.465238387115384,1.8894540724013091,0.6340505083067194,8.490632765453647,27.350971066648636,42.24185045634254,7.0,34.24121853153966,22.465238387115384,1.8894540724013091,0.1118003712339371,2
2022-03-14,3.213705209998343,9.5712432743357,36.19577301387832,23.844454599471167,0.2970169227088198,0.2569859378537811,9.5712432743357,36.57537532277671,48.68556212061127,7.0,36.19577301387832,23.844454599471167,1.8894540724013091,0.1118003712339371,2
2022-03-15,3.524098670536369,13.900301338964836,36.67213045221073,23.08779030050047,0.2219237037497746,0.052185057796761,13.900301338964836,31.962177378754205,53.18658310293275,7.0,36.67213045221073,23.08779030050047,1.8894540724013091,0.052185057796761,2
2022-03-16,3.410714307744118,0.4447215984366044,33.56113917765536,21.92073211435044,1.3904086049051827,0.0102338564087575,0.4447215984366044,23.91626621173716,53.30917703124093,7.0,33.56113917765536,21.92073211435044,1.8894540724013091,0.0102338564087575,1
2022-03-17,2.837429708763251,2.435525893605109,28.82780642676831,24.84216998043961,0.7208343384000433,0.0221595355445215,2.435525893605109,16.78054883100657,53.70276317199087,7.0,28.82780642676831,24.84216998043961,1.8894540724013091,0.0102338564087575,1
2022-03-18,2.6250413247422517,0.3684204817842051,33.889942521042606,24.07294435330842,0.6563018289903917,0.0083497375137696,0.3684204817842051,3.24866797382594,53.72434463556745,7.0,33.889942521042606,24.07294435330842,1.8894540724013091,0.0083497375137696,1
2022-03-19,2.424888246520573,1.1836338190250637,29.39224293435225,25.822054617999854,0.7955967578488297,0.1103550565578754,1.1836338190250637,3.9875801944144,36.39447917160517,7.0,29.39224293435225,25.822054617999854,1.8894540724013091,0.0083497375137696,0
2022-03-20,1.5952424933599885,1.3027071848820395,30.97110450153004,25.62115584066001,0.6856329042062554,0.2394887145701298,1.3027071848820395,2.8547614856913297,29.206553591033565,7.0,30.97110450153004,25.62115584066001,1.3904086049051827,0.0083497375137696,0
2022-03-21,2.1631899077598717,3.1659759108498404,33.149246471134454,25.801415438083996,1.1205855313428572,0.2212215141822991,3.1659759108498404,5.652316914756965,22.801286227547703,7.0,33.149246471134454,25.801415438083996,1.3904086049051827,0.0083497375137696,0
2022-03-22,0.4684518229655374,1.5637152419979117,29.585721960143783,22.16359325429801,0.9922672050034383,0.9867965941798968,1.5637152419979117,6.032398337729813,10.46470013058078,7.0,29.585721960143783,22.16359325429801,1.3904086049051827,0.0083497375137696,0
2022-03-23,2.3819924478463,0.5322394599515666,28.56079907984665,25.281921598406196,1.1223713924779817,0.3060061052089432,0.5322394599515666,5.26193061279934,10.552217992095745,7.0,28.56079907984665,25.281921598406196,1.1223713924779817,0.0083497375137696,0
2022-03-24,1.3136906714188992,0.9165567669698084,33.39731995547247,25.33054301258019,1.410884500700785,0.1274207833593991,0.9165567669698084,3.012511468919308,9.033248865460443,7.0,33.39731995547247,25.33054301258019,1.410884500700785,0.0083497375137696,0
2022-03-25,1.175692819341075,0.7965941795647717,37.60167261293695,21.957874003586287,0.8968349161480671,0.545562544167758,0.7965941795647717,2.2453904064861683,9.46142256324101,7.0,37.60167261293695,21.957874003586287,1.410884500700785,0.1103550565578754,0
2022-03-26,2.715872981384174,18.073834164996214,35.729702991438394,23.36276751554552,0.6523538368558822,0.8579574553975083,18.073834164996214,19.78698511153081,26.35162290921216,7.0,35.729702991438394,23.36276751554552,1.410884500700785,0.1274207833593991,1
2022-03-27,4.170402743613519,7.1208640215077725,34.12155855515029,21.087775807042064,0.4991609662557418,0.6780603767876752,7.1208640215077725,25.991292366068777,32.16977974583789,7.0,34.12155855515029,21.087775807042064,1.410884500700785,0.1274207833593991,1
2022-03-28,3.6019799272027755,17.172964055921454,34.9375563067692,25.339245264760567,0.8290534151587259,0.2960820891354503,17.172964055921454,42.36766224242546,46.1767678909095,7.0,34.9375563067692,25.339245264760567,1.410884500700785,0.1274207833593991,2
2022-03-29,0.6153992756521878,2.896775928236257,33.91315849154575,25.330044938887948,1.5352516554431097,0.561616159791455,2.896775928236257,27.190604005665502,47.50982857714785,7.0,33.91315849154575,25.330044938887948,1.5352516554431097,0.1274207833593991,1
2022-03-30,1.312446236115595,1.631203163910938,33.349700688228175,26.860725598236712,1.5620688382006451,0.7148559742004091,1.631203163910938,21.700943148068667,48.60879228110722,7.0,33.349700688228175,26.860725598236712,1.5620688382006451,0.1274207833593991,1
2022-03-31,3.6289254255858583,8.00470053659235,34.69585351879594,23.542402984371307,1.4004296960315783,0.7281044923677423,8.00470053659235,12.532679628739563,55.69693605072977,7.0,34.69585351879594,23.542402984371307,1.5620688382006451,0.2960820891354503,1
2022-04-01,1.3210151277540283,1.9745098602513411,27.89491072383793,24.902939173127592,0.6212507155523743,0.6665384552976888,1.9745098602513411,11.610413560754647,56.874851731416335,7.0,27.89491072383793,24.902939173127592,1.5620688382006451,0.2960820891354503,1
2022-04-02,2.2304402200035707,1.7789721849606437,32.59845589832874,25.975470202050616,1.258555242538456,0.870810424775618,1.7789721849606437,11.758182581804354,40.57998975138076,7.0,32.59845589832874,25.975470202050616,1.5620688382006451,0.2960820891354503,0
2022-04-03,3.160062518829462,1.3231230349408831,31.75715538126847,22.492216942890614,1.2272413908383264,0.8701054583441044,1.3231230349408831,5.076605080152886,34.78224876481387,7.0,31.75715538126847,22.492216942890614,1.5620688382006451,0.2960820891354503,0
2022-04-04,1.3379866541636376,0.6944657242346085,32.23670849343369,22.1880697173646,1.071679156597506,0.5789365594070033,0.6944657242346085,3.7965609441361527,18.303750433127025,7.0,32.23670849343369,22.1880697173646,1.5620688382006451,0.561616159791455,0
2022-04-05,2.626450607375152,1.481684158781171,30.61588335575963,22.55422959784767,1.1899621754909555,0.4298563691112123,1.481684158781171,3.4992729179566804,16.88865866367194,7.0,30.61588335575963,22.55422959784767,1.5620688382006451,0.4298563691112123,0
2022-04-06,0.8991694060981548,2.195004095855825,33.5614635343227,23.30140906358956,1.0852231387226026,0.6415702955650998,2.195004095855825,4.371153978871622,17.452459595616826,7.0,33.5614635343227,23.30140906358956,1.4004296960315783,0.4298563691112123,0
2022-04-07,1.7783588272585438,5.604200656745553,29.54621597093718,22.25889128870769,1.2178214589333949,0.8182120013704631,5.604200656745553,9.280888911382563,15.051959715770028,7.0,29.54621597093718,22.25889128870769,1.258555242538456,0.4298563691112123,0
2022-04-08,2.8837383209710445,0.3230384428183206,30.398435211823895,22.640344580077556,1.4879107183180318,0.0056521048411847,0.3230384428183206,8.122243195419715,13.400488298337008,7.0,30.398435211823895,22.640344580077556,1.4879107183180318,0.0056521048411847,0
2022-04-09,0.5884075197619969,1.1818211763742077,30.0383602590437,25.76183033806649,0.3973307499261915,0.9919970090148512,1.1818211763742077,7.1090602759380985,12.803337289750573,7.0,30.0383602590437,25.76183033806649,1.4879107183180318,0.0056521048411847,0
2022-04-10,3.028569685552479,8.278028148781994,34.59183991180961,23.807306737011416,1.5493263538682427,0.1828937723291992,8.278028148781994,9.78288776797454,19.75824240359168,7.0,34.59183991180961,23.807306737011416,1.5493263538682427,0.0056521048411847,0
2022-04-11,2.4764346412879825,0.7945210206221643,31.96482949037242,24.613396747318877,0.4445950702296696,0.4702489856599762,0.7945210206221643,10.254370345778383,19.85829769997924,7.0,31.96482949037242,24.613396747318877,1.5493263538682427,0.0056521048411847,0
2022-04-12,3.162987945300577,2.0976564723377957,30.61750298060971,22.89856642376285,0.3199303971386745,0.8720297348428667,2.0976564723377957,11.17020564174197,20.474270013535865,7.0,30.61750298060971,22.89856642376285,1.5493263538682427,0.0056521048411847,0
2022-04-13,2.7686969608775938,9.99978591018371,30.87971091495146,22.76726914163532,1.9569434351986417,0.2250403990441993,9.99978591018371,12.891963403143688,28.279051827863743,7.0,30.87971091495146,22.76726914163532,1.9569434351986417,0.0056521048411847,1
2022-04-14,4.136968515968613,0.8416513317584938,32.01164185004122,24.571111779080795,1.922585183966795,0.4767952239003832,0.8416513317584938,12.939093714280016,23.516502502876687,7.0,32.01164185004122,24.571111779080795,1.9569434351986417,0.0056521048411847,0
2022-04-15,2.6502694031774885,0.4318043191951981,36.86652475660957,24.25212465600681,0.3087857808930153,0.1325821801811791,0.4318043191951981,11.27324156113742,23.62526837925357,7.0,36.86652475660957,24.25212465600681,1.9569434351986417,0.1325821801811791,0
2022-04-16,1.9847133506496968,3.313458417686708,28.290438990959984,25.55597335661614,0.9978561946549318,0.3950763253881926,3.313458417686708,4.586914068640418,25.756905620566062,7.0,28.290438990959984,25.55597335661614,1.9569434351986417,0.1325821801811791,0
2022-04-17,2.6467570036387404,1.800686879638946,34.026529993039354,26.603185996007987,0.5352408889395945,0.1771354547930025,1.800686879638946,5.54594961652087,19.279564351423023,7.0,34.026529993039354,26.603185996007987,1.9569434351986417,0.1325821801811791,0
2022-04-18,3.151957634843665,4.143784966406359,33.41558701409302,22.61717559144719,1.0736208148419526,0.363627748771157,4.143784966406359,9.257930263732032,22.62882829720721,7.0,33.41558701409302,22.61717559144719,1.9569434351986417,0.1325821801811791,0
2022-04-19,2.558632084390845,8.143228290865643,29.351103804659672,25.722369075527563,1.6943190373992574,0.373464216792722,8.143228290865643,14.087700136910968,28.67440011573506,7.0,29.351103804659672,25.722369075527563,1.9569434351986417,0.1325821801811791,1
2022-04-20,2.548710029444659,0.7375633156735949,36.40061987046406,21.84038766461368,1.9111011945372025,0.9931707895983328,0.7375633156735949,13.024576572945618,19.412177521224944,7.0,36.40061987046406,21.84038766461368,1.922585183966795,0.1325821801811791,0
2022-04-21,1.6576099746318935,4.345832207681815,33.61784135264203,28.147557365606566,1.3416547762127673,0.9948130293037722,4.345832207681815,13.226623814221073,22.91635839714827,7.0,33.61784135264203,28.147557365606566,1.9111011945372025,0.1325821801811791,1
2022-04-22,1.7045188989388622,3.521129218640965,30.47680009031073,22.427391893723343,0.8370302009812707,0.1147862786606124,3.521129218640965,8.604524741996393,26.00568329659404,7.0,30.47680009031073,22.427391893723343,1.9111011945372025,0.1147862786606124,0
2022-04-23,0.8168736738403679,0.7778847340567875,26.42176002216122,25.38126113951352,1.2859860181602771,0.7259687793283472,0.7778847340567875,8.644846160379586,23.47010961296412,7.0,26.42176002216122,25.38126113951352,1.9111011945372025,0.1147862786606124,0
2022-04-24,4.599492091824327,4.890810538759516,32.687440503497335,21.82551932251067,0.7616023509952106,0.0517454796691011,4.890810538759516,9.189824491457289,26.56023327208468,7.0,32.687440503497335,21.82551932251067,1.9111011945372025,0.0517454796691011,0
2022-04-25,1.007364117530458,1.598550472856222,31.86576324573205,23.695818227706404,1.8376825534977088,0.0301920153371886,1.598550472856222,7.267245745672545,24.014998778534547,7.0,31.86576324573205,23.695818227706404,1.9111011945372025,0.0301920153371886,0
2022-04-26,1.6685137626449111,3.345535548474945,28.90786120620164,27.09146628430703,1.7667208335905065,0.1053338942449643,3.345535548474945,9.834896560090703,19.21730603614385,7.0,28.90786120620164,27.09146628430703,1.9111011945372025,0.0301920153371886,0
2022-04-27,1.637911281316963,0.4292729095505401,28.86915676959309,22.36459169602785,1.2048171505033898,0.965485657007934,0.4292729095505401,5.373358930881727,18.909015630020797,7.0,28.86915676959309,22.36459169602785,1.8376825534977088,0.0301920153371886,0
2022-04-28,3.57390925233333,3.0770808575299577,34.60552960135851,28.408372335772444,0.7846380476846491,0.9408635478946974,3.0770808575299577,6.851889315555463,17.640264279868937,7.0,34.60552960135851,28.408372335772444,1.8376825534977088,0.0301920153371886,0
2022-04-29,2.146060386049567,1.8297568147735688,26.13291527803701,23.989448805781908,0.7281014160493611,0.1939278202806804,1.8297568147735688,5.336110581854086,15.94889187600154,7.0,26.13291527803701,23.989448805781908,1.8376825534977088,0.0301920153371886,0
2022-04-30,3.99729048720848,8.640578305722409,32.94284826521911,25.95142507596533,0.260152390469107,0.1616723355537115,8.640578305722409,13.547415978025956,23.811585447667163,7.0,32.94284826521911,25.95142507596533,1.8376825534977088,0.0301920153371886,1
2022-05-01,1.691811250907358,0.2933321887280849,31.43768907406741,24.805889147007207,1.6684775318455314,0.240535086515947,0.2933321887280849,10.763667309224084,19.21410709763573,7.0,31.43768907406741,24.805889147007207,1.8376825534977088,0.0301920153371886,0
2022-05-02,2.8347929946685624,2.711644018475361,33.49146448506032,24.914080131192733,1.0106897834702144,0.5155469940751422,2.711644018475361,11.645554512925877,20.32720064325487,7.0,33.49146448506032,24.914080131192733,1.7667208335905065,0.1053338942449643,0
2022-05-03,1.4975835360882912,3.0664278999475174,31.117084970419395,21.14777256571379,0.7852392711204761,0.5697046320354099,3.0664278999475174,6.071404107150983,20.04809299472744,7.0,31.117084970419395,21.14777256571379,1.6684775318455314,0.1616723355537115,0
2022-05-04,5.074178953328065,6.455031385964184,32.87982489578094,23.05429441404391,1.047998638995957,0.2215934304394473,6.455031385964184,12.233103304387082,26.07385147114109,7.0,32.87982489578094,23.05429441404391,1.6684775318455314,0.1616723355537115,0
2022-05-05,1.0748818971645846,4.269956097824136,29.77167546641387,26.39195292496741,1.6737283828183736,0.7566227880899452,4.269956097824136,13.791415383735856,27.266726711435265,7.0,29.77167546641387,26.39195292496741,1.6737283828183736,0.1616723355537115,0
2022-05-06,2.871784852272433,5.501253208091015,31.85238525147989,23.31135759646001,0.4243055738735382,0.3095531694026507,5.501253208091015,16.226240691879354,30.938223104752712,7.0,31.85238525147989,23.31135759646001,1.6737283828183736,0.1616723355537115,0
2022-05-07,3.260532257118518,7.504022719200143,33.467251634452225,24.277664165435628,1.7437807788352893,0.9221313255294104,7.504022719200143,17.275232025115315,29.801667518230445,7.0,33.467251634452225,24.277664165435628,1.7437807788352893,0.2215934304394473,1
2022-05-08,2.996558916941798,9.909867500789174,32.45261561382641,20.905155743261695,1.8155159031950368,0.6567227064567306,9.909867500789174,22.915143428080352,39.418202830291534,7.0,32.45261561382641,20.905155743261695,1.8155159031950368,0.2215934304394473,1
2022-05-09,2.27765480934675,1.8834808803283205,33.140920527204635,22.924846117998516,1.9040742470609988,0.4363511943036117,1.8834808803283205,19.29737110031766,38.590039692144494,7.0,33.140920527204635,22.924846117998516,1.9040742470609988,0.2215934304394473,1
2022-05-10,2.3442151603198886,3.861197674587034,29.21623610164506,26.24607859526293,0.91547838636073,0.7899120017028454,3.861197674587034,15.654546055704548,39.384809466784006,7.0,29.21623610164506,26.24607859526293,1.9040742470609988,0.2215934304394473,1
2022-05-11,2.552573766374932,9.16628591119818,30.227976314345444,21.43474113614612,0.5908527272678095,0.8179146260466648,9.16628591119818,14.910964466113557,42.096063992018,7.0,30.227976314345444,21.43474113614612,1.9040742470609988,0.3095531694026507,1
2022-05-12,2.3235975980458137,22.758683126428632,30.279980482352165,25.43415807399233,0.8725534732400573,0.2904816056089436,22.758683126428632,35.78616671221387,60.5847910206225,7.0,30.279980482352165,25.43415807399233,1.9040742470609988,0.2904816056089436,2
2022-05-13,3.6566549401538913,11.014572669368905,31.17053073323974,24.35555627716997,0.799241773216526,0.3397145438360843,11.014572669368905,42.93954170699574,66.09811048190039,7.0,31.17053073323974,24.35555627716997,1.9040742470609988,0.2904816056089436,2
2022-05-14,5.1526276019096215,2.3218358210038934,36.07574860885349,23.528089027953644,0.5170770425051481,0.9359551537286034,2.3218358210038934,36.09509161680145,60.91592358370414,7.0,36.07574860885349,23.528089027953644,1.9040742470609988,0.2904816056089436,2
2022-05-15,1.8310098579906,1.085599383242565,30.937463733392896,23.440150915355986,1.2930800061826784,0.1647410383632719,1.085599383242565,14.422007873615378,52.09165546615753,7.0,30.937463733392896,23.440150915355986,1.9040742470609988,0.1647410383632719,1
2022-05-16,0.8562364245051066,3.3607707946998784,28.569321620703494,23.017940603844025,1.057923488915532,0.0421504169629342,3.3607707946998784,6.768205998946355,53.56894538052909,7.0,28.569321620703494,23.017940603844025,1.2930800061826784,0.0421504169629342,1
2022-05-17,2.3940615419784943,6.767034686320351,33.624937063551776,23.196058055886077,1.7582617861832066,0.4540553226095492,6.767034686320351,11.213404864262811,56.474782392262405,7.0,33.624937063551776,23.196058055886077,1.7582617861832066,0.0421504169629342,1
2022-05-18,5.595651205185183,3.3919733866756934,36.039930294303446,25.859480449622318,0.2577972448677049,0.8012099002436289,3.3919733866756934,13.51977886769594,50.70046986773992,7.0,36.039930294303446,25.859480449622318,1.7582617861832066,0.0421504169629342,1
2022-05-19,1.5355905184363232,3.300311490037453,28.216364444443077,23.13591237151045,1.3589622695992274,0.7716681063107458,3.300311490037453,13.459319563033516,31.242098231348745,7.0,28.216364444443077,23.13591237151045,1.7582617861832066,0.0421504169629342,0
2022-05-20,4.466940166532881,9.107911543049326,37.91843226415427,27.615180644384616,1.57330798132081,0.9195306289128324,9.107911543049326,15.800196419762491,29.33543710502917,7.0,37.91843226415427,27.615180644384616,1.7582617861832066,0.0421504169629342,1
2022-05-21,4.513240976891728,2.242414582282474,33.245529806969216,24.599065006086423,1.5670758245389529,0.5332006643690402,2.242414582282474,14.650637615369272,29.25601586630775,7.0,33.245529806969216,24.599065006086423,1.7582617861832066,0.0421504169629342,0
2022-05-22,1.8356941099504065,9.823236611522212,35.101672367205175,22.847476141943456,1.794933140771945,0.1000646715665333,9.823236611522212,21.17356273685403,37.9936530945874,7.0,35.101672367205175,22.847476141943456,1.794933140771945,0.0421504169629342,1
2022-05-23,3.1827796950223304,2.611158810307507,36.40121490512995,25.94673190497123,1.5122607370930894,0.5886889743360161,2.611158810307507,14.676810004112212,37.24404111019502,7.0,36.40121490512995,25.94673190497123,1.794933140771945,0.1000646715665333,1
2022-05-24,4.454075947754245,1.9892194104343908,34.917852928123224,25.247791886153152,1.8700581109658532,0.7783956143532116,1.9892194104343908,14.423614832264128,32.466225834309064,7.0,34.917852928123224,25.247791886153152,1.8700581109658532,0.1000646715665333,0
2022-05-25,2.0450467108150154,3.025589128758565,31.668393208976955,20.691647119544683,0.7987818796776047,0.0933281202698264,3.025589128758565,7.62596734950048,32.09984157639194,7.0,31.668393208976955,20.691647119544683,1.8700581109658532,0.0933281202698264,0
2022-05-26,2.2557035678771657,7.186821742735029,35.65309443257424,21.93105728596493,1.1057769501527777,0.1726574010975897,7.186821742735029,12.201630281928002,35.986351829089514,7.0,35.65309443257424,21.93105728596493,1.8700581109658532,0.0933281202698264,1
2022-05-27,1.8019829032616277,0.6733861176990653,32.76379930961276,23.76915939759517,0.2253433939092032,0.0122906611556709,0.6733861176990653,10.885796989192675,27.55182640373925,7.0,32.76379930961276,23.76915939759517,1.8700581109658532,0.0122906611556709,0
2022-05-28,1.28229192316856,1.0933877928111206,35.27145417472292,20.83278413115961,0.2125236571459242,0.5936525794468104,1.0933877928111206,8.953595653245234,26.4027996142679,7.0,35.27145417472292,20.83278413115961,1.8700581109658532,0.0122906611556709,0
2022-05-29,1.7208669459207917,15.125272562192738,35.59962645134205,28.181059803943224,0.6322279168127358,0.8867343919459044,15.125272562192738,16.892046472702944,31.70483556493842,7.0,35.59962645134205,28.181059803943224,1.8700581109658532,0.0122906611556709,1
2022-05-30,1.031271679885292,0.964839911254856,28.72731023008169,25.644464364078683,0.3814529548503534,0.6706633160020995,0.964839911254856,17.183500266258733,30.05851666588577,7.0,28.72731023008169,25.644464364078683,1.8700581109658532,0.0122906611556709,0
2022-05-31,2.540900161911072,4.193493406866942,34.38290339593102,23.973334305927075,0.6683804622843565,0.982040087590982,4.193493406866942,20.283605880314557,32.262790662318324,7.0,34.38290339593102,23.973334305927075,1.1057769501527777,0.0122906611556709,1
2022-06-01,1.57603212272963,4.329348380491145,31.454324244459887,23.314586892773477,0.5186779301511153,0.0630336524997615,4.329348380491145,9.487681698612963,33.5665499140509,7.0,31.454324244459887,23.314586892773477,1.1057769501527777,0.0122906611556709,0
2022-06-02,2.7805430941488973,3.3630423765726603,32.414571910352045,22.800672691282003,0.2513360447095668,0.9030010851514962,3.3630423765726603,11.885884163930768,29.742770547888533,7.0,32.414571910352045,22.800672691282003,0.6683804622843565,0.0122906611556709,0
2022-06-03,0.6329252245556474,5.174600686113209,32.3812782465284,20.071935684058182,1.836747463530889,0.8140682873866807,5.174600686113209,12.866991443177032,34.243985116302674,7.0,32.3812782465284,20.071935684058182,1.836747463530889,0.0630336524997615,1
2022-06-04,2.8970562786573484,1.3056987900925896,32.260910652726075,20.53425269670874,0.2148016365000047,0.3142415204995049,1.3056987900925896,9.843341852778478,34.456296113584145,7.0,32.260910652726075,20.53425269670874,1.836747463530889,0.0630336524997615,0
2022-06-05,3.5002347539307097,4.022207082914743,36.57057593668712,27.80224146253521,1.5249478598067536,0.9735265518372518,4.022207082914743,10.502506559120562,23.353230634306158,7.0,36.57057593668712,27.80224146253521,1.836747463530889,0.0630336524997615,0
2022-06-06,0.1075172289142534,2.3274551736404088,27.90065711931781,27.14719927846517,0.4738661964551298,0.287937748171415,2.3274551736404088,7.655361046647762,24.715845896691704,7.0,27.90065711931781,27.14719927846517,1.836747463530889,0.0630336524997615,0
2022-06-07,2.9488678838170865,5.418627143872415,26.832969929390643,22.84844449015192,1.84201331959928,0.8893047238282185,5.418627143872415,11.768289400427587,25.94097963369717,7.0,26.832969929390643,22.84844449015192,1.84201331959928,0.0630336524997615,0
2022-06-08,3.9732027909679504,0.7612331381052285,26.20012978500328,25.815998312364915,1.8070326912617944,0.8807485770741894,0.7612331381052285,8.507315455618073,22.37286439131126,7.0,26.20012978500328,25.815998312364915,1.84201331959928,0.287937748171415,0
2022-06-09,1.0484307775705537,4.230063296187814,35.20743279180774,25.01284154999406,1.3770220634646633,0.7576576166029725,4.230063296187814,10.409923578165476,23.239885310926415,7.0,35.20743279180774,25.01284154999406,1.84201331959928,0.287937748171415,0
2022-06-10,4.507086864205244,1.024494725853495,29.67968752439702,25.248575913297685,1.410021469641089,0.5634704738128519,1.024494725853495,6.0157911601465575,19.089779350666703,7.0,29.67968752439702,25.248575913297685,1.84201331959928,0.287937748171415,0
2022-06-11,3.002822811239254,1.6331060305257064,32.39655940854466,21.149644470998588,0.2096104555454394,0.120002749616888,1.6331060305257064,6.887664052567035,19.41718659109982,7.0,32.39655940854466,21.149644470998588,1.84201331959928,0.120002749616888,0
2022-06-12,1.6539857730899097,1.2340431183475278,31.655848627626263,20.38364415493968,1.972768819004484,0.5319717344964983,1.2340431183475278,3.891643874726749,16.629022626532603,7.0,31.655848627626263,20.38364415493968,1.972768819004484,0.120002749616888,0
2022-06-13,2.4330771068107526,1.0095882398980869,29.34087457808006,26.365188718139777,1.7800986864364658,0.3567962556549345,1.0095882398980869,3.87673738877134,15.31115569279028,7.0,29.34087457808006,26.365188718139777,1.972768819004484,0.120002749616888,0
2022-06-14,3.169992295026067,8.73520080051758,34.554431712667096,20.04140339392634,1.8111912063141653,0.7922170331553517,8.73520080051758,10.978832158763216,18.627729349435448,7.0,34.554431712667096,20.04140339392634,1.972768819004484,0.120002749616888,1
2022-06-15,2.5912064696948938,1.6823141569534437,31.617611095347847,23.70361291723497,1.3866401666915695,0.7581292064968449,1.6823141569534437,11.427103197369131,19.54881036828366,7.0,31.617611095347847,23.70361291723497,1.972768819004484,0.120002749616888,0
2022-06-16,3.146507190935643,13.094964595202686,31.28679476888485,23.264595347564427,0.8206164715781659,0.9106125073726052,13.094964595202686,23.51247955267373,28.413711667298536,7.0,31.28679476888485,23.264595347564427,1.972768819004484,0.120002749616888,1
2022-06-17,1.3951916883047606,17.52055868226091,32.698613923220755,23.079698076647183,1.8085675683628653,0.0148301624317078,17.52055868226091,32.297837434417055,44.90977562370595,7.0,32.698613923220755,23.079698076647183,1.972768819004484,0.0148301624317078,2
2022-06-18,2.7032329888432938,4.2345285023925685,34.16231625451465,24.628901644581315,0.7247304706721462,0.8091032168230461,4.2345285023925685,34.85005177985618,47.51119809557281,7.0,34.16231625451465,24.628901644581315,1.972768819004484,0.0148301624317078,2
2022-06-19,0.8035426037140239,0.7715933519011431,29.123071269396657,22.644815140443097,1.2128807780159652,0.9384620531246688,0.7715933519011431,22.52668053655464,47.04874832912642,7.0,29.123071269396657,22.644815140443097,1.8111912063141653,0.0148301624317078,1
2022-06-20,2.3665287263815595,2.346405398774157,34.61875504199986,24.791470924930096,0.3795157502189883,0.7893004491081501,2.346405398774157,7.352527253067887,48.38556548800249,7.0,34.61875504199986,24.791470924930096,1.8111912063141653,0.0148301624317078,1
2022-06-21,1.4153108302422523,7.990815151086437,36.34956055932005,24.28231082938239,1.8595201342389505,0.1301944598703667,7.990815151086437,11.108813901761756,47.64117983857135,7.0,36.34956055932005,24.28231082938239,1.8595201342389505,0.0148301624317078,1
2022-06-22,1.61736406889228,2.289511561743342,27.72163289371647,28.19746470810085,0.453386823988184,0.0812791048408877,2.289511561743342,12.626732111603957,48.24837724336125,7.0,27.72163289371647,28.19746470810085,1.8595201342389505,0.0148301624317078,1
2022-06-23,3.983311810252525,0.4551912880210078,32.8348969373835,21.22918121636374,0.6048142503147331,0.0208452398077008,0.4551912880210078,10.735518000850806,35.60860393617957,7.0,32.8348969373835,21.22918121636374,1.8595201342389505,0.0148301624317078,0
2022-06-24,3.8095721447131226,4.068500491944789,31.08523336292802,24.05853796780965,1.204641484630787,0.628745225828071,4.068500491944789,6.813203341709157,22.15654574586345,7.0,31.08523336292802,24.05853796780965,1.8595201342389505,0.0208452398077008,0
2022-06-25,3.2309657450886125,9.325550766240664,34.09769174216042,24.862690199755527,1.5753674003833669,0.6296726518598873,9.325550766240664,13.84924254620648,27.24756800971155,7.0,34.09769174216042,24.862690199755527,1.8595201342389505,0.0208452398077008,1
2022-06-26,1.1892246823929054,7.9463725144594495,28.350022362419445,23.48719488893541,1.314832350685338,0.9869137142182124,7.9463725144594495,21.34042377264492,34.42234717226985,7.0,28.350022362419445,23.48719488893541,1.8595201342389505,0.0208452398077008,1
2022-06-27,2.1203098603662376,0.9626058227600852,36.886814676930726,21.325849784224324,0.6178410430402811,0.3980431741040957,0.9626058227600852,18.23452910346022,33.03854759625579,7.0,36.886814676930726,21.325849784224324,1.8595201342389505,0.0208452398077008,1
2022-06-28,3.95571723997502,5.585377667199042,27.176315580712792,26.51420556131039,0.2016974765494826,0.3319062848974967,5.585377667199042,14.494356004418597,30.63311011236839,7.0,27.176315580712792,26.51420556131039,1.5753674003833669,0.0208452398077008,0
2022-06-29,2.6700602963678857,1.245540299742289,31.2671571806704,24.673868660288104,1.5628710445533909,0.6244249271843925,1.245540299742289,7.793523789701434,29.58913885036733,7.0,31.2671571806704,24.673868660288104,1.5753674003833669,0.0208452398077008,0
2022-06-30,5.2831954479780325,1.2308298155587216,33.30288822798608,21.466206574146813,1.9733731866399689,0.825608672507594,1.2308298155587216,8.06174778250007,30.36477737790505,7.0,33.30288822798608,21.466206574146813,1.9733731866399689,0.3319062848974967,0
2022-07-01,2.9719814072732462,10.36021581868679,29.940989459195524,24.87733592511652,1.657843616550963,0.936773949523002,10.36021581868679,12.836585933987818,36.65649270464705,7.0,29.940989459195524,24.87733592511652,1.9733731866399689,0.3319062848974967,1
2022-07-02,2.730458939788038,1.4362038674606603,29.46979535462889,27.403132140105715,1.0283719126819078,0.8031241661790386,1.4362038674606603,13.027249501706187,28.76714580586704,7.0,29.46979535462889,27.403132140105715,1.9733731866399689,0.3319062848974967,1
2022-07-03,2.1290602429569985,1.5275152788324524,32.66670690989157,23.92736813316816,1.826781070518392,0.4266739806158047,1.5275152788324524,13.32393496497992,22.348288570240044,7.0,32.66670690989157,23.92736813316816,1.9733731866399689,0.3319062848974967,1
2022-07-04,2.660249085738738,0.0032680215703518,32.23327975997324,23.995574661058875,0.93772581161303,0.6349142353120641,0.0032680215703518,2.9669871678634823,21.388950769050314,7.0,32.23327975997324,23.995574661058875,1.9733731866399689,0.3319062848974967,0
2022-07-05,2.3170361963433472,10.22690266644361,32.01781450824545,27.13601006208664,1.1448813516382417,0.856299326716117,10.22690266644361,11.757685966846433,26.03047576829488,7.0,32.01781450824545,27.13601006208664,1.9733731866399689,0.4266739806158047,1
2022-07-06,3.3497304120263083,7.865404874322916,34.576065534396875,22.05923203649749,1.0588335813122298,0.4906096883117394,7.865404874322916,18.095575562336897,32.65034034287551,7.0,34.576065534396875,22.05923203649749,1.9733731866399689,0.4266739806158047,1
2022-07-07,3.648042780153501,4.935295559612935,30.816581919715937,27.455104085241363,1.005722970797945,0.2166866437053927,4.935295559612935,23.02760310037948,36.35480608692972,7.0,30.816581919715937,27.455104085241363,1.826781070518392,0.2166866437053927,1
2022-07-08,1.5568126473904609,6.936789911598988,32.958777949385016,25.945822140736475,1.5953433847290304,0.1697234397478729,6.936789911598988,19.73749034553485,32.93138017984192,7.0,32.958777949385016,25.945822140736475,1.826781070518392,0.1697234397478729,1
2022-07-09,0.9025204557306664,0.8246595886831491,30.480191575172555,22.15156207203997,1.1481840330850857,0.0001577445780567,0.8246595886831491,12.69674505989509,32.31983590106441,7.0,30.480191575172555,22.15156207203997,1.826781070518392,0.0001577445780567,0
2022-07-10,0.2965535522760443,3.065432469125477,29.452011542511777,22.66346200031177,0.7700908196453891,0.7182379949812843,3.065432469125477,10.826881969407632,33.85775309135744,7.0,29.452011542511777,22.66346200031177,1.5953433847290304,0.0001577445780567,0
2022-07-11,3.1095895922950523,2.163303292421713,31.145724114529944,22.95037433263542,0.6646847017852611,0.1110972088459905,2.163303292421713,6.053395350230358,36.0177883622088,7.0,31.145724114529944,22.95037433263542,1.5953433847290304,0.0001577445780567,0
2022-07-12,1.1759600725913515,0.4923467179710378,30.503704438419103,20.33287157202582,0.2679451705413801,0.2438390996959404,0.4923467179710378,5.7210824795182464,26.283232413736226,7.0,30.503704438419103,20.33287157202582,1.5953433847290304,0.0001577445780567,0
2022-07-13,0.0,3.3289295402065058,30.653588596511657,24.52094349814176,1.2497512913894828,0.2978763315227933,3.3289295402065058,5.984579550599275,21.74675707961981,7.0,30.653588596511657,24.52094349814176,1.5953433847290304,0.0001577445780567,0
2022-07-14,2.9662943254371568,12.675086398529636,35.49598225340648,22.242105993504293,0.6139305477218616,0.5603798601367683,12.675086398529636,16.4963626567072,29.486547918536512,7.0,35.49598225340648,22.242105993504293,1.5953433847290304,0.0001577445780567,1
2022-07-15,5.491599420919348,0.2044178938049948,31.237689637893336,24.59310264286261,0.4666410596294896,0.3979572772957692,0.2044178938049948,16.208433832541154,22.75417590074252,7.0,31.237689637893336,24.59310264286261,1.2497512913894828,0.0001577445780567,0
2022-07-16,2.492714906152128,1.722750267019295,30.011279983160406,21.41811349934957,1.3768939348898197,0.6746739920231618,1.722750267019295,14.602254559353945,23.652266579078667,7.0,30.011279983160406,21.41811349934957,1.3768939348898197,0.1110972088459905,0
2022-07-17,3.5061889293419704,1.1630721454153987,32.08423632214397,25.846026473789,1.4261766640787878,0.0556386593287027,1.1630721454153987,3.090240306239706,21.74990625536859,7.0,32.08423632214397,25.846026473789,1.4261766640787878,0.0556386593287027,0
2022-07-18,2.598195230257078,1.3600060034847197,32.31268381738522,25.475251860261004,1.5538788060637987,0.1239391942644394,1.3600060034847197,4.245828415919432,20.9466089664316,7.0,32.31268381738522,25.475251860261004,1.5538788060637987,0.0556386593287027,0
2022-07-19,2.3813324161706286,11.953506411923293,28.439356311217782,22.58824197187957,1.1064384134094647,0.4992115035332667,11.953506411923293,14.476584560823428,32.40776866038385,7.0,28.439356311217782,22.58824197187957,1.5538788060637987,0.0556386593287027,0
2022-07-20,3.602891779585322,3.156207996288356,31.104781184228468,24.71929831576423,1.809298289366996,0.3369647878468298,3.156207996288356,16.469720411696386,32.2350471164657,7.0,31.104781184228468,24.71929831576423,1.809298289366996,0.0556386593287027,0
2022-07-21,2.1516705469736186,3.1396014783062025,30.983947027704207,24.16584111861916,1.88541695611681,0.2958133627513597,3.1396014783062025,18.249315886517863,22.699562196242265,7.0,30.983947027704207,24.16584111861916,1.88541695611681,0.0556386593287027,0
2022-07-22,2.8208707768862835,7.147588734519326,31.48356717887458,26.964598972305826,1.653267691626481,0.0670280790375227,7.147588734519326,13.4433982091139,29.6427330369566,7.0,31.48356717887458,26.964598972305826,1.88541695611681,0.0556386593287027,1
2022-07-23,2.8860373674352164,0.8390894505614923,34.17658511911396,21.93504206421025,1.344068267614737,0.8957191747480014,0.8390894505614923,11.12627966338704,28.75907222049879,7.0,34.17658511911396,21.93504206421025,1.88541695611681,0.0556386593287027,0
2022-07-24,1.6982914556283415,3.339984135452396,32.410015613488646,23.695404043011703,0.7466977164641397,0.6918185861250508,3.339984135452396,11.32666232053323,30.93598421053579,7.0,32.410015613488646,23.695404043011703,1.88541695611681,0.0670280790375227,0
2022-07-25,3.6904508194438272,2.8104648917574453,35.68381204215599,22.718632726584453,1.969300858916398,0.1216181568196493,2.8104648917574453,6.989538477771351,32.38644309880851,7.0,35.68381204215599,22.718632726584453,1.969300858916398,0.0670280790375227,0
2022-07-26,2.2900482919655096,4.542985650204533,31.965018932333557,24.089636394200337,0.6934451009454891,0.0650459577371406,4.542985650204533,10.693434677414391,24.97592233708976,7.0,31.965018932333557,24.089636394200337,1.969300858916398,0.0650459577371406,0
2022-07-27,1.5931058086085863,38.617647610312304,37.32826184114019,25.066547205567183,0.564782459582776,0.974872533431243,38.617647610312304,45.9710981522743,60.4373619511137,7.0,37.32826184114019,25.066547205567183,1.969300858916398,0.0650459577371406,2
2022-07-28,3.1438118122844845,7.336413617363867,30.61767495880504,22.696385243852585,0.995877404815849,0.6811725504395049,7.336413617363867,50.49704687788072,64.63417409017137,7.0,30.61767495880504,22.696385243852585,1.969300858916398,0.0650459577371406,2
2022-07-29,1.4218384218507554,2.536373869321729,29.691312856504627,23.27178755722157,0.3023130272822992,0.4174560710937415,2.536373869321729,48.49043509699792,60.02295922497377,7.0,29.691312856504627,23.27178755722157,1.969300858916398,0.0650459577371406,2
2022-07-30,2.533817388842954,8.788328196142539,33.641908024330924,25.932081596114724,1.9612900364092236,0.7017310407557849,8.788328196142539,18.66111568282816,67.97219797055482,7.0,33.641908024330924,25.932081596114724,1.969300858916398,0.0650459577371406,2
2022-07-31,2.489057204026956,0.9359169618058404,36.09224581239505,26.714649323852885,1.259180401549565,0.7563317864801591,0.9359169618058404,12.260619027270131,65.56813079690825,7.0,36.09224581239505,26.714649323852885,1.969300858916398,0.0650459577371406,2
2022-08-01,3.803074678997894,0.154686744493686,27.86359008624432,24.98703207040576,1.2025137649955155,0.7799622023887793,0.154686744493686,9.878931902442089,62.9123526496445,7.0,27.86359008624432,24.98703207040576,1.9612900364092236,0.0650459577371406,1
2022-08-02,3.069637879455944,1.1435976691547312,31.40902805535705,23.724073802513683,1.3804333038194958,0.4778773056530576,1.1435976691547312,2.234201375454279,59.5129646685947,7.0,31.40902805535705,23.724073802513683,1.9612900364092236,0.4174560710937415,1
2022-08-03,2.469967649505828,2.080696041661541,30.167654164742387,23.533806157925703,1.094642565998972,0.429882758124848,2.080696041661541,3.3789804553099803,22.97601309994393,7.0,30.167654164742387,23.533806157925703,1.9612900364092236,0.4174560710937415,0
2022-08-04,3.4813195590403447,3.5726790505528023,32.42855303897624,25.09625265745458,0.2577143307701748,0.0110280842689003,3.5726790505528023,6.796972761369096,19.21227853313287,7.0,32.42855303897624,25.09625265745458,1.9612900364092236,0.0110280842689003,0
2022-08-05,4.168249058820776,4.774237154703567,32.03005377049821,24.455534002809745,1.302160319912714,0.926557115141838,4.774237154703567,10.427612246917931,21.45014181851471,7.0,32.03005377049821,24.455534002809745,1.9612900364092236,0.0110280842689003,0
2022-08-06,3.1693723676222345,12.07349274895966,36.03614374288316,20.702048324217397,1.489112978521575,0.6033078783889431,12.07349274895966,20.42040895421605,24.73530637133183,7.0,36.03614374288316,20.702048324217397,1.489112978521575,0.0110280842689003,1
2022-08-07,2.512423143812057,3.5652599627986885,31.67478562137565,25.144770464615807,0.9501483091232956,0.2031539371899681,3.5652599627986885,20.41298986646193,27.36464937232468,7.0,31.67478562137565,25.144770464615807,1.489112978521575,0.0110280842689003,0
2022-08-08,0.9257965211798084,3.4785086494797635,36.124352296910686,22.278860421154874,1.5631320297281472,0.9196034194214366,3.4785086494797635,19.117261361238132,30.688471277310757,7.0,36.124352296910686,22.278860421154874,1.5631320297281472,0.0110280842689003,0
2022-08-09,1.221863604309553,0.2577456346178431,31.054698991943944,21.16612718304869,0.6086023388091572,0.9149319017702964,0.2577456346178431,7.301514246896317,29.802619242773865,7.0,31.054698991943944,21.16612718304869,1.5631320297281472,0.0110280842689003,0
2022-08-10,2.1337303547743987,0.1776776328235749,34.779445625315645,20.66331022378255,0.5982978639191312,0.989184164366096,0.1776776328235749,3.913931916921203,27.8996008339359,7.0,34.779445625315645,20.66331022378255,1.5631320297281472,0.0110280842689003,0
2022-08-11,1.76858535740886,4.005443586682345,32.68598908441016,23.567791257633363,0.4905505778376331,0.8740565631389788,4.005443586682345,4.440866854123785,28.332365370065443,7.0,32.68598908441016,23.567791257633363,1.5631320297281472,0.2031539371899681,0
2022-08-12,2.275634436417465,2.8828564838544906,37.189656196050336,21.966951275634795,0.8695905676204914,0.9977843878200648,2.8828564838544906,7.065977703360431,26.440984699216365,7.0,37.189656196050336,21.966951275634795,1.5631320297281472,0.2031539371899681,0
2022-08-13,2.567979909876529,9.137360039524069,27.568955411556715,20.0,1.7246216637003504,0.2446861881232725,9.137360039524069,16.025660110060922,23.50485198978077,7.0,27.568955411556715,20.0,1.7246216637003504,0.2031539371899681,0
2022-08-14,3.135631305228077,0.8758137200227976,28.508426846720525,23.28308898632638,1.6902417118683155,0.8422495851992341,0.8758137200227976,12.896030243401375,20.81540574700488,7.0,28.508426846720525,23.28308898632638,1.7246216637003504,0.2446861881232725,0
2022-08-15,2.4154014663290906,0.1264437195566019,37.49486685397516,23.01885833022827,0.8890835743343068,0.8230283087957645,0.1264437195566019,10.139617479103489,17.463340817081722,7.0,37.49486685397516,23.01885833022827,1.7246216637003504,0.2446861881232725,0
2022-08-16,3.0838019725914423,2.9804541576218884,29.80020471954094,23.70019777068324,1.2604137247644258,0.2309403592207337,2.9804541576218884,3.982711597201309,20.186049340085766,7.0,29.80020471954094,23.70019777068324,1.7246216637003504,0.2309403592207337,0
2022-08-17,2.5773692977721443,1.3556232430193662,29.99058992577241,22.742204091915244,1.497469369654848,0.0984375490009907,1.3556232430193662,4.462521120197877,21.36399495028156,7.0,29.99058992577241,22.742204091915244,1.7246216637003504,0.0984375490009907,0
2022-08-18,0.1294401203753543,0.2544372697534939,29.37282924350044,27.65865932705456,0.6341721943304414,0.9794205136775996,0.2544372697534939,4.59051467039477,17.612988633352703,7.0,29.37282924350044,27.65865932705456,1.7246216637003504,0.0984375490009907,0
2022-08-19,1.3727975274174948,6.447622360550428,35.44533786960117,25.03467458936728,0.5026539546105447,0.2960245515206103,6.447622360550428,8.057682873323309,21.177754510048644,7.0,35.44533786960117,25.03467458936728,1.7246216637003504,0.0984375490009907,0
2022-08-20,2.3270949331340613,0.5916265380557515,28.239627160324627,23.000773352757044,1.94977278778216,0.8708917904678061,0.5916265380557515,7.293686168359695,12.632021008580328,7.0,28.239627160324627,23.000773352757044,1.94977278778216,0.0984375490009907,0
2022-08-21,1.048366308590671,4.686544112832999,32.067351236832984,23.872746325105275,1.3116031637773131,0.0041271546746038,4.686544112832999,11.7257930114392,16.442751401390527,7.0,32.067351236832984,23.872746325105275,1.94977278778216,0.0041271546746038,0
2022-08-22,3.219914475995445,1.649815586056245,31.203134534658385,26.829285334990697,1.966548299300595,0.0210248072196022,1.649815586056245,6.927986236945016,17.966123267890172,7.0,31.203134534658385,26.829285334990697,1.966548299300595,0.0041271546746038,0
2022-08-23,4.336900998812437,0.9527529148633624,35.1095467505133,25.91324562347098,0.8079607768380124,0.4658713086963684,0.9527529148633624,7.289112613752627,15.938422025131644,7.0,35.1095467505133,25.91324562347098,1.966548299300595,0.0041271546746038,0
2022-08-24,3.96251422203678,2.388175558723339,30.308952013005065,21.20757637124993,1.465457059953437,0.2387146839350635,2.388175558723339,4.990744059642967,16.970974340835618,7.0,30.308952013005065,21.20757637124993,1.966548299300595,0.0041271546746038,0
2022-08-25,2.2438685548837505,8.083465242579141,33.24581773733982,22.05141887834674,0.6006865457742279,0.6898412834359643,8.083465242579141,11.424393716165865,24.800002313661267,7.0,33.24581773733982,22.05141887834674,1.966548299300595,0.0041271546746038,0
2022-08-26,4.288871364219943,2.4886715912187767,28.48635147986819,22.43630625195332,0.6701603082930433,0.5655643255679543,2.4886715912187767,12.960312392521278,20.841051544329616,7.0,28.48635147986819,22.43630625195332,1.966548299300595,0.0041271546746038,0
2022-08-27,2.6784009486425338,6.946888532959782,38.8218231160316,23.12060009812838,1.1214238182853231,0.0774857974504914,6.946888532959782,17.519025366757717,27.196313539233643,7.0,38.8218231160316,23.12060009812838,1.966548299300595,0.0041271546746038,1
2022-08-28,2.095496834658353,0.6704365744556661,31.281223026038877,22.80915359424792,0.7753126259145282,0.162628296315717,0.6704365744556661,10.105996698634245,23.180206000856312,7.0,31.281223026038877,22.80915359424792,1.966548299300595,0.0210248072196022,0
2022-08-29,1.7639168037508723,7.408994031594318,32.0262904546561,24.068018509722155,0.501718814913052,0.3880492700584143,7.408994031594318,15.026319139009784,28.939384446394385,7.0,32.0262904546561,24.068018509722155,1.465457059953437,0.0774857974504914,0
2022-08-30,2.137036376214246,1.352049330360584,36.96426307655162,25.471442622037777,0.6731852635807869,0.1856040639554331,1.352049330360584,9.431479936410588,29.338680861891604,7.0,36.96426307655162,25.471442622037777,1.465457059953437,0.0774857974504914,0
2022-08-31,2.0341878177505253,5.656604087255282,30.239981677084373,25.80532057876497,0.2643471100385564,0.7922223472439286,5.656604087255282,14.417647449210204,32.60710939042355,7.0,30.239981677084373,25.80532057876497,1.1214238182853231,0.0774857974504914,1
2022-09-01,2.704499466850585,4.171037708251309,37.00214702881585,23.34640531420142,1.4679625186594758,0.41607023555328,4.171037708251309,11.179691125867194,28.69468185609572,7.0,37.00214702881585,23.34640531420142,1.4679625186594758,0.0774857974504914,0
2022-09-02,2.6926887772598374,13.235578763142398,30.76558647758612,20.730612962491207,1.0858099827545509,0.0934318668424992,13.235578763142398,23.063220558649007,39.44158902801934,7.0,30.76558647758612,20.730612962491207,1.4679625186594758,0.0774857974504914,1
2022-09-03,2.503655224184097,2.4495830598328183,34.015094551463775,21.91918011625652,0.3696375195281461,0.4843429022721248,2.4495830598328183,19.856199531226544,34.94428355489237,7.0,34.015094551463775,21.91918011625652,1.4679625186594758,0.0934318668424992,1
2022-09-04,3.0243258036956195,0.3422785905114008,30.281955079522103,22.96045042073994,0.5090491876312842,0.0908381810614141,0.3422785905114008,16.027440413486637,34.61612557094811,7.0,30.281955079522103,22.96045042073994,1.4679625186594758,0.0908381810614141,0
2022-09-05,3.9287755297436098,0.0967066448644575,27.9318906645658,21.509931081497285,0.3845621686027592,0.1289373054198171,0.0967066448644575,2.8885682952086964,27.30383818421825,7.0,27.9318906645658,21.509931081497285,1.4679625186594758,0.0908381810614141,0
2022-09-06,3.6394649625295887,8.768232259392127,33.24378305162185,26.28171797340323,1.3026670548965775,0.2396098320282053,8.768232259392127,9.207217494768004,34.72002111324979,7.0,33.24378305162185,26.28171797340323,1.4679625186594758,0.0908381810614141,1
2022-09-07,0.7181224378601159,3.719420387367803,33.9197102029506,21.640917882838544,0.3695786545024888,0.8595277052474898,3.719420387367803,12.584359291624407,32.78283741336232,7.0,33.9197102029506,21.640917882838544,1.4679625186594758,0.0908381810614141,0
2022-09-08,0.0,7.463700701425875,28.052342773021284,25.234126089470408,1.557708199463389,0.924612532332972,7.463700701425875,19.951353348185823,36.07550040653688,7.0,28.052342773021284,25.234126089470408,1.557708199463389,0.0908381810614141,1
2022-09-09,3.621183893487128,1.335644386220155,31.078825043273863,20.63623928995492,0.2369196547767041,0.8262577293320691,1.335644386220155,12.518765475013852,24.17556602961464,7.0,31.078825043273863,20.63623928995492,1.557708199463389,0.0908381810614141,0
2022-09-10,0.8597455619014946,2.1162395363326136,35.60227688461072,25.314402202592102,0.6488764183926058,0.3340772174178472,2.1162395363326136,10.915584623978663,23.84222250611443,7.0,35.60227688461072,25.314402202592102,1.557708199463389,0.0908381810614141,0
2022-09-11,2.23028151772878,0.152831489863136,33.80035685238983,23.721462586664828,1.803200016605433,0.2724464411088316,0.152831489863136,3.6047154124159246,23.65277540546617,7.0,33.80035685238983,23.721462586664828,1.803200016605433,0.1289373054198171,0
2022-09-12,1.0958643687287686,16.284488479234657,30.814354994647847,27.0250614046051,1.4933563726200427,0.5491556907902392,16.284488479234657,18.553559505430428,39.840557239836365,7.0,30.814354994647847,27.0250614046051,1.803200016605433,0.2396098320282053,1
2022-09-13,0.3376234749039764,5.511112589061934,30.207422895096634,21.73687478690734,0.3313429992662379,0.7218531605331123,5.511112589061934,21.948432558159745,36.583437569506174,7.0,30.207422895096634,21.73687478690734,1.803200016605433,0.2724464411088316,1
2022-09-14,3.149755273845745,13.530641827008182,37.84473297540433,22.87177039877681,1.6780269880733236,0.9933727881601748,13.530641827008182,35.32624289530479,46.39465900914655,7.0,37.84473297540433,22.87177039877681,1.803200016605433,0.2724464411088316,2
2022-09-15,3.4109861923631764,1.5428019610061596,27.659203790591427,23.25913479717912,1.0874632187723687,0.1315707118789262,1.5428019610061596,20.584556377076293,40.47376026872684,7.0,27.659203790591427,23.25913479717912,1.803200016605433,0.1315707118789262,1
2022-09-16,1.8081875191279368,4.726842243809473,31.822404276774197,23.694999859699376,1.7242094489038926,0.0492919990238044,4.726842243809473,19.80028603182383,43.86495812631616,7.0,31.822404276774197,23.694999859699376,1.803200016605433,0.0492919990238044,1
2022-09-17,0.0,5.673788183406287,27.605909378918167,23.30803833819502,1.2813315940107082,0.694355888995271,5.673788183406287,11.943432388221936,47.42250677338983,7.0,27.605909378918167,23.30803833819502,1.803200016605433,0.0492919990238044,1
2022-09-18,1.8445066620970207,1.9103278773241572,35.94444393453284,23.346642868182027,1.4272994576591458,0.8322257835039055,1.9103278773241572,12.310958304539936,49.18000316085085,7.0,35.94444393453284,23.346642868182027,1.7242094489038926,0.0492919990238044,1
2022-09-19,2.970164806483056,9.422968339540976,31.97862916337499,23.313874913228677,1.9883028087122747,0.8463487798664232,9.422968339540976,17.007084400271438,42.31848302115717,7.0,31.97862916337499,23.313874913228677,1.9883028087122747,0.0492919990238044,1
2022-09-20,0.7253061174710456,14.702572425907544,32.53452225430831,20.0,0.6182039826632327,0.6784635490771607,14.702572425907544,26.03586864277269,51.50994285800278,7.0,32.53452225430831,20.0,1.9883028087122747,0.0492919990238044,2
2022-09-21,2.720031903734987,10.80782048718696,40.0,25.986669003215532,1.323102034570499,0.9540158041191872,10.80782048718696,34.9333612526355,48.78712151818156,7.0,40.0,25.986669003215532,1.9883028087122747,0.0492919990238044,2
2022-09-22,2.481628180992405,6.717457586923357,30.21958197279082,29.72227313526737,1.0285785021033171,0.5110047635445869,6.717457586923357,32.22785050001788,53.961777144098754,7.0,30.21958197279082,29.72227313526737,1.9883028087122747,0.0492919990238044,2
2022-09-23,3.195149799521306,1.624944869983028,37.2457277421756,24.596542209201974,0.2710135152608446,0.9138147983362124,1.624944869983028,19.150222944093365,50.85987977027231,7.0,37.2457277421756,24.596542209201974,1.9883028087122747,0.5110047635445869,1
2022-09-24,2.643496442096984,1.6537554628434192,30.827804256775437,21.728498304283413,0.226047154705157,0.967812136991523,1.6537554628434192,9.99615791974982,46.83984704970944,7.0,30.827804256775437,21.728498304283413,1.9883028087122747,0.5110047635445869,1
2022-09-25,1.3323172709421334,16.53311742506215,31.299462627245305,21.930922738303423,0.4146114400721456,0.8471574570031077,16.53311742506215,19.811817757888612,61.46263659744744,7.0,31.299462627245305,21.930922738303423,1.9883028087122747,0.5110047635445869,2
2022-09-26,3.935885801997389,0.0516887339203922,39.9145257698618,25.226348003783137,1.3683651329693869,0.3097585632586206,0.0516887339203922,18.23856162182598,52.091356991826856,7.0,39.9145257698618,25.226348003783137,1.3683651329693869,0.3097585632586206,1
2022-09-27,2.309764512367636,6.294785092121541,31.51672886821498,24.77093895169649,1.220893558244106,0.1962156511702952,6.294785092121541,22.879591251104102,43.68356965804085,7.0,31.51672886821498,24.77093895169649,1.3683651329693869,0.1962156511702952,1
2022-09-28,2.467234552588082,6.125065749837182,27.87688578711425,23.431419778893325,1.1961732100947091,0.5481200649818184,6.125065749837182,12.471539575879133,39.00081492069107,7.0,27.87688578711425,23.431419778893325,1.3683651329693869,0.1962156511702952,0
2022-09-29,1.3800784491121647,4.873434658081642,32.845756364378936,25.50680874175837,0.2573421725508681,0.4530147503801884,4.873434658081642,17.293285500040383,37.15679199184935,7.0,32.845756364378936,25.50680874175837,1.3683651329693869,0.1962156511702952,1
2022-09-30,1.968061298570188,23.080572327089858,31.481789524498986,20.0,1.0447453934480126,0.877758342192733,23.080572327089858,34.0790727350087,58.61241944895619,7.0,31.481789524498986,20.0,1.3683651329693869,0.1962156511702952,2
2022-10-01,1.438236743167719,1.8689560884289396,33.101287525201585,25.50812425446225,1.8643210721165515,0.1000316710671537,1.8689560884289396,29.82296307360045,58.827620074541706,7.0,33.101287525201585,25.50812425446225,1.8643210721165515,0.1000316710671537,2
2022-10-02,2.2924647280918924,2.0773640712701704,31.59920662001669,24.475522329189783,0.915665364759164,0.2577400613115186,2.0773640712701704,27.026892486788984,44.37186672074973,7.0,31.59920662001669,24.475522329189783,1.8643210721165515,0.1000316710671537,1
2022-10-03,4.554050176170811,0.4111472502245691,38.64663384861429,22.00810401843353,1.3248604456192214,0.7517989445187085,0.4111472502245691,4.357467409923693,44.7313252370539,7.0,38.64663384861429,22.00810401843353,1.8643210721165515,0.1000316710671537,1
2022-10-04,0.8537186284823723,2.924138463799997,33.67020751650781,21.133352143238632,1.6036736161216585,0.0949866449773121,2.924138463799997,5.412649785294751,41.36067860873237,7.0,33.67020751650781,21.133352143238632,1.8643210721165515,0.0949866449773121,0
2022-10-05,0.5637263225479108,1.512615124595582,28.775106116822545,24.242654565491254,1.6110655024553977,0.3207644140217002,1.512615124595582,4.847900838620163,36.74822798349077,7.0,28.775106116822545,24.242654565491254,1.8643210721165515,0.0949866449773121,0
2022-10-06,4.26540439299233,2.103300107863657,32.373640406071566,26.81447627353553,1.1347041483114884,0.3871553940539831,2.103300107863657,6.540053696259252,33.978093433272775,7.0,32.373640406071566,26.81447627353553,1.8643210721165515,0.0949866449773121,0
2022-10-07,2.2488115874177605,8.996089781267631,29.60111052749888,23.54381353600593,1.7443135017242053,0.62259379656269,8.996089781267631,12.612005013726886,19.89361088745055,7.0,29.60111052749888,23.54381353600593,1.8643210721165515,0.0949866449773121,0
2022-10-08,1.6971127136081,13.704249918254911,31.25685847249114,22.29462996753432,0.9044805680547444,0.1581326457193645,13.704249918254911,24.80363980738622,31.72890471727652,7.0,31.25685847249114,22.29462996753432,1.7443135017242053,0.0949866449773121,1
2022-10-09,3.747885624875292,1.0273352268225353,29.26867786829953,24.382576520272504,1.799647786612637,0.8606044903497095,1.0273352268225353,23.72767492634509,30.67887587282889,7.0,29.26867786829953,24.382576520272504,1.799647786612637,0.0949866449773121,0
2022-10-10,1.773261352315763,2.3301292081441805,38.32135556961807,27.64174362024695,0.6324088995119816,0.4475422354662742,2.3301292081441805,17.061714353221646,32.597857830748495,7.0,38.32135556961807,27.64174362024695,1.799647786612637,0.0949866449773121,1
2022-10-11,4.691211656256323,13.199427710520377,29.925846154465333,24.862599626127437,0.7043895325830278,0.9170217118805564,13.199427710520377,16.556892145487105,42.87314707746887,7.0,29.925846154465333,24.862599626127437,1.799647786612637,0.1581326457193645,1
2022-10-12,3.3135110456071226,0.3190057556508566,34.06269305598241,25.07880397641881,0.295617123558202,0.4678699136339316,0.3190057556508566,15.848562674315428,41.679537708524144,7.0,34.06269305598241,25.07880397641881,1.799647786612637,0.1581326457193645,1
2022-10-13,1.914506310225157,0.48454018310194,31.02956173437012,26.44559727194111,1.6320473057761091,0.2750402589407333,0.48454018310194,14.002973649273189,40.06077778376243,7.0,31.02956173437012,26.44559727194111,1.799647786612637,0.1581326457193645,0
2022-10-14,5.0887698559186045,0.8884076272803241,28.52476048228163,24.945114798767644,0.95069942521887,0.1418288286876748,0.8884076272803241,1.6919535660331366,31.953095629775124,7.0,28.52476048228163,24.945114798767644,1.799647786612637,0.1418288286876748,0
2022-10-15,1.773142092395994,4.521969331851857,32.59294790869852,22.438060585679693,0.6124099050405183,0.0037450947112848,4.521969331851857,5.894917142234137,22.770815043372068,7.0,32.59294790869852,22.438060585679693,1.799647786612637,0.0037450947112848,0
2022-10-16,3.3905144464111685,0.8153734842803941,33.20207551125712,20.510870096203927,0.6172224997098434,0.5321574849848356,0.8153734842803941,6.225750443412592,22.558853300829927,7.0,33.20207551125712,20.510870096203927,1.6320473057761091,0.0037450947112848,0
2022-10-17,2.8591510964877904,17.222045748766888,33.67587959826354,22.156693760443478,1.82251989421262,0.1071566969269234,17.222045748766888,22.559388564899155,37.45076984145263,7.0,33.67587959826354,22.156693760443478,1.82251989421262,0.0037450947112848,1
2022-10-18,4.062089547278558,2.9594059254304432,25.0,21.79054738980465,1.7010498808298664,0.3917277636311782,2.9594059254304432,20.99682515847774,27.2107480563627,7.0,25.0,21.79054738980465,1.82251989421262,0.0037450947112848,0
2022-10-19,4.373813436072223,3.480938595079946,28.295462858992728,25.318616239022656,1.19635559364293,0.5892717612370867,3.480938595079946,23.662390269277296,30.37268089579179,7.0,28.295462858992728,25.318616239022656,1.82251989421262,0.0037450947112848,0
2022-10-20,2.53840497887892,1.4161839422852345,34.87266415706566,25.59669610269821,1.308999440748298,0.2756858969027003,1.4161839422852345,7.856528462795641,31.304324654975087,7.0,34.87266415706566,25.59669610269821,1.82251989421262,0.0037450947112848,0
2022-10-21,1.59589855558458,3.1834585638603845,29.229179112173625,24.351144123430977,1.053786026990524,0.1752242923661152,3.1834585638603845,8.080581101225583,33.599375591555145,7.0,29.229179112173625,24.351144123430977,1.82251989421262,0.0037450947112848,0
2022-10-22,3.05196657152694,5.422269456987178,32.60883215093033,21.462616046313656,0.904999777181856,0.7747216226093416,5.422269456987178,10.021911963132816,34.49967571669047,7.0,32.60883215093033,21.462616046313656,1.82251989421262,0.1071566969269234,0
2022-10-23,1.6867415562974726,6.955070145337542,28.22592591431364,27.57319404785339,1.8478583861929967,0.9467911722816206,6.955070145337542,15.560798166185124,40.63937237774762,7.0,28.22592591431364,27.57319404785339,1.8478583861929967,0.1071566969269234,1
2022-10-24,4.916064697031947,7.009438188166358,34.19480330647532,23.16757957232082,0.4261028663365437,0.100440417861966,7.009438188166358,19.38677779049109,30.426764817147088,7.0,34.19480330647532,23.16757957232082,1.8478583861929967,0.100440417861966,1
2022-10-25,2.663842397299285,4.312459857190263,34.79380878798672,25.206962020603072,0.9532042214892102,0.1555903243850078,4.312459857190263,18.276968190694184,31.77981874890691,7.0,34.79380878798672,25.206962020603072,1.8478583861929967,0.100440417861966,0
2022-10-26,2.06161413842547,11.735808918792037,34.1957297185171,24.09864967339912,0.8202114343781757,0.9600126572527188,11.735808918792037,23.05770696414867,40.034689072619,7.0,34.1957297185171,24.09864967339912,1.8478583861929967,0.100440417861966,1
2022-10-27,2.72161636703789,8.502501435670823,35.09767043706079,24.41732696649983,1.096671296452067,0.0377842218122462,8.502501435670823,24.550770211653138,47.12100656600458,7.0,35.09767043706079,24.41732696649983,1.8478583861929967,0.0377842218122462,2
2022-10-28,0.8834484525643642,7.074459290608738,36.6917004346986,25.1363680066808,1.0237373741813152,0.9776323365504722,7.074459290608738,27.31276964507161,51.01200729275293,7.0,36.6917004346986,25.1363680066808,1.8478583861929967,0.0377842218122462,2
2022-10-29,1.3340631537872183,0.2860566027410341,28.477777605173078,22.607959676798096,1.1340011569719466,0.0046444830849887,0.2860566027410341,15.863017329020613,45.8757944385068,7.0,28.477777605173078,22.607959676798096,1.8478583861929967,0.0046444830849887,1
2022-10-30,3.9404966895333104,0.0345086221074738,29.63398420654591,26.61080485253033,0.4518541590085894,0.8736686556513313,0.0345086221074738,7.395024515457264,38.95523291527672,7.0,29.63398420654591,26.61080485253033,1.1340011569719466,0.0046444830849887,0
2022-10-31,1.7117268652343252,1.1941248046516135,34.69263071091139,20.84098916582545,1.1236547027238988,0.3073251809877495,1.1941248046516135,1.514690029500139,33.13991953176198,7.0,34.69263071091139,20.84098916582545,1.1340011569719466,0.0046444830849887,0
2022-11-01,1.2437068207816726,5.446136239986656,35.390659315512444,21.92288738792823,0.6363538649969795,0.9385888581772964,5.446136239986656,6.674769666745762,34.27359591455837,7.0,35.390659315512444,21.92288738792823,1.1340011569719466,0.0046444830849887,0
2022-11-02,3.1439833030327438,2.648322233855529,29.976971139284224,26.584858748674165,0.5317964281787443,0.3169452886355854,2.648322233855529,9.288583278493816,25.186109229621863,7.0,29.976971139284224,26.584858748674165,1.1340011569719466,0.0046444830849887,0
2022-11-03,3.922844985595596,2.5742205964007474,29.768341804023247,25.18000952220894,0.3167015938151442,0.654306321534056,2.5742205964007474,10.668679070242952,19.257828390351797,7.0,29.768341804023247,25.18000952220894,1.1340011569719466,0.0046444830849887,0
2022-11-04,3.36274397279808,10.796186555842173,30.043359530208484,29.08078219536287,1.5727746057610537,0.0800325697659366,10.796186555842173,16.018729386098467,22.97955565558523,7.0,30.043359530208484,29.08078219536287,1.5727746057610537,0.0046444830849887,0
2022-11-05,3.69525722296698,11.295849030154477,27.18471510786816,24.13670088730626,0.969395457541808,0.242329811453739,11.295849030154477,24.66625618239741,33.989348082998674,7.0,27.18471510786816,24.13670088730626,1.5727746057610537,0.0800325697659366,1
2022-11-06,1.591845893716647,11.994118040788866,28.185766453477772,27.400858592918187,1.327958629961165,0.7736793464792507,11.994118040788866,34.08615362678553,45.94895750168006,7.0,28.185766453477772,27.400858592918187,1.5727746057610537,0.0800325697659366,2
2022-11-07,0.7938271999097875,1.8834996801044137,28.25812206490954,20.285042434673198,1.509668017948538,0.5286858536788197,1.8834996801044137,25.173466751047773,46.63833237713286,7.0,28.25812206490954,20.285042434673198,1.5727746057610537,0.0800325697659366,1
2022-11-08,4.301600382346584,5.87297321075241,31.1177045785831,21.17297005360561,1.4227699975643964,0.9279690617870447,5.87297321075241,19.750590931645707,47.06516934789862,7.0,31.1177045785831,21.17297005360561,1.5727746057610537,0.0800325697659366,1
2022-11-09,2.1127841933894373,1.584752429051964,32.81250954750186,25.79105107483395,1.0469012943614282,0.4287514083413543,1.584752429051964,9.341225319908803,46.001599543095054,7.0,32.81250954750186,25.79105107483395,1.5727746057610537,0.0800325697659366,1
2022-11-10,2.1990003802539437,1.057370976056068,33.300418494927115,20.51926434877103,0.8982173521131138,0.8698123658139231,1.057370976056068,8.51509661586046,44.484749922750375,7.0,33.300418494927115,20.51926434877103,1.5727746057610537,0.0800325697659366,0
2022-11-11,4.09383297021887,1.0205814740946555,30.47431324017296,23.60526478598102,0.8767278373531948,0.4489554374782375,1.0205814740946555,3.6627048792027055,34.70914484100285,7.0,30.47431324017296,23.60526478598102,1.509668017948538,0.242329811453739,0
2022-11-12,3.167476011280792,2.093569592886348,30.548038651157363,26.33441816729432,1.3520878344741014,0.9792482787019852,2.093569592886348,4.171522043037089,25.50686540373473,7.0,30.548038651157363,26.33441816729432,1.509668017948538,0.4287514083413543,0
2022-11-13,3.047065326497929,2.810222848269944,32.37098448545378,25.002342528977337,1.090629838895372,0.9598343813988768,2.810222848269944,5.924373915250965,16.322970211215804,7.0,32.37098448545378,25.002342528977337,1.509668017948538,0.4287514083413543,0
2022-11-14,5.098002813881301,8.887779231457117,27.51195632855172,24.02219044063916,1.7284380463793192,0.3291367055560803,8.887779231457117,13.791571672613426,23.327249762568503,7.0,27.51195632855172,24.02219044063916,1.7284380463793192,0.3291367055560803,1
2022-11-15,1.7277781235438283,0.6385481087491485,34.878321596249265,23.10178506234137,1.7744635717880817,0.8859236704168032,0.6385481087491485,12.336550188476227,18.092824660565245,7.0,34.878321596249265,23.10178506234137,1.7744635717880817,0.3291367055560803,0
2022-11-16,3.6134081536974847,6.6387283549360445,35.85615583704281,24.40445174918393,0.5070086804117333,0.8476113742156492,6.6387283549360445,16.16505569514233,23.146800586449327,7.0,35.85615583704281,24.40445174918393,1.7744635717880817,0.3291367055560803,1
2022-11-17,2.568415749876501,3.790614737730349,30.12325808693588,25.15449674475106,0.4452205727823062,0.2106803973275628,3.790614737730349,11.06789120141556,25.880044348123608,7.0,30.12325808693588,25.15449674475106,1.7744635717880817,0.2106803973275628,0
2022-11-18,2.8223107346359084,1.6980030230600378,30.804691521953664,22.678211326027636,1.3347216668647992,0.6242904007832697,1.6980030230600378,12.127346115726448,26.55746589708899,7.0,30.804691521953664,22.678211326027636,1.7744635717880817,0.2106803973275628,0
2022-11-19,4.334162111695038,3.394442448212634,35.72993667453551,24.743472056024096,0.7422063465121029,0.0726823155898148,3.394442448212634,8.883060209003037,27.858338752415275,7.0,35.72993667453551,24.743472056024096,1.7744635717880817,0.0726823155898148,0
2022-11-20,3.1094029075475484,1.78296094950773,31.630845227030303,26.15686148839742,0.2334272937771779,0.8367107205834616,1.78296094950773,6.875406420780419,26.83107685365306,7.0,31.630845227030303,26.15686148839742,1.7744635717880817,0.0726823155898148,0
2022-11-21,3.14595529485956,4.53271640550258,33.76473633785489,23.55504373340028,1.7995568048533193,0.1745458835034965,4.53271640550258,9.71011980322296,22.47601402769852,7.0,33.76473633785489,23.55504373340028,1.7995568048533193,0.0726823155898148,0
2022-11-22,3.7870088047717614,2.844427420597862,31.72308381859768,24.136245700281304,0.6084213810388549,0.0708147013857645,2.844427420597862,9.16010477560819,24.68189333954724,7.0,31.72308381859768,24.136245700281304,1.7995568048533193,0.0708147013857645,0
2022-11-23,2.0620567245485377,0.8980593310915677,36.668922165440826,24.967557668005558,1.8727051730344564,0.4002190955388112,0.8980593310915677,8.275203157192028,18.94122431570276,7.0,36.668922165440826,24.967557668005558,1.8727051730344564,0.0708147013857645,0
2022-11-24,1.4929483991931924,0.6197901028445114,33.47023888475449,25.102668432179488,1.4913820115808565,0.5769221385996435,0.6197901028445114,4.362276854533959,15.770399680816924,7.0,33.47023888475449,25.102668432179488,1.8727051730344564,0.0708147013857645,0
2022-11-25,1.2462289671747595,3.9559579776970217,33.64296731575757,25.75690714599688,1.5727762818406716,0.854916958559771,3.9559579776970217,5.473807411633119,18.02835463545391,7.0,33.64296731575757,25.75690714599688,1.8727051730344564,0.0708147013857645,0
2022-11-26,0.1403720927487981,11.635056661237526,33.69891961620076,21.9712500880361,0.5626306924276887,0.9742425255217364,11.635056661237526,16.21080474177908,26.2689688484788,7.0,33.69891961620076,21.9712500880361,1.8727051730344564,0.0708147013857645,1
2022-11-27,4.967448555928387,2.1076499495978767,30.334658791016864,22.94215499522938,0.6215499661102633,0.4394925125698636,2.1076499495978767,17.69866458853244,26.59365784856895,7.0,30.334658791016864,22.94215499522938,1.8727051730344564,0.0708147013857645,0
2022-11-28,1.1761499611339803,6.602535110824133,30.610282589232398,23.01624261590069,1.1382819568833185,0.0604469229852702,6.602535110824133,20.345241721659555,28.6634765538905,7.0,30.610282589232398,23.01624261590069,1.8727051730344564,0.0604469229852702,0
2022-11-29,2.234495651697073,5.374401002359871,34.30773691867992,22.192175669674647,0.5097797347697519,0.7491155790258707,5.374401002359871,14.0845860627819,31.19345013565251,7.0,34.30773691867992,22.192175669674647,1.8727051730344564,0.0604469229852702,0
2022-11-30,2.1678240401332958,13.408617619868696,32.37923848830085,20.40317215728437,0.7497770468294582,0.5651732562239374,13.408617619868696,25.38555373305272,43.70400842442964,7.0,32.37923848830085,20.40317215728437,1.5727762818406716,0.0604469229852702,2
2022-12-01,2.8688880373709207,8.601317150779932,28.46716697656468,20.0,0.7786324603060482,0.4478913448444631,8.601317150779932,27.38433577300852,51.68553547236506,7.0,28.46716697656468,20.0,1.5727762818406716,0.0604469229852702,2
2022-12-02,3.478884655047156,4.180531620112004,37.61931327387434,26.39090542350596,0.4873338798549754,0.3092688787921896,4.180531620112004,26.19046639076065,51.91010911478004,7.0,37.61931327387434,26.39090542350596,1.1382819568833185,0.0604469229852702,2
2022-12-03,3.5325681860316944,5.350568759519473,34.934215601891296,20.892213991104917,0.5693291001112893,0.5023985278435357,5.350568759519473,18.132417530411427,45.62562121306199,7.0,34.934215601891296,20.892213991104917,1.1382819568833185,0.0604469229852702,1
2022-12-04,1.8003070737172735,11.432892748977164,32.11287897153505,27.133018253411816,1.619393315614862,0.3386796044570309,11.432892748977164,20.96399312860866,54.95086401244127,7.0,32.11287897153505,27.133018253411816,1.619393315614862,0.0604469229852702,2
2022-12-05,2.299453943456306,2.5501195976414404,31.179497054600105,25.47881897723293,0.5009525381850831,0.7570118677473603,2.5501195976414404,19.333581106138094,50.89844849925858,7.0,31.179497054600105,25.47881897723293,1.619393315614862,0.3092688787921896,1
2022-12-06,2.83909594058596,1.9785247627584628,32.596027572590245,23.188623240387493,0.2512233053190605,0.5438936964926411,1.9785247627584628,15.961537109377089,47.50257225965718,7.0,32.596027572590245,23.188623240387493,1.619393315614862,0.3092688787921896,1
2022-12-07,2.2015706485797435,0.0543497402150735,33.55256029747228,25.232844209629462,1.3328388967320892,0.876847774154112,0.0543497402150735,4.582994100614995,34.14830438000355,7.0,33.55256029747228,25.232844209629462,1.619393315614862,0.3092688787921896,0
2022-12-08,4.428814691223991,8.759360493377885,25.900997792989852,24.850266493427444,1.95676961490641,0.5435439146494421,8.759360493377885,10.79223499635144,34.30634772260151,7.0,25.900997792989852,24.850266493427444,1.95676961490641,0.3092688787921896,1
2022-12-09,3.0891699419659018,8.07176738031259,38.33704912845726,21.796451274120454,0.7961848663216184,0.23826241333993,8.07176738031259,16.885477613905564,38.19758348280209,7.0,38.33704912845726,21.796451274120454,1.95676961490641,0.23826241333993,1
2022-12-10,3.381853343259781,0.5516113468993782,29.63034707249924,23.970044452740737,0.4135802657532541,0.8510918822321445,0.5516113468993782,17.382739220589873,33.398626070182,7.0,29.63034707249924,23.970044452740737,1.95676961490641,0.23826241333993,1
2022-12-11,3.2954575224008957,4.300229981594398,31.99428310103373,22.040322454917018,1.2266971856615554,0.5572190449300439,4.300229981594398,12.923608708806384,26.265963302799232,7.0,31.99428310103373,22.040322454917018,1.95676961490641,0.23826241333993,1
2022-12-12,3.9081686289823896,3.117934866416193,32.10460064833744,25.308256004342184,1.8314375799721632,0.2068410381435612,3.117934866416193,7.969776194909986,26.833778571573983,7.0,32.10460064833744,25.308256004342184,1.95676961490641,0.2068410381435612,0
2022-12-13,2.7172258704444485,0.6318375474465349,37.99055065606655,22.569558096401224,1.6113112036912618,0.6235078099562221,0.6318375474465349,8.050002395457144,25.48709135626205,7.0,37.99055065606655,22.569558096401224,1.95676961490641,0.2068410381435612,0
2022-12-14,0.943801662452984,19.70422886118751,31.735628476979915,23.80674092760665,1.3205285631428887,0.3577167649424275,19.70422886118751,23.454001275050256,45.136970477234485,7.0,31.735628476979915,23.80674092760665,1.95676961490641,0.2068410381435612,2
2022-12-15,2.97962554210317,1.2084211585809954,36.765521883060885,23.7204021619785,0.767101693893679,0.8444056122920658,1.2084211585809954,21.54448756721506,37.5860311424376,7.0,36.765521883060885,23.7204021619785,1.8314375799721632,0.2068410381435612,1
2022-12-16,1.7183717274498052,0.3480055326070639,33.220182408383344,24.243158001078765,1.175384311897196,0.4532997386465428,0.3480055326070639,21.260655552375585,29.86226929473207,7.0,33.220182408383344,24.243158001078765,1.8314375799721632,0.2068410381435612,1
2022-12-17,1.865659981900292,4.517457210631045,29.114345413382157,27.325110162228043,0.3642407143476597,0.7264413581074167,4.517457210631045,6.073883901819123,33.82811515846374,7.0,29.114345413382157,27.325110162228043,1.8314375799721632,0.2068410381435612,1
2022-12-18,3.203636822506112,6.713620932495302,32.40412240430841,23.518078834288165,1.4221017637052058,0.0955362076362371,6.713620932495302,11.579083675733427,36.24150610936464,7.0,32.40412240430841,23.518078834288165,1.8314375799721632,0.0955362076362371,0
2022-12-19,3.985939685720363,0.1649070104427652,31.644473834855265,26.43585428394903,1.5051728340157715,0.3960243463023462,0.1649070104427652,11.39598515356913,33.28847825339122,7.0,31.644473834855265,26.43585428394903,1.6113112036912618,0.0955362076362371,0
2022-12-20,2.525525892083274,5.375225527050153,28.747788545287317,24.959993988670075,1.937056921237854,0.9832414364723988,5.375225527050153,12.253753469988238,38.03186623299484,7.0,28.747788545287317,24.959993988670075,1.937056921237854,0.0955362076362371,1
2022-12-21,2.8705996151187567,3.7995542209415816,33.073168308416726,26.836805092073163,0.668715245741129,0.8084602894771483,3.7995542209415816,9.339686758434516,22.127191592748908,7.0,33.073168308416726,26.836805092073163,1.937056921237854,0.0955362076362371,0
2022-12-22,4.542657933562285,0.5449744983834416,32.066308249549564,23.32312843037036,0.2332215542774407,0.1599408023669286,0.5449744983834416,9.719754246375196,21.463744932551357,7.0,32.066308249549564,23.32312843037036,1.937056921237854,0.0955362076362371,0
2022-12-23,2.788903815386282,0.9468751323152912,33.66926511637562,25.392272483939134,1.1820952359688712,0.2777640494772551,0.9468751323152912,5.291403851640332,22.06261453225958,7.0,33.66926511637562,25.392272483939134,1.937056921237854,0.0955362076362371,0
2022-12-24,5.622019737016474,4.196350977771915,32.58005833879494,23.88146395479932,1.472222907914266,0.3298158088563611,4.196350977771915,5.688200608470666,21.74150829940045,7.0,32.58005833879494,23.88146395479932,1.937056921237854,0.0955362076362371,0
2022-12-25,3.178611574757853,1.7574251281346511,30.04669130895779,20.0,1.6227334565893785,0.6503655604954457,1.7574251281346511,6.900651238221874,16.785312495039797,7.0,30.04669130895779,20.0,1.937056921237854,0.1599408023669286,0
2022-12-26,0.3870846890130188,13.928631509919766,34.30500197687094,21.82031282995905,0.5487300794446591,0.7569947594896556,13.928631509919766,19.88240761582635,30.5490369945168,7.0,34.30500197687094,21.82031282995905,1.937056921237854,0.1599408023669286,1
2022-12-27,3.404009945325439,8.539120402026764,30.126805159239264,25.164753891905505,0.6711551642666427,0.7495266088079098,8.539120402026764,24.2251770400812,33.71293186949342,7.0,30.126805159239264,25.164753891905505,1.6227334565893785,0.1599408023669286,1
2022-12-28,2.9573900618593334,20.54238168935601,25.0,25.03252983256,1.1226636654811335,0.5098740563064028,20.54238168935601,43.01013360130256,50.45575933790784,7.0,25.0,25.03252983256,1.6227334565893785,0.1599408023669286,2
2022-12-29,4.047703304899295,1.5033018972719208,32.38595884386265,21.410045222730155,0.7950814579460033,0.8108205378381512,1.5033018972719208,30.584803988654706,51.41408673679632,7.0,32.38595884386265,21.410045222730155,1.6227334565893785,0.2777640494772551,1
2022-12-30,3.30781762152395,17.48693915561699,30.33777881829803,24.440735097676008,1.748920675857401,0.437078082757475,17.48693915561699,39.53262274224494,67.95415076009802,7.0,30.33777881829803,24.440735097676008,1.748920675857401,0.3298158088563611,2
2022-12-31,2.333852819219472,2.8214297415654244,33.146391513189904,25.00652045305101,1.0527682767296964,0.1238805652955619,2.8214297415654244,21.811670794454358,66.57922952389153,7.0,33.146391513189904,25.00652045305101,1.748920675857401,0.1238805652955619,1
2023-01-01,1.0308421164527612,2.13486472639357,37.99661520781915,23.930668860524783,1.6392415593836054,0.5644418416538133,2.13486472639357,22.443233623576003,66.95666912215044,7.0,37.99661520781915,23.930668860524783,1.748920675857401,0.1238805652955619,2
2023-01-02,2.24917209125677,0.2583064260675244,38.08321907944418,25.45763727531927,1.2451155688682367,0.9523013846011068,0.2583064260675244,5.214600894026536,53.2863440382982,7.0,38.08321907944418,25.45763727531927,1.748920675857401,0.1238805652955619,1
2023-01-03,1.4793754549488398,0.2710416837253274,31.50463123333448,25.18511061585754,1.5915622549108015,0.7929936513925113,0.2710416837253274,2.66421283618644,45.018265319996765,7.0,31.50463123333448,25.18511061585754,1.748920675857401,0.1238805652955619,1
2023-01-04,1.803371860234333,5.888460209788519,29.520454486261837,23.929712841190582,0.7988113757545829,0.5787006476922424,5.888460209788519,6.417808319581389,30.36434384042928,7.0,29.520454486261837,23.929712841190582,1.748920675857401,0.1238805652955619,0
2023-01-05,3.2062940853047315,3.061791397719096,33.75404984575377,22.97835036227176,1.69654991947456,0.6468056603490969,3.061791397719096,9.22129329123296,31.92283334087645,7.0,33.75404984575377,22.97835036227176,1.748920675857401,0.1238805652955619,0
2023-01-06,4.503885405221688,1.2842878401807567,30.889323224400936,26.08508318418502,0.6942301679918388,0.9305620270355728,1.2842878401807567,10.23453944768839,15.720182025440218,7.0,30.889323224400936,26.08508318418502,1.69654991947456,0.1238805652955619,0
2023-01-07,2.973605835787577,4.7592049292871925,33.175329567040826,24.926324195757644,1.1829778544059235,0.4283427944349605,4.7592049292871925,9.105284167187062,17.657957213161986,7.0,33.175329567040826,24.926324195757644,1.69654991947456,0.4283427944349605,0
2023-01-08,1.0649403255577787,1.4575008823830735,30.01741771331944,21.237134694939403,0.5852128037129736,0.3313941389426373,1.4575008823830735,7.500993651851041,16.98059336915149,7.0,30.01741771331944,21.237134694939403,1.69654991947456,0.3313941389426373,0
2023-01-09,3.0335232018641687,4.309388627103656,32.752077248068254,24.44179531216277,1.055947738927148,0.977241565000449,4.309388627103656,10.52609443877394,21.031675570187623,7.0,32.752077248068254,24.44179531216277,1.69654991947456,0.3313941389426373,0
2023-01-10,3.935957783974781,2.225257667094912,29.56407754311957,21.69795058108453,0.7727153771156656,0.8634431335103334,2.225257667094912,7.992147176581659,22.98589155355721,7.0,29.56407754311957,21.69795058108453,1.69654991947456,0.3313941389426373,0
2023-01-11,1.7682605148167414,8.673651739398307,35.5527602480944,22.07086413514165,0.6800661751469856,0.3230435846186024,8.673651739398307,15.208298033596892,25.771083083166992,7.0,35.5527602480944,22.07086413514165,1.69654991947456,0.3230435846186024,1
2023-01-12,2.339179399992499,8.593367431283085,30.23006692774216,22.696179929228727,1.9405730324504675,0.4637805973609228,8.593367431283085,19.492276837776323,31.302659116730982,7.0,30.23006692774216,22.696179929228727,1.9405730324504675,0.3230435846186024,1
2023-01-13,2.5176258336750363,3.244220083708896,33.98330760720491,24.089746471319405,0.4881333898761151,0.415078129007799,3.244220083708896,20.511239254390304,33.26259136025912,7.0,33.98330760720491,24.089746471319405,1.9405730324504675,0.3230435846186024,1
2023-01-14,1.558122024301312,2.160219394899083,28.205698150443443,24.74897115518257,1.6171865074233114,0.1490956786714339,2.160219394899083,13.99780690989108,30.663605825871013,7.0,28.205698150443443,24.74897115518257,1.9405730324504675,0.1490956786714339,0
2023-01-15,3.2779365206126307,2.251474024364912,34.34352156983207,23.182116221517457,1.9714969270697869,0.9578193238132592,2.251474024364912,7.655913502972906,31.45757896785285,7.0,34.34352156983207,23.182116221517457,1.9714969270697869,0.1490956786714339,0
2023-01-16,2.354862221670662,8.192133421825595,29.1008477921954,23.26963476741253,0.2358226707321401,0.4043124312197588,8.192133421825595,12.603826841089605,35.34032376257478,7.0,29.1008477921954,23.26963476741253,1.9714969270697869,0.1490956786714339,1
2023-01-17,3.003438932688433,1.9888203081482576,32.783530420923526,22.99351268939664,1.458249345275771,0.875329082637908,1.9888203081482576,12.43242775433878,35.10388640362814,7.0,32.783530420923526,22.99351268939664,1.9714969270697869,0.1490956786714339,1
2023-01-18,1.43500938663748,1.1726618780401754,35.06960292004396,26.09502727417526,0.6552412500013168,0.189356227680665,1.1726618780401754,11.353615608014044,27.602896542270003,7.0,35.06960292004396,26.09502727417526,1.9714969270697869,0.1490956786714339,0
2023-01-19,1.9750500396119075,0.4424533086434074,31.40005130432966,20.0,0.272878083790948,0.5478708106372198,0.4424533086434074,3.6039354948318567,19.45198241963033,7.0,31.40005130432966,20.0,1.9714969270697869,0.1490956786714339,0
2023-01-20,3.366857629393325,3.143291311554214,28.9124992677622,23.382645180650435,0.9252012421219356,0.0239613851242698,3.143291311554214,4.758406498237813,19.351053647475645,7.0,28.9124992677622,23.382645180650435,1.9714969270697869,0.0239613851242698,0
2023-01-21,2.0526002174898794,3.290175432324232,33.49043752140776,27.08996959076473,1.883392058307575,0.7642204838423086,3.290175432324232,6.875920052521869,20.48100968490079,7.0,33.49043752140776,27.08996959076473,1.9714969270697869,0.0239613851242698,0
2023-01-22,4.572356621480086,9.191385465563265,29.47705580304036,25.03446010055477,0.2211771698605958,0.5809138982462784,9.191385465563265,15.624852209441729,27.420921126099145,7.0,29.47705580304036,25.03446010055477,1.883392058307575,0.0239613851242698,0
2023-01-23,2.020436577262477,1.2502534699439356,30.787263202408315,26.533694481134248,1.258194245473607,0.6255895834697527,1.2502534699439356,13.731814367831449,20.47904117421749,7.0,30.787263202408315,26.533694481134248,1.883392058307575,0.0239613851242698,0
2023-01-24,2.769621670902263,2.3981795446533662,32.79638797848718,20.0,1.1025136614715838,0.0517208825546534,2.3981795446533662,12.839818480160584,20.8884004107226,7.0,32.79638797848718,20.0,1.883392058307575,0.0239613851242698,0
2023-01-25,3.619108998247708,8.26187683183126,36.08202810832312,21.515501537061755,1.7720914958678855,0.2110383302086154,8.26187683183126,11.91030984642858,27.97761536451368,7.0,36.08202810832312,21.515501537061755,1.883392058307575,0.0239613851242698,0
2023-01-26,0.797961120480362,8.675674960755783,32.07966006139841,25.02809628137293,0.3512030861371262,0.0743308723535801,8.675674960755783,19.335731337240425,36.21083701662606,7.0,32.07966006139841,25.02809628137293,1.883392058307575,0.0239613851242698,1
2023-01-27,0.3870294256230688,2.4275040713585487,32.06857252953537,27.101261186515337,1.4267468537959709,0.2889143158038117,2.4275040713585487,19.36505586394561,35.49504977643039,7.0,32.06857252953537,27.101261186515337,1.883392058307575,0.0517208825546534,1
2023-01-28,0.6692124225158864,3.0728263731820924,34.212538680868555,21.717527566310544,1.4241974571798992,0.627439007682151,3.0728263731820924,14.17600540529644,35.27770071728825,7.0,34.212538680868555,21.717527566310544,1.7720914958678855,0.0517208825546534,0
2023-01-29,4.015100924112619,1.806900628753184,32.15111569001899,23.224476434586958,1.4043440303521098,0.5661859843173752,1.806900628753184,7.307231073293841,27.89321588047817,7.0,32.15111569001899,23.224476434586958,1.7720914958678855,0.0517208825546534,0
2023-01-30,1.837770224929064,13.482205126989522,33.90659059949869,24.80292828373399,1.8962020908830663,0.6121498216133903,13.482205126989522,18.361932128924813,40.12516753752376,7.0,33.90659059949869,24.80292828373399,1.8962020908830663,0.0517208825546534,1
2023-01-31,5.569839142801903,0.6314669130403348,35.23560063818884,21.095003205824604,1.681557552212385,0.5492512713778943,0.6314669130403348,15.920572668783056,38.358454905910726,7.0,35.23560063818884,21.095003205824604,1.8962020908830663,0.0743308723535801,1
2023-02-01,1.8229028816111337,13.571555523709794,31.016788549196,25.04338251916197,0.2755509072383108,0.2730287956758593,13.571555523709794,27.685227563739662,43.66813359778926,7.0,31.016788549196,25.04338251916197,1.8962020908830663,0.0743308723535801,2
2023-02-02,2.7214615638364443,5.757952669500003,25.0,20.0,1.0479491312681235,0.2445074973444252,5.757952669500003,19.960975106250142,40.75041130653348,7.0,25.0,20.0,1.8962020908830663,0.2445074973444252,1
2023-02-03,4.35053194308145,3.791865985166567,29.5462187192436,24.98447892892971,0.9163155011624002,0.1370596835365812,3.791865985166567,23.121374178376374,42.1147732203415,7.0,29.5462187192436,24.98447892892971,1.8962020908830663,0.1370596835365812,1
2023-02-04,4.907311465790947,0.1660213575281414,35.62604603250591,22.009830064224317,0.7582649979634437,0.8490708749034921,0.1660213575281414,9.715840012194729,39.207968204687546,7.0,35.62604603250591,22.009830064224317,1.8962020908830663,0.1370596835365812,0
2023-02-05,4.973804291963678,3.2274663257359943,31.89870565580704,23.104805618967173,1.0124061052773752,0.6164793585412445,3.2274663257359943,7.185353668430718,40.62853390167036,7.0,31.89870565580704,23.104805618967173,1.8962020908830663,0.1370596835365812,0
2023-02-06,3.950039476711771,2.619116181453349,30.982609187216305,25.303767895873936,0.8915495328667595,0.1865110125040597,2.619116181453349,6.012603864717501,29.765444956134186,7.0,30.982609187216305,25.303767895873936,1.681557552212385,0.1370596835365812,0
2023-02-07,3.7288750309737546,0.8790270372663538,35.500354979609625,24.8945043109845,0.9782010197815976,0.1772093798212395,0.8790270372663538,6.725609544455713,30.0130050803602,7.0,35.500354979609625,24.8945043109845,1.0479491312681235,0.1370596835365812,0
2023-02-08,3.21103233904142,5.341525194576521,31.696025251310317,23.98403759129659,1.9626713580955564,0.8730356015261367,5.341525194576521,8.83966841329624,21.78297475122693,7.0,31.696025251310317,23.98403759129659,1.9626713580955564,0.1370596835365812,0
2023-02-09,3.4340332913999654,17.72838368881519,25.72240038275253,25.9380811032707,0.3595393545492453,0.7427308637633193,17.72838368881519,23.94893592065808,33.75340577054212,7.0,25.72240038275253,25.9380811032707,1.9626713580955564,0.1370596835365812,2
2023-02-10,1.83857714040576,4.129837685176118,27.48409381697497,20.59964797476235,1.8600155657097135,0.6593990799053714,4.129837685176118,27.199746568567843,34.09137747055166,7.0,27.48409381697497,20.59964797476235,1.9626713580955564,0.1772093798212395,1
2023-02-11,1.5181613398932314,6.272003882624176,33.25594406245072,24.40882874300283,1.064426084247848,0.4068641075392998,6.272003882624176,28.130225256615496,40.1973599956477,7.0,33.25594406245072,24.40882874300283,1.9626713580955564,0.1772093798212395,1
2023-02-12,2.495950651106857,0.3545294966815854,31.799327175215826,22.419659738283038,1.322736041899174,0.2619755642785175,0.3545294966815854,10.756371064481897,37.32442316659329,7.0,31.799327175215826,22.419659738283038,1.9626713580955564,0.1772093798212395,0
2023-02-13,2.2957784529700858,2.703564113715076,36.36396943648767,25.836062937359973,1.6943293399118489,0.9794507631128238,2.703564113715076,9.330097493020856,37.408871098855016,7.0,36.36396943648767,25.836062937359973,1.9626713580955564,0.1772093798212395,1
2023-02-14,1.9561263408072695,0.6185191239833109,29.80019394858747,25.37413413927224,0.84883345246866,0.7972395750228002,0.6185191239833109,3.6766127343799897,37.14836318557197,7.0,29.80019394858747,25.37413413927224,1.9626713580955564,0.2619755642785175,1
2023-02-15,3.335664936948058,4.744015841541465,31.071497713988617,25.44669643772801,0.9747594345583404,0.3017792231362765,4.744015841541465,8.06609907923987,36.55085383253692,7.0,31.071497713988617,25.44669643772801,1.8600155657097135,0.2619755642785175,1
2023-02-16,3.646366250284613,13.942140179522912,29.34649078081994,27.290763665414268,0.9371332645016852,0.8475647962784947,13.942140179522912,19.304675145047707,32.76461032324464,7.0,29.34649078081994,27.290763665414268,1.8600155657097135,0.2619755642785175,1
2023-02-17,2.606088263550217,5.420260016915131,30.43821746695864,26.252695064869958,0.8745158405643678,0.7589319486146815,5.420260016915131,24.10641603797953,34.055032654983656,7.0,30.43821746695864,26.252695064869958,1.6943293399118489,0.2619755642785175,1
2023-02-18,4.273036097266314,0.3995634256706158,26.32428829623913,23.685157332453176,1.8659527789644108,0.2970805498779983,0.3995634256706158,19.76196362210868,28.182592198030097,7.0,26.32428829623913,23.685157332453176,1.8659527789644108,0.2619755642785175,0
2023-02-19,1.129973063039794,2.1899379219915143,30.842946007848404,23.997464293025008,1.6920738041474217,0.4265528542416397,2.1899379219915143,8.00976136457728,30.018000623340026,7.0,30.842946007848404,23.997464293025008,1.8659527789644108,0.2970805498779983,0
2023-02-20,2.2676086488643383,3.999914802101498,31.84439340869029,25.201876761423453,0.396199981753357,0.1859534453910266,3.999914802101498,6.589416149763646,31.314351311726448,7.0,31.84439340869029,25.201876761423453,1.8659527789644108,0.1859534453910266,0
2023-02-21,1.639813215276634,2.5809311318943373,31.591007472602943,24.27234934949566,0.3946220344587728,0.1110524443781093,2.5809311318943373,8.770783855987368,33.276763319637475,7.0,31.591007472602943,24.27234934949566,1.8659527789644108,0.1110524443781093,0
2023-02-22,0.2601560595123282,8.968126358031533,38.44865979119843,25.410346643819437,0.970165126735384,0.7227620328396968,8.968126358031533,15.548972292027386,37.50087383612754,7.0,38.44865979119843,25.410346643819437,1.8659527789644108,0.1110524443781093,1
2023-02-23,2.400783176988761,8.428113401910903,37.50045373153095,20.0,0.3775832781190563,0.2675118573538666,8.428113401910903,19.977170891836792,31.986847058515533,7.0,37.50045373153095,20.0,1.8659527789644108,0.1110524443781093,1
2023-02-24,2.35390298994006,4.731572594850992,29.747301587116745,27.761607037586632,1.3143675714880154,0.8200593657462536,4.731572594850992,22.127812354793445,31.29815963645139,7.0,29.747301587116745,27.761607037586632,1.8659527789644108,0.1110524443781093,1
2023-02-25,4.316139691890557,2.337696901076391,25.86818991604221,24.12205716711264,0.458644893071121,0.995608711514426,2.337696901076391,15.497382897838303,33.236293111857165,7.0,25.86818991604221,24.12205716711264,1.6920738041474217,0.1110524443781093,0
2023-02-26,3.256974021465733,1.4741133548511467,31.70239894120533,20.75506933821488,1.140271875140242,0.0766198139296486,1.4741133548511467,8.543382850778547,32.5204685447168,7.0,31.70239894120533,20.75506933821488,1.3143675714880154,0.0766198139296486,0
2023-02-27,1.270975810804954,0.559544650176805,33.12953041451186,22.17241329683296,0.2129959046066919,0.4730351250837002,0.559544650176805,4.371354906104361,29.08009839279211,7.0,33.12953041451186,22.17241329683296,1.3143675714880154,0.0766198139296486,0
2023-02-28,4.724911079601026,2.191731722567041,29.41854777985149,20.0,0.7698734271427641,0.8020625593108031,2.191731722567041,4.225389727595011,28.69089898346481,7.0,29.41854777985149,20.0,1.3143675714880154,0.0766198139296486,0
2023-03-01,3.965240434630424,2.6651219939284987,29.56707309822283,21.819529839628498,1.4189433026107798,0.7889508965412335,2.6651219939284987,5.416398366672363,22.387894619361777,7.0,29.56707309822283,21.819529839628498,1.4189433026107798,0.0766198139296486,0
2023-03-02,3.198517244162339,5.632326925124914,36.7476649079376,23.71550314272043,1.0712700924101273,0.7599971583309685,5.632326925124914,10.489180641620472,19.59210814257579,7.0,36.7476649079376,23.71550314272043,1.4189433026107798,0.0766198139296486,0
2023-03-03,2.228219081380202,5.367059868281256,31.227345286564088,27.029429224988807,1.9608850747981783,0.3489949353019109,5.367059868281256,13.664508787334686,20.227595416006054,7.0,31.227345286564088,27.029429224988807,1.9608850747981783,0.0766198139296486,1
2023-03-04,1.3486729159318245,0.3634348938996556,33.98675055708721,24.8213491708396,1.7733868329191795,0.4538532556850523,0.3634348938996556,11.362821687305845,18.25333340882932,7.0,33.98675055708721,24.8213491708396,1.9608850747981783,0.0766198139296486,0
2023-03-05,2.0533518687147363,2.5147776669135355,29.209082906436663,24.46572122392915,0.8463274022776721,0.5949683573414702,2.5147776669135355,8.245272429094465,19.29399772089171,7.0,29.209082906436663,24.46572122392915,1.9608850747981783,0.3489949353019109,0
2023-03-06,3.806498343645023,1.003113227188961,31.82917862382562,21.72979095756857,0.2818757746500943,0.9739405835732572,1.003113227188961,3.8813257880021697,19.73756629790386,7.0,31.82917862382562,21.72979095756857,1.9608850747981783,0.3489949353019109,0
2023-03-07,4.761503567121531,0.8528308464195054,30.99098493909646,22.35102938869298,1.7221273402070338,0.3275472709384929,0.8528308464195054,4.370721740522019,18.398665421756327,7.0,30.99098493909646,22.35102938869298,1.9608850747981783,0.3275472709384929,0
2023-03-08,4.351892233926627,8.78105870859818,29.97388028359013,22.50614461325561,1.8402217585664085,0.9231438877168576,8.78105870859818,10.637002782206665,24.514602136426006,7.0,29.97388028359013,22.50614461325561,1.9608850747981783,0.3275472709384929,0
2023-03-09,1.913380693856471,0.2140950231550728,35.46590123456508,22.587742775627788,1.6771293081542662,0.2693569181804941,0.2140950231550728,9.847984578172776,19.096370234456167,7.0,35.46590123456508,22.587742775627788,1.9608850747981783,0.2693569181804941,0
2023-03-10,1.1564590800531866,2.7165966613329324,27.83336897110096,23.29692624750279,0.4303098936555767,0.9890744654737046,2.7165966613329324,11.711750393086204,16.445907027507843,7.0,27.83336897110096,23.29692624750279,1.8402217585664085,0.2693569181804941,0
2023-03-11,2.6690634962934445,0.9208382334480892,32.900170476533866,23.44797787656704,1.996247241942118,0.6702636868275917,0.9208382334480892,3.851529917936112,17.00331036705628,7.0,32.900170476533866,23.44797787656704,1.996247241942118,0.2693569181804941,0
2023-03-12,0.377872761324578,10.573487596197598,30.934635033528505,23.321843252746305,0.6654515987949929,0.4635114803585509,10.573487596197598,14.210922490978636,25.06202029634034,7.0,30.934635033528505,23.321843252746305,1.996247241942118,0.2693569181804941,1
2023-03-13,2.8878012570217377,4.07138482603557,33.24447344610762,22.65735153946304,1.5035688430550662,0.6133904280636049,4.07138482603557,15.565710655681276,28.130291895186947,7.0,33.24447344610762,22.65735153946304,1.996247241942118,0.2693569181804941,1
2023-03-14,2.322876896441598,1.315797039000406,30.97527010334493,24.27010633162445,1.8344627774042988,0.2725311690402068,1.315797039000406,15.960669461233593,28.59325808776785,7.0,30.97527010334493,24.27010633162445,1.996247241942118,0.2693569181804941,0
2023-03-15,1.9407561977581091,3.4900678830690413,34.60157918575682,23.37117043326645,0.624236805795277,0.2741738575114666,3.4900678830690413,8.877249748105035,23.302267262238708,7.0,34.60157918575682,23.37117043326645,1.996247241942118,0.2693569181804941,0
2023-03-16,0.5863563192798456,6.574267822364975,29.180892205243545,20.808865507555545,1.8348653984187189,0.1135545438434938,6.574267822364975,11.38013274443444,29.662440061448613,7.0,29.180892205243545,20.808865507555545,1.996247241942118,0.1135545438434938,0
2023-03-17,3.11632012788366,15.864496757970011,35.472659575025936,24.06876364451587,0.7570668425507605,0.1140502977053987,15.864496757970011,25.92883246340405,42.810340158085694,7.0,35.472659575025936,24.06876364451587,1.996247241942118,0.1135545438434938,2
2023-03-18,1.8607589924057064,1.2451666157664183,31.91359191597673,23.76647200443685,1.957543800291301,0.3476717414689113,1.2451666157664183,23.683931196101423,43.13466854040402,7.0,31.91359191597673,23.76647200443685,1.957543800291301,0.1135545438434938,1
2023-03-19,1.0960997971476545,10.865762977530828,28.01449241295463,20.840745094889648,0.7062680366848544,0.7628554778963716,10.865762977530828,27.97542635126728,43.426943921737255,7.0,28.01449241295463,20.840745094889648,1.957543800291301,0.1135545438434938,2
2023-03-20,0.0,13.613594879810318,34.04064636770847,22.81739710660693,1.9161844845641036,0.6079711675981625,13.613594879810318,25.724524473107586,52.969153975512,7.0,34.04064636770847,22.81739710660693,1.957543800291301,0.1135545438434938,2
2023-03-21,2.4669821139392365,12.409787685418449,31.403450769447048,25.19414512202272,0.2963803716068148,0.1025845603310208,12.409787685418449,36.889145542759614,64.06314462193004,7.0,31.403450769447048,25.19414512202272,1.957543800291301,0.1025845603310208,2
2023-03-22,4.626701916003693,5.044968972670079,26.876486221581366,21.727100122678596,1.4766896210056637,0.852236524975911,5.044968972670079,31.068351537898863,65.61804571153108,7.0,26.876486221581366,21.727100122678596,1.957543800291301,0.1025845603310208,2
2023-03-23,4.493511057457444,4.968838365187657,32.99740425127661,21.515641860543013,1.1578000409066067,0.6013676269900664,4.968838365187657,22.423595023276203,64.01261625435376,7.0,32.99740425127661,21.515641860543013,1.957543800291301,0.1025845603310208,2
2023-03-24,1.9514844920964736,2.580955236241663,35.0197871458331,23.350232756016524,1.0601787388209152,0.9608555767847796,2.580955236241663,12.594762574099418,50.729074732625406,7.0,35.0197871458331,23.350232756016524,1.957543800291301,0.1025845603310208,1
2023-03-25,1.7773455275658634,6.979660926578272,35.84640722108039,25.245864539623927,0.602289765660512,0.6701854674112075,6.979660926578272,14.529454528007612,56.46356904343726,7.0,35.84640722108039,25.245864539623927,1.9161844845641036,0.1025845603310208,2
2023-03-26,3.0625291072900285,3.788898059611325,30.864944352200705,27.620655181445397,1.4700724215976857,0.175174863704181,3.788898059611325,13.349514222431278,49.38670412551776,7.0,30.864944352200705,27.620655181445397,1.9161844845641036,0.1025845603310208,1
2023-03-27,1.3019374729740505,5.657300669910428,32.435954165977215,25.317870709707368,0.5434570846033528,0.4737833623078222,5.657300669910428,16.425859656100045,41.43040991561787,7.0,32.435954165977215,25.317870709707368,1.4766896210056637,0.1025845603310208,1
2023-03-28,2.86215027978336,2.797085697013705,32.151609028378736,26.169655480312212,1.195115232772583,0.6484975975472042,2.797085697013705,12.243284426535478,31.817707927213128,7.0,32.151609028378736,26.169655480312212,1.4766896210056637,0.175174863704181,0
2023-03-29,3.4192963340616283,6.574455979103181,36.46940789471406,24.693395257003328,0.6558416534724515,0.0282647010499776,6.574455979103181,15.028842346027336,33.34719493364624,7.0,36.46940789471406,24.693395257003328,1.4700724215976857,0.0282647010499776,1
2023-03-30,3.97231986866117,8.699769781963521,29.56853425288005,22.629768040714534,1.9201184836064409,0.0149102641548078,8.699769781963521,18.07131145808043,37.078126350422096,7.0,29.56853425288005,22.629768040714534,1.9201184836064409,0.0149102641548078,1
2023-03-31,2.3798151082240566,0.7916752741484376,30.606021643386374,25.303422153193825,0.2515361489041751,0.1294030005985679,0.7916752741484376,16.06590103521516,35.28884638832887,7.0,30.606021643386374,25.303422153193825,1.9201184836064409,0.0149102641548078,1
2023-04-01,2.255591499787641,8.946703451395797,29.49583907165058,23.82878390214376,0.5595109042002258,0.2516644350454707,8.946703451395797,18.438148507507776,37.25588891314639,7.0,29.49583907165058,23.82878390214376,1.9201184836064409,0.0149102641548078,1
2023-04-02,1.4464208958921267,3.885868158458977,27.65254843066134,24.754067675656025,0.6361590914974059,0.4295491235206755,3.885868158458977,13.62424688400323,37.35285901199404,7.0,27.65254843066134,24.754067675656025,1.9201184836064409,0.0149102641548078,1
2023-04-03,1.507743575152168,9.310885282174668,32.74336154315625,22.10794034729808,0.9453220863820696,0.4874404737597884,9.310885282174668,22.143456892029462,41.00644362425828,7.0,32.74336154315625,22.10794034729808,1.9201184836064409,0.0149102641548078,1
2023-04-04,2.228225329718168,2.8220261254884176,36.80389499533276,24.93289160167961,0.6189144353660964,0.1380276089378967,2.8220261254884176,16.01877956612208,41.031384052733,7.0,36.80389499533276,24.93289160167961,1.9201184836064409,0.0149102641548078,1
2023-04-05,2.940838608179414,2.382446965136942,31.404546624454817,23.75898360646821,1.0844283624838136,0.6733915791158308,2.382446965136942,14.515358372800048,36.83937503876676,7.0,31.404546624454817,23.75898360646821,1.9201184836064409,0.0149102641548078,1
2023-04-06,3.5963015514798995,12.329093890356797,29.3543101353706,24.46251549436817,1.7704379418653702,0.5961380616965348,12.329093890356797,17.533566980982172,40.46869914716003,7.0,29.3543101353706,24.46251549436817,1.7704379418653702,0.1294030005985679,1
2023-04-07,1.5361852591835865,1.4462115619560123,32.5605791066962,23.829853650349737,1.4817141585365077,0.2944640988411602,1.4462115619560123,16.15775241744977,41.1232354349676,7.0,32.5605791066962,23.829853650349737,1.7704379418653702,0.1380276089378967,0
2023-04-08,4.291226282751426,9.296306291709906,33.76735453631797,23.445593769316638,1.2439315649632,0.013659883435292,9.296306291709906,23.07161174402273,41.47283827528172,7.0,33.76735453631797,23.445593769316638,1.7704379418653702,0.013659883435292,1
2023-04-09,2.1746516787489174,3.308441917498218,31.530910587690283,24.969381559236812,0.3602057203688233,0.0776479153532907,3.308441917498218,14.050959771164155,40.89541203432096,7.0,31.530910587690283,24.969381559236812,1.7704379418653702,0.013659883435292,0
2023-04-10,2.4743592467818765,3.6087152910890254,36.21060599586253,23.187817742216872,1.449185795100696,0.3916947755108394,3.6087152910890254,16.21346350029717,35.193242043235315,7.0,36.21060599586253,23.187817742216872,1.7704379418653702,0.013659883435292,1
2023-04-11,1.603345985022612,1.844231298944916,29.562914317137437,20.822623739244825,0.4995457117596917,0.1539743511656839,1.844231298944916,8.76138850753218,34.215447216691814,7.0,29.562914317137437,20.822623739244825,1.7704379418653702,0.013659883435292,0
2023-04-12,0.0,4.255350505635326,31.139091090462912,20.25205984863511,1.6154612947310565,0.3768196061479708,4.255350505635326,9.708297095669288,36.0883507571902,7.0,31.139091090462912,20.25205984863511,1.7704379418653702,0.013659883435292,0
2023-04-13,3.56085447563326,1.966777602199934,32.88796371452889,24.368833138853955,0.6501021653182757,0.6281826045103551,1.966777602199934,8.066359406780196,25.72603446903334,7.0,32.88796371452889,24.368833138853955,1.6154612947310565,0.013659883435292,0
2023-04-14,3.38421267651092,0.2003062856136337,33.17889125785348,23.10556437054229,0.9506877109776216,0.5472374278792835,0.2003062856136337,6.4224343934489125,24.48012919269096,7.0,33.17889125785348,23.10556437054229,1.6154612947310565,0.013659883435292,0
2023-04-15,2.162406931458144,1.5872615752575572,32.14168427689448,20.541801645135894,0.8308463641722703,0.2311758831373942,1.5872615752575572,3.754345463071145,16.77108447623861,7.0,32.14168427689448,20.541801645135894,1.6154612947310565,0.0776479153532907,0
2023-04-16,2.580388860669846,0.0319973822291436,28.164740232928555,24.21306993410756,1.7458650464147425,0.3438224912587524,0.0319973822291436,1.8195652431003544,13.494639940969536,7.0,28.164740232928555,24.21306993410756,1.7458650464147425,0.1539743511656839,0
2023-04-17,3.119127061244919,19.16485480076762,39.01403421261899,23.81225089005328,0.4277800256841346,0.6140311984486506,19.16485480076762,20.784113758254342,29.05077945064813,7.0,39.01403421261899,23.81225089005328,1.7458650464147425,0.1539743511656839,1
2023-04-18,0.6249449717361488,16.869936262375717,31.2920902548617,23.000772813554534,1.2181607882926195,0.8608550280434487,16.869936262375717,36.0667884453725,44.07648441407893,7.0,31.2920902548617,23.000772813554534,1.7458650464147425,0.2311758831373942,2
2023-04-19,1.8651367871844464,2.513917719693449,32.33080255575397,24.493618636361703,0.455710896997512,0.7532134387388773,2.513917719693449,38.548708782836805,42.33505162813705,7.0,32.33080255575397,24.493618636361703,1.7458650464147425,0.2311758831373942,1
2023-04-20,3.4531176155461925,6.516587890408427,33.85028327951894,26.63018802021561,1.468632505037936,0.5534000268334149,6.516587890408427,25.90044187247761,46.88486191634554,7.0,33.85028327951894,26.63018802021561,1.7458650464147425,0.2311758831373942,2
2023-04-21,0.9948526921969008,2.1217574292857035,30.09048391205141,26.56918143737028,1.829140630030066,0.3622929983164862,2.1217574292857035,11.152263039387602,48.806313060017615,7.0,30.09048391205141,26.56918143737028,1.829140630030066,0.2311758831373942,1
2023-04-22,2.852269518599955,5.55990360274469,32.17077926261233,24.28752928621717,0.9822937769610562,0.3650512775418054,5.55990360274469,14.198248922438845,52.77895508750475,7.0,32.17077926261233,24.28752928621717,1.829140630030066,0.3438224912587524,2
2023-04-23,0.872101834451914,8.184817523676712,29.96842928704012,23.83057913427429,1.078566068476957,0.8794173102643961,8.184817523676712,15.866478555707126,60.93177522895232,7.0,29.96842928704012,23.83057913427429,1.829140630030066,0.3622929983164862,2
2023-04-24,3.059715978920232,14.664373762425988,33.24665222442269,24.315470415223363,1.869361105668972,0.0392435760405464,14.664373762425988,28.40909488884741,56.431294190610686,7.0,33.24665222442269,24.315470415223363,1.869361105668972,0.0392435760405464,2
2023-04-25,2.45723022124302,2.5558973972415764,31.171932054333293,24.618013865548697,1.1377844995688429,0.987982644420261,2.5558973972415764,25.405088683344296,42.11725532547654,7.0,31.171932054333293,24.618013865548697,1.869361105668972,0.0392435760405464,1
2023-04-26,0.5618418209133886,7.646160312407585,32.806155581914005,23.46340364588389,1.0776771884892098,0.6643754108515623,7.646160312407585,24.86643147207517,47.24949791819069,7.0,32.806155581914005,23.46340364588389,1.869361105668972,0.0392435760405464,1
2023-04-27,3.897687225348606,1.5457438820776304,28.8603879605432,24.349086119906204,1.2409923848677475,0.6811376990723905,1.5457438820776304,11.747801591726812,42.27865390985989,7.0,28.8603879605432,24.349086119906204,1.869361105668972,0.0392435760405464,1
2023-04-28,1.6184901078423408,23.19482619614794,29.513250697981384,20.852740857916405,1.4406135254533134,0.0379978373047421,23.19482619614794,32.386730390633176,63.35172267672212,7.0,29.513250697981384,20.852740857916405,1.869361105668972,0.0379978373047421,2
2023-04-29,1.5276970755827428,0.1305372586843659,27.9045779694296,24.16269776669353,0.3923900751566564,0.6055292748912722,0.1305372586843659,24.87110733690996,57.92235633266179,7.0,27.9045779694296,24.16269776669353,1.869361105668972,0.0379978373047421,1
2023-04-30,2.7406830366771318,4.625759462519728,29.868409762021376,24.95362719004921,1.677998949934729,0.484778060090447,4.625759462519728,27.951122917352052,54.36329827150481,7.0,29.868409762021376,24.95362719004921,1.869361105668972,0.0379978373047421,2
2023-05-01,3.8783648193144575,5.3867886040240585,25.0,23.02031611598719,0.9839090494158668,0.1057789068940669,5.3867886040240585,10.143085325228174,45.08571311310288,7.0,25.0,23.02031611598719,1.677998949934729,0.0379978373047421,1
2023-05-02,1.2810138172259238,5.824490590486503,31.07869938293652,23.8090547114278,0.330227317815474,0.2779220107693591,5.824490590486503,15.837038657030307,48.35430630634781,7.0,31.07869938293652,23.8090547114278,1.677998949934729,0.0379978373047421,1
2023-05-03,2.574015819817566,0.6413694948500309,30.39727918411122,21.776989238597757,1.6151288045567835,0.8903144562136512,0.6413694948500309,11.852648689360612,41.34951548879025,7.0,30.39727918411122,21.776989238597757,1.677998949934729,0.0379978373047421,0
2023-05-04,3.0145798003966875,13.946012527945165,32.45273289087521,21.49937283408137,0.8785099490352899,0.5499884158659529,13.946012527945165,20.41187261328172,53.74978413465779,7.0,32.45273289087521,21.49937283408137,1.677998949934729,0.0379978373047421,2
2023-05-05,3.331726728715773,0.9994750205818288,32.133823173302865,24.421630155918383,0.3806614911710971,0.4134165751739087,0.9994750205818288,15.586857043377044,31.55443295909168,7.0,32.133823173302865,24.421630155918383,1.677998949934729,0.1057789068940669,0
2023-05-06,2.71172986633267,4.874281012770188,35.77123930544321,22.540873968524767,1.340802271177851,0.0726821558408109,4.874281012770188,19.8197685612972,36.2981767131775,7.0,35.77123930544321,22.540873968524767,1.677998949934729,0.0726821558408109,1
2023-05-07,2.0595665931000133,1.259490644510413,39.782930554322334,20.44634867684795,1.784236436180555,0.7141215274023056,1.259490644510413,7.133246677862452,32.93190789516818,7.0,39.782930554322334,20.44634867684795,1.784236436180555,0.0726821558408109,0
2023-05-08,1.5068917352215363,1.8351880931945868,35.4126170394519,21.776443401731115,1.797956316945175,0.7028508233960326,1.8351880931945868,7.968959750475209,29.38030738433871,7.0,35.4126170394519,21.776443401731115,1.797956316945175,0.0726821558408109,0
2023-05-09,2.60337265965565,3.953342975723864,30.640677231874736,22.067241812415865,1.923794254656152,0.6140436069725635,3.953342975723864,7.048021713428885,27.509159769576076,7.0,30.640677231874736,22.067241812415865,1.923794254656152,0.0726821558408109,0
2023-05-10,1.2134331856172718,2.699499559696459,30.51982775087033,25.549160995463485,1.7618698275800384,0.5102626462206492,2.699499559696459,8.488030628614931,29.5672898344225,7.0,30.51982775087033,25.549160995463485,1.923794254656152,0.0726821558408109,0
2023-05-11,0.0,0.873109979039669,34.60598912706715,24.35822802273693,0.2038536548218554,0.4337844022073727,0.873109979039669,7.525952514460013,16.494387285517007,7.0,34.60598912706715,24.35822802273693,1.923794254656152,0.0726821558408109,0
2023-05-12,3.023871764989201,0.937292053855441,26.949965916281503,22.2567956036854,0.8844340995441025,0.5932710929879923,0.937292053855441,4.50990159259159,16.432204318790617,7.0,26.949965916281503,22.2567956036854,1.923794254656152,0.0726821558408109,0
2023-05-13,3.584721809303434,2.707668195564177,31.05439122150956,22.82446819005768,1.6733766438299056,0.2333954517284067,2.707668195564177,4.518070228459308,14.265591501584606,7.0,31.05439122150956,22.82446819005768,1.923794254656152,0.2333954517284067,0
2023-05-14,0.0,7.079295169368647,31.285541194868426,26.62416883221445,0.8592554107972536,0.9412590641776476,7.079295169368647,10.724255418788283,20.08539602644284,7.0,31.285541194868426,26.62416883221445,1.923794254656152,0.2333954517284067,1
2023-05-15,1.288323154348075,11.412179631090616,33.75239445445644,25.8722048703939,1.2827873114834711,0.5887945291802296,11.412179631090616,21.19914299602346,29.66238756433887,7.0,33.75239445445644,25.8722048703939,1.923794254656152,0.2333954517284067,1
2023-05-16,3.2429851132062373,0.439391466498047,33.841599038422345,21.763879144036345,1.2913705052741575,0.3111924443543765,0.439391466498047,18.93086626695733,26.148436055113056,7.0,33.841599038422345,21.763879144036345,1.7618698275800384,0.2333954517284067,0
2023-05-17,4.968994563654039,2.496988423583337,29.766318378820912,26.32705171925265,0.8570455472698815,0.4496798508851573,2.496988423583337,14.34855952117202,25.94592491899993,7.0,29.766318378820912,26.32705171925265,1.6733766438299056,0.2333954517284067,0
2023-05-18,2.5249524492104896,0.5281670073437332,30.756882014884447,23.83874238310038,1.8280530691063177,0.8056847888768923,0.5281670073437332,3.464546897425138,25.600981947303996,7.0,30.756882014884447,23.83874238310038,1.8280530691063177,0.2333954517284067,0
2023-05-19,1.6263964705250389,0.0836583886880826,33.33531276449812,25.599223252112488,1.1058110216950117,0.1616160607302974,0.0836583886880826,3.108813819615174,24.747348282136635,7.0,33.33531276449812,25.599223252112488,1.8280530691063177,0.1616160607302974,0
2023-05-20,2.280524270674192,5.419387148993198,29.603238032243706,23.673384089996983,1.0366115706875014,0.2928356224602604,5.419387148993198,6.031212545025035,27.45906723556566,7.0,29.603238032243706,23.673384089996983,1.8280530691063177,0.1616160607302974,0
2023-05-21,4.149851702977822,4.612165814772763,35.61835530432285,26.37165839748435,1.9955247421914128,0.6795080227365554,4.612165814772763,10.115211352454065,24.99193788096977,7.0,35.61835530432285,26.37165839748435,1.9955247421914128,0.1616160607302974,1
2023-05-22,1.7248429850505578,0.8897702242621857,33.82752570032072,21.680758776920403,1.08830065533071,0.3154892064822239,0.8897702242621857,10.921323188028168,14.469528474141343,7.0,33.82752570032072,21.680758776920403,1.9955247421914128,0.1616160607302974,0
2023-05-23,1.5409695920196955,1.3316439793397283,32.51452864458453,23.48909913723697,0.5211168534714459,0.792501681861466,1.3316439793397283,6.833580018374699,15.361780986983025,7.0,32.51452864458453,23.48909913723697,1.9955247421914128,0.1616160607302974,0
2023-05-24,1.9207077733815607,0.1199665232440432,33.17282179484276,26.43291955579824,1.1235249611541884,0.1304534871773608,0.1199665232440432,2.3413807268459785,12.98475908664373,7.0,33.17282179484276,26.43291955579824,1.9955247421914128,0.1304534871773608,0
2023-05-25,1.356005670089545,9.007449453855672,30.5993281491776,20.0,1.665230123935874,0.7626861704546085,9.007449453855672,10.459059956439464,21.46404153315567,7.0,30.5993281491776,20.0,1.9955247421914128,0.1304534871773608,0
2023-05-26,2.6472043791937545,18.382896273127106,30.121125733437143,23.90787719175107,1.5983485884169066,0.0683517148505662,18.382896273127106,27.510312250226846,39.76327941759469,7.0,30.121125733437143,23.90787719175107,1.9955247421914128,0.0683517148505662,2
2023-05-27,4.449614150163473,0.7277858481349543,30.72583335158384,23.212907360253624,1.619447177195248,0.0125926126674947,0.7277858481349543,28.11813157511776,35.07167811673645,7.0,30.72583335158384,23.212907360253624,1.9955247421914128,0.0125926126674947,1
2023-05-28,2.887695127739235,1.3164123188918735,33.49990007677955,25.36932246108749,1.474442811196241,0.8982235188321621,1.3164123188918735,20.42709444015396,31.77592462085556,7.0,33.49990007677955,25.36932246108749,1.665230123935874,0.0125926126674947,0
2023-05-29,2.197175797448455,10.140303165636087,32.60304494212596,26.139826870821945,0.6575920923200388,0.5813392169322986,10.140303165636087,12.18450133266294,41.02645756222946,7.0,32.60304494212596,26.139826870821945,1.665230123935874,0.0125926126674947,1
2023-05-30,2.149826477301347,13.049887246049575,30.73185662092187,25.460567638613927,1.7517513545124166,0.3518268970868115,13.049887246049575,24.50660273057756,52.7447008289393,7.0,30.73185662092187,25.460567638613927,1.7517513545124166,0.0125926126674947,2
2023-05-31,0.6241710295640117,2.7204246914178967,34.24874522992297,24.48200050679449,1.8081982376772767,0.2325946369638504,2.7204246914178967,25.910615103103588,55.34515899711316,7.0,34.24874522992297,24.48200050679449,1.8081982376772767,0.0125926126674947,2
2023-06-01,3.5597317325765907,0.25974371557295,31.47816073299154,24.08112909619072,0.5494748539133884,0.6168857832608161,0.25974371557295,16.030055653040446,46.59745325883044,7.0,31.47816073299154,24.08112909619072,1.8081982376772767,0.0125926126674947,1
2023-06-02,2.4065953635846378,0.2009434426542708,29.920067763232492,23.31457875704021,0.434820145792509,0.5090021835367382,0.2009434426542708,3.1811118496451423,28.415500428357603,7.0,29.920067763232492,23.31457875704021,1.8081982376772767,0.0125926126674947,0
2023-06-03,2.283424103691249,4.265991271765617,32.76302452789556,24.419945243049263,1.9560889434604016,0.9915977755299852,4.265991271765617,4.726678429992862,31.953705851988268,7.0,32.76302452789556,24.419945243049263,1.9560889434604016,0.2325946369638504,0
2023-06-04,6.331729081413833,2.495268501844305,28.96091146513149,26.91930965917102,1.762983134570662,0.9832159866537458,2.495268501844305,6.962203216264218,33.1325620349407,7.0,28.96091146513149,26.91930965917102,1.9560889434604016,0.2325946369638504,1
2023-06-05,2.8585034900388235,0.1453546083980355,26.93832875019289,22.33897540344492,1.807825064977904,0.6350245661416096,0.1453546083980355,6.906614382007983,23.137613477702647,7.0,26.93832875019289,22.33897540344492,1.9560889434604016,0.2325946369638504,0
2023-06-06,1.5978507398857789,4.376372488848828,31.98468627330421,23.19583704975185,1.7954774923239112,0.4428705061058905,4.376372488848828,7.016995599091194,14.4640987205019,7.0,31.98468627330421,23.19583704975185,1.9560889434604016,0.2325946369638504,0
2023-06-07,1.988370884553348,0.0568344783120911,30.02775861886735,23.848980054866384,1.175036283260711,0.4911409691346621,0.0568344783120911,4.57856157555898,11.800508507396094,7.0,30.02775861886735,23.848980054866384,1.9560889434604016,0.4428705061058905,0
2023-06-08,3.878134851036106,7.741054610960924,31.23753694199045,26.00186535839134,1.3635231259984395,0.6824790662368619,7.741054610960924,12.174261578121868,19.281819402784063,7.0,31.23753694199045,26.00186535839134,1.9560889434604016,0.4428705061058905,1
2023-06-09,2.635924492645317,1.829535884361161,29.099801245566653,24.44660467910441,1.181653133840555,0.1015745442353813,1.829535884361161,9.627424973634202,20.91041184449096,7.0,29.099801245566653,24.44660467910441,1.9560889434604016,0.1015745442353813,0
2023-06-10,0.7740664260191601,0.205453918877337,35.62679641910771,25.966963791090382,0.2921714285425923,0.3283520738107182,0.205453918877337,9.776044414199449,16.84987449160268,7.0,35.62679641910771,25.966963791090382,1.807825064977904,0.1015745442353813,0
2023-06-11,3.603074721490244,4.437936002857341,30.015521768215585,26.068219981007204,1.5419055536349908,0.0752722410036038,4.437936002857341,6.472925806095864,18.792541992615718,7.0,30.015521768215585,26.068219981007204,1.807825064977904,0.0752722410036038,0
2023-06-12,1.6982270973532074,2.534868712582805,30.70400186548757,25.18407365163996,1.1095976600045845,0.0733607595169195,2.534868712582805,7.178258634317508,21.182056096800487,7.0,30.70400186548757,25.18407365163996,1.7954774923239112,0.0733607595169195,0
2023-06-13,4.747957331461055,18.21005822664992,33.1336498027497,21.87201276686889,1.3658763346224136,0.1958392418942337,18.21005822664992,25.18286294209009,35.01574183460157,7.0,33.1336498027497,21.87201276686889,1.5419055536349908,0.0733607595169195,1
2023-06-14,3.7960576788575775,3.928491138909639,27.87015710503195,27.322187823793428,1.1047516489559637,0.4852532545932269,3.928491138909639,24.673418078142383,38.88739849519912,7.0,27.87015710503195,27.322187823793428,1.5419055536349908,0.0733607595169195,1
2023-06-15,1.9632137252094983,1.6095679171834023,27.648350680253888,26.824761342185404,1.0852603801804208,0.7847743211627893,1.6095679171834023,23.748117282742975,32.755911801421604,7.0,27.648350680253888,26.824761342185404,1.5419055536349908,0.0733607595169195,1
2023-06-16,4.037219634082136,6.179706380335598,33.14285850708024,24.127080101004672,0.5092203970599802,0.4854958911658725,6.179706380335598,11.717765436428664,37.10608229739604,7.0,33.14285850708024,24.127080101004672,1.5419055536349908,0.0733607595169195,0
2023-06-17,2.581426612632884,1.5837833771435088,30.66515710861349,21.23645951503289,0.7016846872540681,0.3354766105608697,1.5837833771435088,9.373057674662531,38.48441175566221,7.0,30.66515710861349,21.23645951503289,1.5419055536349908,0.0733607595169195,0
2023-06-18,3.5233284101466635,11.729722948735802,29.29551467931753,20.879003684251288,0.4859348454991204,0.0823529903367581,11.729722948735802,19.493212706214933,45.776198701540665,7.0,29.29551467931753,20.879003684251288,1.3658763346224136,0.0733607595169195,1
2023-06-19,3.0816793807533696,2.347794404863573,33.81011951884196,24.50863125310742,0.5521993321256164,0.5502955231831296,2.347794404863573,15.661300730742909,45.58912439382144,7.0,33.81011951884196,24.50863125310742,1.3658763346224136,0.0823529903367581,1
2023-06-20,1.4843720140109518,3.9910782807304046,29.564235022676023,22.59649911573843,1.9513592847565489,0.2712685864831767,3.9910782807304046,18.068595634329803,31.37014444790192,7.0,29.564235022676023,22.59649911573843,1.9513592847565489,0.0823529903367581,0
2023-06-21,1.7277402012190457,0.2594837180490617,31.176463101353228,20.565621733279244,0.4756042023899572,0.6149341779171474,0.2594837180490617,6.598356403643064,27.701137027041344,7.0,31.176463101353228,20.565621733279244,1.9513592847565489,0.0823529903367581,0
2023-06-22,3.7359529810973937,2.776685604582263,29.31160859608246,20.841268601273995,0.6846867637493738,0.9771877391324184,2.776685604582263,7.027247603361754,28.86825471444021,7.0,29.31160859608246,20.841268601273995,1.9513592847565489,0.0823529903367581,0
2023-06-23,2.098269601472151,8.929787854022802,32.91031155874947,23.06003485333998,1.2630613839294529,0.1113143214775501,8.929787854022802,11.965957176654152,31.618336188127408,7.0,32.91031155874947,23.06003485333998,1.9513592847565489,0.0823529903367581,0
2023-06-24,2.015621844109604,8.190442374357614,35.99622857815032,24.389859147621955,1.2983214372259553,0.2121253987219399,8.190442374357614,19.896915832962705,38.22499518534151,7.0,35.99622857815032,24.389859147621955,1.9513592847565489,0.0823529903367581,1
2023-06-25,1.3538529047807766,1.270066785346775,26.41688021200365,26.811426102031653,0.4771534335388923,0.4730945380993747,1.270066785346775,18.390297013727217,27.76533902195249,7.0,26.41688021200365,26.811426102031653,1.9513592847565489,0.1113143214775501,0
2023-06-26,3.0083188787121533,1.281427847696821,32.337973066251934,24.968441548693683,1.6286913664133822,0.9686138153459296,1.281427847696821,10.741937007401235,26.698972464785736,7.0,32.337973066251934,24.968441548693683,1.9513592847565489,0.1113143214775501,0
2023-06-27,4.975029903091774,8.499694460871767,34.56976532565905,23.23719093905717,1.613365162243085,0.7718097762699956,8.499694460871767,11.051189093915388,31.2075886449271,7.0,34.56976532565905,23.23719093905717,1.6286913664133822,0.1113143214775501,0
2023-06-28,1.218960502894873,13.324840065913936,30.73556675808268,24.7598991153456,0.6271718675670039,0.8982291931628301,13.324840065913936,23.105962374482548,44.27294499279198,7.0,30.73556675808268,24.7598991153456,1.6286913664133822,0.1113143214775501,2
2023-06-29,2.529063348007309,0.5010961143187671,28.606872877112345,24.58113517117732,0.7195993448158289,0.3337148484757929,0.5010961143187671,22.32563064110449,41.99735550252848,7.0,28.606872877112345,24.58113517117732,1.6286913664133822,0.1113143214775501,1
2023-06-30,4.1946646664985145,2.9897181178911145,33.26289058138221,25.47909041439188,1.8883781578270944,0.9920384737785946,2.9897181178911145,16.815654298123842,36.05728576639679,7.0,33.26289058138221,25.47909041439188,1.8883781578270944,0.2121253987219399,1
2023-07-01,2.404430330505142,2.058328553094283,35.0049605101313,23.920115772832272,1.6862086027630605,0.1028328160641574,2.058328553094283,5.5491427853041895,29.92517194513346,7.0,35.0049605101313,23.920115772832272,1.8883781578270944,0.1028328160641574,0
2023-07-02,3.0428461554996806,10.227653561256954,34.6715665329364,26.07239550202422,1.4560346595125429,0.0529729060461008,10.227653561256954,15.275700232242375,38.88275872104364,7.0,34.6715665329364,26.07239550202422,1.8883781578270944,0.0529729060461008,1
2023-07-03,1.2251277662237443,0.4361019833273402,33.09772801374448,25.64890360045497,0.3480197987190809,0.8556026270540281,0.4361019833273402,12.7220840976786,38.03743285667416,7.0,33.09772801374448,25.64890360045497,1.8883781578270944,0.0529729060461008,0
2023-07-04,3.0139685166491783,1.1857429694568054,32.29374121282593,24.16540000727714,0.9528753456246364,0.9272648702069862,1.1857429694568054,11.849498514041125,30.723481365259197,7.0,32.29374121282593,24.16540000727714,1.8883781578270944,0.0529729060461008,0
2023-07-05,2.2754268819945414,6.981083881060721,29.3029623338471,23.76155128746819,1.2067433697382886,0.0905853575461017,6.981083881060721,8.60292883384489,24.37972518040598,7.0,29.3029623338471,23.76155128746819,1.8883781578270944,0.0529729060461008,0
2023-07-06,3.682875994815836,0.2632808448768751,34.59573485103183,25.83949695798085,0.5373403183707985,0.1134274267458415,0.2632808448768751,8.430107695394426,24.14190991096409,7.0,34.59573485103183,25.83949695798085,1.8883781578270944,0.0529729060461008,0
2023-07-07,3.924863261877701,3.3916414309481366,34.42987044005752,22.57305136378592,1.006807847794804,0.0331741577557738,3.3916414309481366,10.636006156885756,24.54383322402111,7.0,34.42987044005752,22.57305136378592,1.6862086027630605,0.0331741577557738,0
2023-07-08,5.6074763704223365,2.917940767113849,28.5858250440342,20.98677434171321,1.281846579479642,0.1045075626427241,2.917940767113849,6.572863042938884,25.40344543804068,7.0,28.5858250440342,20.98677434171321,1.4560346595125429,0.0331741577557738,0
2023-07-09,3.1955598078562906,2.035340803969688,33.09343918353947,20.97540401663201,0.7892780242077186,0.2094198168002808,2.035340803969688,8.344923002031697,17.211132680753412,7.0,33.09343918353947,20.97540401663201,1.281846579479642,0.0331741577557738,0
2023-07-10,2.8909555798986,2.5091007693553884,33.95847162655936,22.40725104982098,1.6057006741108768,0.970076618910001,2.5091007693553884,7.462382340438949,19.28413146678146,7.0,33.95847162655936,22.40725104982098,1.6057006741108768,0.0331741577557738,0
2023-07-11,2.7332611618928038,3.7744809074023222,34.64634131622652,25.3193045975545,1.7128092469498497,0.6678602222396804,3.7744809074023222,8.318922480727423,21.87286940472698,7.0,34.64634131622652,25.3193045975545,1.7128092469498497,0.0331741577557738,0
2023-07-12,2.076200448627174,0.8799126053415917,31.77503114261834,23.154402290780272,0.7824970449813273,0.7785530255185421,0.8799126053415917,7.163494282099326,15.771698129007849,7.0,31.77503114261834,23.154402290780272,1.7128092469498497,0.0331741577557738,0
2023-07-13,2.906180612154029,4.243112266340942,29.427297277561568,24.409032005622453,1.7095828780864228,0.7761394036915221,4.243112266340942,8.89750577908488,19.751529550471915,7.0,29.427297277561568,24.409032005622453,1.7128092469498497,0.0331741577557738,0
2023-07-14,2.1455183078331648,8.18487627548699,30.493651460407865,23.00940785823786,0.386437818985427,0.5350737497792146,8.18487627548699,13.307901147169549,24.54476439501077,7.0,30.493651460407865,23.00940785823786,1.7128092469498497,0.1045075626427241,0
2023-07-15,2.702153171523537,7.1389356067275,28.978250424632115,23.025285268032068,1.7079123775207814,0.7974889777130172,7.1389356067275,19.566924148555454,28.76575923462442,7.0,28.978250424632115,23.025285268032068,1.7128092469498497,0.2094198168002808,1
2023-07-16,4.081117042729551,0.835588052049445,31.84681800465505,21.94907265097769,0.4749507770017099,0.5958075323899696,0.835588052049445,16.159399934263956,27.56600648270418,7.0,31.84681800465505,21.94907265097769,1.7128092469498497,0.5350737497792146,0
2023-07-17,1.2921489216644306,0.808181711588561,31.259343810293927,23.816208749168624,0.3492688745175069,0.3145460976033576,0.808181711588561,8.78270537036553,25.86508742493735,7.0,31.259343810293927,23.816208749168624,1.7128092469498497,0.3145460976033576,0
2023-07-18,3.867854273354855,1.5610650034924265,38.43510926230612,23.649672528442085,1.3551957279938205,0.5611101087684007,1.5610650034924265,3.204834767130456,23.651671521027453,7.0,38.43510926230612,23.649672528442085,1.7095828780864228,0.3145460976033576,0
2023-07-19,4.080538080807838,2.23983887036828,34.684031427314395,24.825330046363643,1.0494872583595298,0.5335085861345135,2.23983887036828,4.609085585449291,25.011597786054143,7.0,34.684031427314395,24.825330046363643,1.7095828780864228,0.3145460976033576,0
2023-07-20,2.3583177676107057,2.62509251776947,34.90864420066729,24.575395214023438,1.834203080743099,0.8234530537593207,2.62509251776947,6.4259963916302,23.393578037482676,7.0,34.90864420066729,24.575395214023438,1.834203080743099,0.3145460976033576,0
2023-07-21,0.0,5.692442665775756,33.41405747248319,23.60570523808317,0.8537405529635287,0.981727217381659,5.692442665775756,10.557374053913527,20.901144427771435,7.0,33.41405747248319,23.60570523808317,1.834203080743099,0.3145460976033576,0
2023-07-22,1.7706136154866812,0.2917508476068961,30.898047059994447,20.98782230987965,0.7168740741877317,0.4110425654209305,0.2917508476068961,8.609286031152145,14.05395966865083,7.0,30.898047059994447,20.98782230987965,1.834203080743099,0.3145460976033576,0
2023-07-23,4.056393455873331,0.1764403427101483,31.173830123545777,26.141158935156557,1.101322831059557,0.7633906784413597,0.1764403427101483,6.160633856092824,13.394811959311534,7.0,31.173830123545777,26.141158935156557,1.834203080743099,0.3145460976033576,0
2023-07-24,2.4725583252413417,2.487166537064869,31.448392100550137,23.82991132192395,1.0207031343835904,0.0997630040381335,2.487166537064869,2.9553577273819367,15.073796784787842,7.0,31.448392100550137,23.82991132192395,1.834203080743099,0.0997630040381335,0
2023-07-25,1.300837321246107,5.972814287665406,32.5646998181034,24.159285379787796,0.8199704831909389,0.7768313694482886,5.972814287665406,8.636421167440446,19.485546068960826,7.0,32.5646998181034,24.159285379787796,1.834203080743099,0.0997630040381335,0
2023-07-26,1.894270094526139,1.0748560735327195,33.16750943067034,27.20099013162212,1.4487343376569914,0.3714169119932321,1.0748560735327195,9.534836898263018,18.32056327212526,7.0,33.16750943067034,27.20099013162212,1.834203080743099,0.0997630040381335,0
2023-07-27,3.508744031805464,5.129195595190131,32.002125883041565,25.8164442531919,1.567211301045035,0.0393901628896866,5.129195595190131,12.17686595638828,20.82466634954592,7.0,32.002125883041565,25.8164442531919,1.567211301045035,0.0393901628896866,0
2023-07-28,3.156080281841655,1.504364368611164,31.1282045679706,24.89289839763346,1.735371144254246,0.3632461785621772,1.504364368611164,7.708416037334038,16.63658805238133,7.0,31.1282045679706,24.89289839763346,1.735371144254246,0.0393901628896866,0
2023-07-29,2.213281480996367,10.861562282352136,30.217653108536048,23.995388425258348,1.9511418884786167,0.6106427509216448,10.861562282352136,17.495122246153457,27.20639948712657,7.0,30.217653108536048,23.995388425258348,1.9511418884786167,0.0393901628896866,1
2023-07-30,2.059810705822375,11.301937549945611,27.82205372665024,23.97670890233169,0.6799811458385081,0.1192501676814665,11.301937549945611,23.667864200908937,38.33189669436204,7.0,27.82205372665024,23.97670890233169,1.9511418884786167,0.0393901628896866,1
2023-07-31,2.0298902211474137,1.764035057938895,35.850137495139954,24.480228995443724,1.4889682684819308,0.9240344924302546,1.764035057938895,23.927534890236668,37.60876521523606,7.0,35.850137495139954,24.480228995443724,1.9511418884786167,0.0393901628896866,1
2023-08-01,1.393107778601797,1.306783262156281,38.61658870479624,24.813813451713266,0.9096648238923416,0.0776724132728385,1.306783262156281,14.372755870040812,32.942734189726934,7.0,38.61658870479624,24.813813451713266,1.9511418884786167,0.0393901628896866,1
2023-08-02,4.43845082736333,2.649226550765014,35.598010342784754,27.42280351156827,1.4187475495119946,0.9300067198331662,2.649226550765014,5.720044870860213,34.517104666959234,7.0,35.598010342784754,27.42280351156827,1.9511418884786167,0.0393901628896866,1
2023-08-03,2.113215436946392,1.3756827230918525,28.22280312220776,28.94653216552562,1.0567670426285969,0.7071375179356865,1.3756827230918525,5.33169253601317,30.763591794860957,7.0,28.22280312220776,28.94653216552562,1.9511418884786167,0.0776724132728385,0
2023-08-04,3.960590224990596,5.5795630490897095,34.36104970892268,24.5805216108071,1.9887915849822768,0.3297121754142036,5.5795630490897095,9.6044723229466,34.8387904753395,7.0,34.36104970892268,24.5805216108071,1.9887915849822768,0.0776724132728385,1
2023-08-05,4.325579262306942,8.745358995806876,35.07132890486245,20.0,1.5120238444233498,0.3907503477090932,8.745358995806876,15.700604767988462,32.72258718879424,7.0,35.07132890486245,20.0,1.9887915849822768,0.0776724132728385,1
2023-08-06,3.697973077777553,5.590384468442902,30.789686904135927,22.09651105341656,1.914484340781784,0.7408093647327442,5.590384468442902,19.91530651333951,27.011034107291525,7.0,30.789686904135927,22.09651105341656,1.9887915849822768,0.0776724132728385,1
2023-08-07,1.9820556247383416,8.696322232633,33.46678171891708,27.622993763743533,1.7029451890661342,0.6014711008812074,8.696322232633,23.0320656968828,33.94332128198563,7.0,33.46678171891708,27.622993763743533,1.9887915849822768,0.0776724132728385,2
2023-08-08,2.984476108403931,2.529125421709347,30.631090902432145,25.437305256511493,1.825221820094068,0.6716429214549452,2.529125421709347,16.815832122785274,35.1656634415387,7.0,30.631090902432145,25.437305256511493,1.9887915849822768,0.3297121754142036,1
2023-08-09,2.470965272330901,0.8498920631877976,36.58678698444122,24.85209297448999,1.6659545549864148,0.38916461651348,0.8498920631877976,12.075339717530166,33.36632895396148,7.0,36.58678698444122,24.85209297448999,1.9887915849822768,0.3297121754142036,1
2023-08-10,1.4155577671238462,6.696117845359463,33.096112766645945,23.66632417719048,1.0264864346766405,0.487813481807599,6.696117845359463,10.075135330256632,38.68676407622909,7.0,33.096112766645945,23.66632417719048,1.9887915849822768,0.3297121754142036,1
2023-08-11,2.889231138065924,2.2351439594779685,29.248533525886856,21.621955881548036,0.6532192160243919,0.9898674840378934,2.2351439594779685,9.781153868025251,35.34234498661735,7.0,29.248533525886856,21.621955881548036,1.914484340781784,0.38916461651348,0
2023-08-12,1.085152250608237,5.562605221006178,34.009424294028015,27.355579509491005,0.8665763158109401,0.2139228704997177,5.562605221006178,14.493867025843636,32.15959121181665,7.0,34.009424294028015,27.355579509491005,1.914484340781784,0.2139228704997177,1
2023-08-13,3.925215266153877,1.577966232167478,35.17634202047074,22.353579497051825,0.2364252187519108,0.4178561865221314,1.577966232167478,9.37571541265165,28.147172975541224,7.0,35.17634202047074,22.353579497051825,1.825221820094068,0.2139228704997177,0
2023-08-14,1.9424592432419283,0.4235953125196913,32.59439495340763,25.45862363307656,1.143187701436401,0.2918231875739673,0.4235953125196913,7.564166765693372,19.87444605542792,7.0,32.59439495340763,25.45862363307656,1.825221820094068,0.2139228704997177,0
2023-08-15,2.7413915870474077,24.519091152837703,33.438325075229805,21.398596460491717,1.1091040404867356,0.7651115104398498,24.519091152837703,26.520652697524906,41.86441178655628,7.0,33.438325075229805,21.398596460491717,1.6659545549864148,0.2139228704997177,2
2023-08-16,2.8399454458553706,0.8492078318230081,31.79073971231361,23.569302630343447,1.1454508366948788,0.7640126256657207,0.8492078318230081,25.79189429718043,41.86372755519149,7.0,31.79073971231361,23.569302630343447,1.1454508366948788,0.2139228704997177,1
2023-08-17,2.1893140315551074,22.292808225093893,28.5971586405613,25.98591426090593,1.9532562049497149,0.2924454609973959,22.292808225093893,47.66110720975463,57.46041793492592,7.0,28.5971586405613,25.98591426090593,1.9532562049497149,0.2139228704997177,2
2023-08-18,3.2040325617703296,18.92253358553752,31.54479872473848,23.50061165506641,1.8406172062187107,0.0813903166329829,18.92253358553752,42.06454964245444,74.14780756098547,7.0,31.54479872473848,23.50061165506641,1.9532562049497149,0.0813903166329829,2
2023-08-19,1.9301156120529708,7.894982545309381,33.56911889889067,23.263100249267943,0.4910830009941944,0.011432676672204,7.894982545309381,49.11032435594081,76.48018488528866,7.0,33.56911889889067,23.263100249267943,1.9532562049497149,0.011432676672204,2
2023-08-20,3.545556756948693,5.385569647955132,31.615919396050288,24.021272536697364,0.8639885388006006,0.4274505332424855,5.385569647955132,32.203085778802055,80.28778830107633,7.0,31.615919396050288,24.021272536697364,1.9532562049497149,0.011432676672204,2
2023-08-21,0.8848243837039018,4.311464212746629,34.40229628021877,21.327994215130143,0.9631211230338714,0.4103375943357709,4.311464212746629,17.59201640601116,84.17565720130327,7.0,34.40229628021877,21.327994215130143,1.9532562049497149,0.011432676672204,2
2023-08-22,2.651655495455694,10.053367838174587,30.823455316407248,20.95170618590797,0.8489592521329661,0.9883898786398628,10.053367838174587,19.750401698876367,69.70993388664014,7.0,30.823455316407248,20.95170618590797,1.9532562049497149,0.011432676672204,2
2023-08-23,4.826714798869942,1.7085060709710604,31.02022751764752,25.428472965387854,1.6372927344870436,0.4698020756976796,1.7085060709710604,16.0733381218923,70.5692321257882,7.0,31.02022751764752,25.428472965387854,1.9532562049497149,0.011432676672204,1
2023-08-24,1.2996024104733104,3.1525637222570446,34.49335999398171,23.1555801487644,1.1432678057616563,0.2564183695754206,3.1525637222570446,14.914437631402713,51.42898762295135,7.0,34.49335999398171,23.1555801487644,1.8406172062187107,0.011432676672204,1
2023-08-25,1.6867060353701784,4.829899848381276,32.66555755040913,25.412969521162918,1.229779670548925,0.8912294410314674,4.829899848381276,9.690969641609405,37.33635388579511,7.0,32.66555755040913,25.412969521162918,1.6372927344870436,0.011432676672204,0
2023-08-26,3.1166894195906982,2.6482626810245047,30.764835256533225,26.236366034301412,1.735424406178266,0.4910679496535785,2.6482626810245047,10.630726251662846,32.08963402151023,7.0,30.764835256533225,26.236366034301412,1.735424406178266,0.2564183695754206,0
2023-08-27,2.7154981383275176,2.7885944142798054,35.101416128025875,26.397285217990927,1.6506706761476455,0.5991756352105778,2.7885944142798054,10.266756943685609,29.492658787834905,7.0,35.101416128025875,26.397285217990927,1.735424406178266,0.2564183695754206,0
2023-08-28,2.920756119128271,2.0045126687582964,29.933792846148418,20.75798343084732,0.4379807410765394,0.0956687104282126,2.0045126687582964,7.441369764062628,27.18570724384657,7.0,29.933792846148418,20.75798343084732,1.735424406178266,0.0956687104282126,0
2023-08-29,3.0870245561771963,4.153224333367971,29.819153122947952,22.604341423492205,1.4850462513505418,0.382916407329774,4.153224333367971,8.946331416406094,21.28556373903996,7.0,29.819153122947952,22.604341423492205,1.735424406178266,0.0956687104282126,0
2023-08-30,3.261665762274124,9.504787628013318,25.0,25.07517061408761,0.983785032023664,0.9442236744737867,9.504787628013318,15.662524630139607,29.08184529608221,7.0,25.0,25.07517061408761,1.735424406178266,0.0956687104282126,0
2023-08-31,3.831639810347468,1.1252792555119295,30.338094354267657,25.106003343807306,0.7303680255125009,0.5895053841754254,1.1252792555119295,14.78329121689324,27.054560829337092,7.0,30.338094354267657,25.106003343807306,1.735424406178266,0.0956687104282126,0
2023-09-01,2.991782388314215,13.623416747176256,35.92615003676685,28.49887516839258,0.2900338776239354,0.3445018551424617,13.623416747176256,24.253483630701524,35.848077728132075,7.0,35.92615003676685,28.49887516839258,1.735424406178266,0.0956687104282126,1
2023-09-02,2.2104908144577493,5.841221256891201,25.783121941482683,22.18477293353384,1.0770492086218115,0.6256671806315931,5.841221256891201,20.58991725957941,39.04103630399877,7.0,25.783121941482683,22.18477293353384,1.6506706761476455,0.0956687104282126,1
2023-09-03,3.3070884414432777,8.665751567050782,29.144239579312348,26.3363368029082,0.8397860253041565,0.910411089578116,8.665751567050782,28.130389571118258,44.91819345676975,7.0,29.144239579312348,26.3363368029082,1.4850462513505418,0.0956687104282126,2
2023-09-04,4.779858321874259,4.061801483558453,33.31720566767051,24.74454922007708,0.6527234714175215,0.27399060047259,4.061801483558453,18.56877430750045,46.9754822715699,7.0,33.31720566767051,24.74454922007708,1.4850462513505418,0.27399060047259,1
2023-09-05,2.340839504340912,7.559666651918516,25.265399678321817,20.71952826667306,1.4504091132745236,0.5051167184706744,7.559666651918516,20.28721970252777,50.38192459012045,7.0,25.265399678321817,20.71952826667306,1.4504091132745236,0.27399060047259,1
2023-09-06,1.3305648343952303,0.0816652925167032,30.467904159470702,22.90436952654681,1.5850736971680566,0.9586906539117552,0.0816652925167032,11.703133427993691,40.95880225462383,7.0,30.467904159470702,22.90436952654681,1.5850736971680566,0.27399060047259,0
2023-09-07,3.828496803144368,8.529205127799829,35.42258964683224,24.52505602464665,0.6406211342529646,0.1723961432984526,8.529205127799829,16.17053707223507,48.36272812691173,7.0,35.42258964683224,24.52505602464665,1.5850736971680566,0.1723961432984526,1
2023-09-08,2.355542603255682,0.2048332493146243,38.129077405546965,20.591266583407467,0.2890053860228251,0.7196639255967116,0.2048332493146243,8.815703669631178,34.9441446290501,7.0,38.129077405546965,20.591266583407467,1.5850736971680566,0.1723961432984526,0
2023-09-09,0.0,11.032438677425304,32.8707396970011,20.0,1.727754861017423,0.6144810082029823,11.032438677425304,19.766477054539777,40.13536204958421,7.0,32.8707396970011,20.0,1.727754861017423,0.1723961432984526,1
2023-09-10,3.516906012580506,24.118339752657157,29.22059894527665,20.477514842726716,0.217927534167746,0.6796751311406348,24.118339752657157,35.35561167939711,55.587950235190576,7.0,29.22059894527665,20.477514842726716,1.727754861017423,0.1723961432984526,2
2023-09-11,1.8576061768552927,1.7411780077289922,29.119613784055154,24.51826731016868,1.8868024890586497,0.3512196306675696,1.7411780077289922,36.89195643781147,53.26732675936111,7.0,29.119613784055154,24.51826731016868,1.8868024890586497,0.1723961432984526,2
2023-09-12,2.391360061235007,1.180628253236455,32.43472390799271,23.03066548253312,1.329715773168871,0.3138793734837649,1.180628253236455,27.040146013622625,46.888288360679056,7.0,32.43472390799271,23.03066548253312,1.8868024890586497,0.1723961432984526,1
2023-09-13,2.898376396682817,7.248585953335793,32.842889963495296,22.760088605372765,0.7793239433623766,0.6842096705883705,7.248585953335793,10.170392214301264,54.05520902149814,7.0,32.842889963495296,22.760088605372765,1.8868024890586497,0.1723961432984526,1
2023-09-14,2.7285996157348795,1.4586267837357858,37.57378628017474,22.828756329668543,0.6436602372381253,0.2155432851045453,1.4586267837357858,9.887840990308058,46.9846306774341,7.0,37.57378628017474,22.828756329668543,1.8868024890586497,0.2155432851045453,1
2023-09-15,3.3513421805668475,10.033275014712986,34.91241455761161,21.151755176684123,0.2162101956760554,0.4196547448590051,10.033275014712986,18.740487751784592,56.813072442832464,7.0,34.91241455761161,21.151755176684123,1.8868024890586497,0.2155432851045453,2
2023-09-16,1.977416355316188,0.5426197488699128,32.25231946366547,23.087193634319785,0.6238485506195789,0.188174646052918,0.5426197488699128,12.03452154731871,46.32325351427708,7.0,32.25231946366547,23.087193634319785,1.8868024890586497,0.188174646052918,1
2023-09-17,3.115726957811299,0.6731182095832187,30.994378240221742,20.35920390385633,0.4479109427308539,0.0083048411233297,0.6731182095832187,11.249012973166142,22.878031971203136,7.0,30.994378240221742,20.35920390385633,1.8868024890586497,0.0083048411233297,0
2023-09-18,2.1885439868992997,19.352379593401785,40.0,26.37528227871781,1.301899197301662,0.9700573600380694,19.352379593401785,20.56811755185494,40.48923355687593,7.0,40.0,26.37528227871781,1.329715773168871,0.0083048411233297,1
2023-09-19,3.3865725770650035,5.601819212974187,33.879784399987685,27.38465944135444,0.4997820594688423,0.431702978656419,5.601819212974187,25.627317015959207,44.91042451661366,7.0,33.879784399987685,27.38465944135444,1.301899197301662,0.0083048411233297,1
2023-09-20,3.238440980815664,9.38290266937688,29.99374485926737,20.0,1.1515337075659149,0.9693496144198251,9.38290266937688,34.33710147575287,47.04474123265474,7.0,29.99374485926737,20.0,1.301899197301662,0.0083048411233297,2
2023-09-21,1.3774735575464856,1.9602478314211715,31.326131229225567,23.061740681351825,1.2622095602200474,0.1403235197678261,1.9602478314211715,16.94496971377226,47.54636228034013,7.0,31.326131229225567,23.061740681351825,1.301899197301662,0.0083048411233297,1
2023-09-22,3.8031785394100384,5.642529664908359,29.3676357799907,23.191977138730405,0.7364750570244463,0.587366779457486,5.642529664908359,16.98568016570643,43.1556169305355,7.0,29.3676357799907,23.191977138730405,1.301899197301662,0.0083048411233297,1
2023-09-23,1.8568438658631423,4.509989653028422,25.0,23.65103098676595,0.2631169082336937,0.2009740327912396,4.509989653028422,12.112767149357976,47.12298683469401,7.0,25.0,23.65103098676595,1.301899197301662,0.0083048411233297,1
2023-09-24,3.469669357937374,4.62098603068179,32.93795297362197,26.0030608487488,0.267056985105553,0.7900741269632747,4.62098603068179,14.773505348618592,51.07085465579258,7.0,32.93795297362197,26.0030608487488,1.301899197301662,0.1403235197678261,1
2023-09-25,2.940744776081609,5.7368985032009885,37.34736264967194,23.067578435612138,0.2474251979490517,0.7837029887609752,5.7368985032009885,14.867874186911225,37.45537356559179,7.0,37.34736264967194,23.067578435612138,1.2622095602200474,0.1403235197678261,1
2023-09-26,4.7058204121541465,4.282557903060909,27.108328393258088,23.823497074537425,1.5304244008457832,0.1126071490393118,4.282557903060909,14.640442436943708,36.13611225567851,7.0,27.108328393258088,23.823497074537425,1.5304244008457832,0.1126071490393118,1
2023-09-27,2.231840821153777,2.8023765174638857,32.16578778763705,29.958109927602777,0.7724174686657366,0.9120644528763892,2.8023765174638857,12.821832923725806,29.55558610376552,7.0,32.16578778763705,29.958109927602777,1.5304244008457832,0.1126071490393118,0
2023-09-28,2.080819844658163,1.6142855828953255,29.879285662587208,23.777414184789382,1.6333403347417943,0.1946296472032246,1.6142855828953255,8.699220003420141,29.20962385523967,7.0,29.879285662587208,23.777414184789382,1.6333403347417943,0.1126071490393118,0
2023-09-29,2.4766964729347207,7.317633943115004,33.56450757670956,27.53247972059881,0.9771190829171286,0.6129773415893603,7.317633943115004,11.734296043474236,30.88472813344632,7.0,33.56450757670956,27.53247972059881,1.6333403347417943,0.1126071490393118,0
2023-09-30,2.1361842605988697,1.282677220495336,31.4830095298263,25.003975314777666,1.015396581493935,0.985633620087704,1.282677220495336,10.214596746505686,27.657415700913237,7.0,31.4830095298263,25.003975314777666,1.6333403347417943,0.1126071490393118,0
2023-10-01,3.4599302823304603,5.894032514100096,27.9198360367472,22.8925820138483,1.1231886845172327,0.8823965347663638,5.894032514100096,14.494343677710456,28.93046218433154,7.0,27.9198360367472,22.8925820138483,1.6333403347417943,0.1126071490393118,0
2023-10-02,0.5604272698760946,1.328512498118268,29.056688858150792,22.55853202564914,1.483456621475187,0.956563928561169,1.328512498118268,8.505222232713722,24.522076179248817,7.0,29.056688858150792,22.55853202564914,1.6333403347417943,0.1126071490393118,0
2023-10-03,1.2355810970243752,4.908550470250956,29.50909840404738,23.985454810000583,0.6923051584934727,0.3425987712181194,4.908550470250956,12.13109548246934,25.148068746438867,7.0,29.50909840404738,23.985454810000583,1.6333403347417943,0.1946296472032246,0
2023-10-04,1.2186364941049683,6.873375971781753,36.03295462396162,21.74705375050689,0.4188572291603484,0.1055756422194633,6.873375971781753,13.110438940151,29.21906820075673,7.0,36.03295462396162,21.74705375050689,1.6333403347417943,0.1055756422194633,1
2023-10-05,3.640369110368291,1.2340692840005447,35.87977783079045,22.2722680672086,1.2009032033446307,0.1883468732894501,1.2340692840005447,13.015995726033276,28.83885190186195,7.0,35.87977783079045,22.2722680672086,1.483456621475187,0.1055756422194633,0
2023-10-06,4.552736047098311,0.3090754365225407,31.065956338661906,23.15387879794844,0.7885597218369307,0.5004948950766138,0.3090754365225407,8.41652069230486,21.83029339526949,7.0,31.065956338661906,23.15387879794844,1.483456621475187,0.1055756422194633,0
2023-10-07,2.374660937755034,0.7019096948831864,35.68341030035404,24.586687083854457,0.9964843646024673,0.7932296782733221,0.7019096948831864,2.245054415406293,21.249525869657337,7.0,35.68341030035404,24.586687083854457,1.483456621475187,0.1055756422194633,0
2023-10-08,2.2974139321719877,4.65698336216083,31.48044848181148,27.65199442348209,1.3645040750071498,0.1501536441838752,4.65698336216083,5.667968493566578,20.012476717718076,7.0,31.48044848181148,27.65199442348209,1.483456621475187,0.1055756422194633,0
2023-10-09,2.584062595735818,9.46718076685544,31.02001172464944,23.030091146403475,1.0894263340542871,0.6597315322607571,9.46718076685544,14.826073823899478,28.151144986455243,7.0,31.02001172464944,23.030091146403475,1.3645040750071498,0.1055756422194633,0
2023-10-10,3.894253963129828,0.2302030497882627,32.17135352165352,24.923036092756227,1.3165018707815173,0.3235776040395118,0.2302030497882627,14.354367178804557,23.472797565992547,7.0,32.17135352165352,24.923036092756227,1.3645040750071498,0.1055756422194633,0
2023-10-11,1.3871762389713111,6.6241388747645065,32.85447583587091,20.744204306835897,1.1795600038045302,0.3412020723921535,6.6241388747645065,16.32152269140823,23.223560468975304,7.0,32.85447583587091,20.744204306835897,1.3645040750071498,0.1501536441838752,0
2023-10-12,2.7860427792817424,2.0875769546610865,30.333665621405,26.120577281774636,1.5316334694849785,0.6619177301579263,2.0875769546610865,8.941918879213876,24.077068139635845,7.0,30.333665621405,26.120577281774636,1.5316334694849785,0.1501536441838752,0
2023-10-13,3.670237155738916,3.2555020331688795,32.065597226546664,20.55663485014609,1.470685911880916,0.4669994195332202,3.2555020331688795,11.967217862594495,27.023494736282185,7.0,32.065597226546664,20.55663485014609,1.5316334694849785,0.1501536441838752,0
2023-10-14,3.1013130039278143,13.215495923778766,34.36196751693957,25.59677294420287,1.1615418052555146,0.8120332930259939,13.215495923778766,18.558574911608755,39.537080965177765,7.0,34.36196751693957,25.59677294420287,1.5316334694849785,0.1501536441838752,1
2023-10-15,2.727497939918492,2.017122243871152,32.38861891761814,23.838150093436397,1.4220254375474723,0.155918509662827,2.017122243871152,18.48812020081882,36.897219846888085,7.0,32.38861891761814,23.838150093436397,1.5316334694849785,0.155918509662827,0
2023-10-16,3.701255311080569,3.130592567736234,32.12834870637296,23.75869411452042,1.772407284090703,0.7899482697670385,3.130592567736234,18.36321073538617,30.56063164776888,7.0,32.12834870637296,23.75869411452042,1.772407284090703,0.155918509662827,0
2023-10-17,0.0,0.0688844083880792,33.48254064284239,23.39947056416234,0.9780883180187034,0.0642352480574208,0.0688844083880792,5.216599219995486,30.399313006368697,7.0,33.48254064284239,23.39947056416234,1.772407284090703,0.0642352480574208,0
2023-10-18,3.313450383437089,0.4256042984742578,34.000118182575825,21.3974947512158,0.9429735309478288,0.194053880245605,0.4256042984742578,3.625081274598593,24.200778430078447,7.0,34.000118182575825,21.3974947512158,1.772407284090703,0.0642352480574208,0
2023-10-19,1.7151091802470917,1.496018232280249,31.812152544161236,21.503458980262398,1.5756421175342843,0.6561497145031654,1.496018232280249,1.990506939142608,23.60921970769761,7.0,31.812152544161236,21.503458980262398,1.772407284090703,0.0642352480574208,0
2023-10-20,0.3032405237722519,0.1412373522936116,30.577456828765555,25.67304031207797,1.248596906675589,0.8549256565110712,0.1412373522936116,2.06285988304814,20.494955026822343,7.0,30.577456828765555,25.67304031207797,1.772407284090703,0.0642352480574208,0
2023-10-21,3.1134431194299768,4.989881481727823,32.5676099104227,24.023873560362777,0.3278122044006594,0.252679627739349,4.989881481727823,6.627137066301706,12.2693405847714,7.0,32.5676099104227,24.023873560362777,1.772407284090703,0.0642352480574208,0
2023-10-22,4.148390254195549,2.77910062494786,27.2181088105301,23.38488652963748,1.8058016282439464,0.3271916058289129,2.77910062494786,7.910219458969316,13.031318965848108,7.0,27.2181088105301,23.38488652963748,1.8058016282439464,0.0642352480574208,0
2023-10-23,2.3350617824467697,3.9719719786681287,31.369034013488434,24.886795901272112,0.2554095840277522,0.53712074828674,3.9719719786681287,11.740954085343834,13.87269837678,7.0,31.369034013488434,24.886795901272112,1.8058016282439464,0.0642352480574208,0
2023-10-24,3.6434494566435274,0.959721653030698,25.0,24.202620566442505,1.5471134411775376,0.2115728064893023,0.959721653030698,7.710794256646707,14.76353562142262,7.0,25.0,24.202620566442505,1.8058016282439464,0.194053880245605,0
2023-10-25,4.434733909586375,1.7544018919447144,26.9726246496905,22.41413690012024,1.565829456867763,0.8111562615875056,1.7544018919447144,6.686095523643562,16.092333214893078,7.0,26.9726246496905,22.41413690012024,1.8058016282439464,0.2115728064893023,0
2023-10-26,4.077897344300856,5.45060929574356,26.52144245174987,28.921992451685163,1.9155999535074748,0.7736366450057608,5.45060929574356,8.164732840718994,20.04692427835639,7.0,26.52144245174987,28.921992451685163,1.9155999535074748,0.2115728064893023,0
2023-10-27,4.467957435245672,16.805470429497532,35.14205522735915,25.48151275700621,0.2974419351241774,0.1452917119657816,16.805470429497532,24.010481617185828,36.71115735556031,7.0,35.14205522735915,25.48151275700621,1.9155999535074748,0.1452917119657816,2
2023-10-28,3.3905529892862707,0.2586604985173988,32.04194544790798,24.25413714671911,1.2743423494120838,0.4638297318166321,0.2586604985173988,22.514740223758515,31.979936372349886,7.0,32.04194544790798,24.25413714671911,1.9155999535074748,0.1452917119657816,1
2023-10-29,2.590520366681911,11.053874284050591,28.213852930351,22.97277739557212,0.9701130271286952,0.7748277666546214,11.053874284050591,28.118005212065544,40.25471003145262,7.0,28.213852930351,22.97277739557212,1.9155999535074748,0.1452917119657816,1
2023-10-30,0.5776410257233979,4.300511457011099,33.47319813033607,25.90551937838838,0.7951393187471756,0.3373295311034148,4.300511457011099,15.613046239579113,40.58324950979559,7.0,33.47319813033607,25.90551937838838,1.9155999535074748,0.1452917119657816,1
2023-10-31,2.2047250142440618,4.14964286364568,34.96596343809956,22.424864260547807,0.3625734085383315,0.6331068227177317,4.14964286364568,19.504028604707397,43.77317072041057,7.0,34.96596343809956,22.424864260547807,1.9155999535074748,0.1452917119657816,2
2023-11-01,1.48810408562057,3.468522030984193,33.52545666844212,22.256450518061477,1.2127774154083566,0.0502131214575727,3.468522030984193,11.918676351640997,45.48729085945005,7.0,33.52545666844212,22.256450518061477,1.9155999535074748,0.0502131214575727,1
2023-11-02,5.105131260997377,0.3595969222453063,31.43386961452224,27.38665127148077,1.0622733062143046,0.608688760529318,0.3595969222453063,7.977761816875201,40.3962784859518,7.0,31.43386961452224,27.38665127148077,1.2743423494120838,0.0502131214575727,0
2023-11-03,2.288937025081196,0.4708768043237807,32.6974598552581,24.061350352141417,0.3881980246718437,0.152652980000607,0.4708768043237807,4.2989957575533015,24.061684860778044,7.0,32.6974598552581,24.061350352141417,1.2743423494120838,0.0502131214575727,0
2023-11-04,2.6478457681413827,4.592866746058765,34.7044895994282,22.47330162656977,1.30248111277475,0.8305833251144513,4.592866746058765,5.423340472627872,28.395891108319407,7.0,34.7044895994282,22.47330162656977,1.30248111277475,0.0502131214575727,0
2023-11-05,3.161782451248561,2.084844403261,30.592262487012032,24.011371396079355,1.5283156164552891,0.3554494635804784,2.084844403261,7.148587953643567,19.426861227529816,7.0,30.592262487012032,24.011371396079355,1.5283156164552891,0.0502131214575727,0
2023-11-06,2.552322935646945,12.460748078922748,32.08960076977348,25.700373107696752,1.581100941896567,0.2815538627281957,12.460748078922748,19.13845922824253,27.587097849441463,7.0,32.08960076977348,25.700373107696752,1.581100941896567,0.0502131214575727,1
2023-11-07,4.534061248516903,2.609353123868731,31.228420866180706,25.242508907910384,1.8296717388723691,0.840888976711485,2.609353123868731,17.1549456060525,26.04680810966452,7.0,31.228420866180706,25.242508907910384,1.8296717388723691,0.0502131214575727,0
2023-11-08,1.7528207659186577,0.7732291877534686,27.159752442042542,25.948524526172903,0.937047335399799,0.0501440230718102,0.7732291877534686,15.84333039054497,23.351515266433797,7.0,27.159752442042542,25.948524526172903,1.8296717388723691,0.0501440230718102,0
2023-11-09,2.7335289462846912,6.271400179587881,34.74970454193291,21.50088819452104,1.9155309835198464,0.3966087993343448,6.271400179587881,9.653982491210105,29.26331852377637,7.0,34.74970454193291,21.50088819452104,1.9155309835198464,0.0501440230718102,0
2023-11-10,1.6090352971623425,1.7361231347784891,38.17181559498203,25.89829832334969,1.7577729291488349,0.3700035405750314,1.7361231347784891,8.780752502119862,30.52856485423108,7.0,38.17181559498203,25.89829832334969,1.9155309835198464,0.0501440230718102,0
2023-11-11,0.9159729865351532,3.727155430950427,29.37861613627643,23.641882447897707,0.7337028278430904,0.2848003742495508,3.727155430950427,11.73467874531682,29.662853539122736,7.0,29.37861613627643,23.641882447897707,1.9155309835198464,0.0501440230718102,0
2023-11-12,1.7658770909136576,5.983873622284977,34.8880407046589,24.17820153340775,0.4867094672290253,0.911754332001477,5.983873622284977,11.447152188013916,33.56188275814672,7.0,34.8880407046589,24.17820153340775,1.9155309835198464,0.0501440230718102,1
2023-11-13,2.4555558435419056,11.526148494521472,29.4740186607152,26.41898898728956,0.9837009130304242,0.7509283935167222,11.526148494521472,21.2371775477569,32.62728317374544,7.0,29.4740186607152,26.41898898728956,1.9155309835198464,0.0501440230718102,1
2023-11-14,1.984837330579288,7.85568413893404,32.3983634452312,25.40545134654258,0.9234176743207398,0.0639231641919387,7.85568413893404,25.365706255740516,37.87361418881075,7.0,32.3983634452312,25.40545134654258,1.9155309835198464,0.0501440230718102,1
2023-11-15,1.6690948241513728,5.640633958087999,36.52403682136933,24.70210496190936,1.2362947495961678,0.7146874494349541,5.640633958087999,25.02246659154353,42.74101895914528,7.0,36.52403682136933,24.70210496190936,1.9155309835198464,0.0639231641919387,1
2023-11-16,0.8124190435937995,5.691443173395632,30.438683043823666,20.03200663370609,1.2500952181899465,0.527299133128794,5.691443173395632,19.187761270417692,42.16106195295304,7.0,30.438683043823666,20.03200663370609,1.7577729291488349,0.0639231641919387,1
2023-11-17,2.400273312845566,14.586883621545695,31.95594075682438,23.908996289239425,1.549976571883955,0.9008678944015792,14.586883621545695,25.918960753029346,55.01182243972024,7.0,31.95594075682438,23.908996289239425,1.549976571883955,0.0639231641919387,2
2023-11-18,0.6943355511627973,1.7536354626184048,26.59549101047577,22.430649224859,1.1178019067700984,0.3129456173483584,1.7536354626184048,22.031962257559755,53.03830247138821,7.0,26.59549101047577,22.430649224859,1.549976571883955,0.0639231641919387,1
2023-11-19,3.412067156427523,0.0055635651589143,30.007386968161303,25.42209060879473,0.3886807536933779,0.5741619996095829,0.0055635651589143,16.346082649323037,47.05999241426215,7.0,30.007386968161303,25.42209060879473,1.549976571883955,0.0639231641919387,1
2023-11-20,2.598927703521404,1.586959071621656,26.281183033997884,25.98191637407132,1.744924403995591,0.500755274740986,1.586959071621656,3.3461580993989983,37.12080299136233,7.0,26.281183033997884,25.98191637407132,1.744924403995591,0.0639231641919387,0
2023-11-21,0.7509382006420833,1.2288082367478783,33.287534359625,23.395937954434476,0.7575762497333367,0.4895609062276057,1.2288082367478783,2.8213308735284715,30.49392708917617,7.0,33.287534359625,23.395937954434476,1.744924403995591,0.3129456173483584,0
2023-11-22,2.128949107540164,5.421100550295199,34.49491267685473,22.665917048422624,1.9483354285518657,0.4561053995172126,5.421100550295199,8.236867858664755,30.27439368138337,7.0,34.49491267685473,22.665917048422624,1.9483354285518657,0.3129456173483584,0
2023-11-23,1.5974123132913003,5.0216713854517625,31.335095340287587,27.112601591031865,0.4121481956235863,0.2056294755322812,5.0216713854517625,11.671580172494862,29.604621893439504,7.0,31.335095340287587,27.112601591031865,1.9483354285518657,0.2056294755322812,0
2023-11-24,2.883009412503017,4.500381775050319,32.85766090177038,22.79370486597261,1.9248521100185056,0.7557099224923928,4.500381775050319,14.943153710797304,19.518120046944126,7.0,32.85766090177038,22.79370486597261,1.9483354285518657,0.2056294755322812,1
2023-11-25,4.108540535227774,0.0818840708717025,31.02280863424866,21.610924985927497,0.3638212523885306,0.4513360327392887,0.0818840708717025,9.603937231373806,17.846368655197423,7.0,31.02280863424866,21.610924985927497,1.9483354285518657,0.2056294755322812,0
2023-11-26,0.2497930364251064,6.524089030112638,34.22163609762331,22.33465769396211,0.615865048304707,0.9585162750026056,6.524089030112638,11.106354876034684,24.364894120151146,7.0,34.22163609762331,22.33465769396211,1.9483354285518657,0.2056294755322812,0
2023-11-27,2.6380312949769005,1.9543389400724236,32.3883858053756,22.89000122377158,0.2838438957557749,0.2608084271927763,1.9543389400724236,8.560312041056786,24.73227398860192,7.0,32.3883858053756,22.89000122377158,1.9483354285518657,0.2056294755322812,0
2023-11-28,2.307840645320032,5.468959462440756,26.04300993258932,22.277273894100905,1.4692036639501909,0.6827438396270411,5.468959462440756,13.94738743262584,28.97242521429479,7.0,26.04300993258932,22.277273894100905,1.9483354285518657,0.2056294755322812,0
2023-11-29,3.3056080917405586,4.066171663925939,34.81994245427846,25.690782766556143,1.7305377258292252,0.9407170796391084,4.066171663925939,11.48947006643914,27.617496327925533,7.0,34.81994245427846,25.690782766556143,1.9248521100185056,0.2056294755322812,0
2023-11-30,2.755835953885227,2.0983089700116717,30.83137161625054,20.0,0.9813279472687648,0.6634583230160925,2.0983089700116717,11.633440096378388,24.69413391248544,7.0,30.83137161625054,20.0,1.9248521100185056,0.2608084271927763,0
2023-12-01,1.597636801913417,0.7226801368761621,28.188861586374788,22.23487917710894,1.8713397350763732,0.8712729076173946,0.7226801368761621,6.887160770813795,20.916432274311283,7.0,28.188861586374788,22.23487917710894,1.8713397350763732,0.2608084271927763,0
2023-12-02,2.1171352772000582,0.4958921965445033,30.68319808296799,23.90500510909028,1.2625383291600794,0.8274809597570061,0.4958921965445033,3.3168813034323588,21.330440399984088,7.0,30.68319808296799,23.90500510909028,1.8713397350763732,0.2608084271927763,0
2023-12-03,1.544768971835813,8.904641684810152,26.29379105436068,24.420492440004587,1.3340128438037415,0.3601177154890038,8.904641684810152,10.12321401823084,23.7109930546816,7.0,26.29379105436068,24.420492440004587,1.8713397350763732,0.2608084271927763,0
2023-12-04,3.7912085663183177,12.52947947958093,28.25033206628287,27.38366967504917,1.7217545630613855,0.6001239399394965,12.52947947958093,21.930013360935607,34.286133594190105,7.0,28.25033206628287,27.38366967504917,1.8713397350763732,0.3601177154890038,2
2023-12-05,2.5255739784063307,5.246083635576149,32.42884883034617,27.090475425527373,0.7342403690933101,0.1562613398113556,5.246083635576149,26.680204799967253,34.063257767325496,7.0,32.42884883034617,27.090475425527373,1.8713397350763732,0.1562613398113556,1
2023-12-06,4.781428822903608,0.5459174856321205,32.6801350590217,20.798525688110917,0.8376782983897264,0.5355258826955995,0.5459174856321205,18.321480600789226,30.54300358903168,7.0,32.6801350590217,20.798525688110917,1.8713397350763732,0.1562613398113556,0
2023-12-07,2.427207023422455,2.5710501962915,32.919316502765504,20.18390411886084,1.83071345455036,0.2304219718143372,2.5710501962915,8.363051317499792,31.015744815311507,7.0,32.919316502765504,20.18390411886084,1.8713397350763732,0.1562613398113556,0
2023-12-08,1.6499118797074446,6.527060647052451,32.00962960329049,24.049942524742,1.8217342928697748,0.7437368149524456,6.527060647052451,9.644028328976097,36.8201253254878,7.0,32.00962960329049,24.049942524742,1.83071345455036,0.1562613398113556,1
2023-12-09,0.6835427288646074,7.566569501452846,29.921404629583964,22.653629527073825,1.9576689971615675,0.5280584218921246,7.566569501452846,16.66468034479682,43.89080263039615,7.0,29.921404629583964,22.653629527073825,1.9576689971615675,0.1562613398113556,1
2023-12-10,0.3362323884928662,0.6290556238939529,31.836622581618304,21.61594731603363,1.823308969595008,0.4112273626316605,0.6290556238939529,14.722685772399274,35.61521656947994,7.0,31.836622581618304,21.61594731603363,1.9576689971615675,0.1562613398113556,1
2023-12-11,0.5990368683934124,0.000153596586079,30.688377659156345,24.03224179492131,0.4292696648600496,0.2687970961669775,0.000153596586079,8.1957787219329,23.08589068648509,7.0,30.688377659156345,24.03224179492131,1.9576689971615675,0.1562613398113556,0
2023-12-12,2.82055198121378,6.226353829263092,27.12265520577445,24.46139463666887,1.6827037150465771,0.9986984818412868,6.226353829263092,6.855563049743147,24.066160880172035,7.0,27.12265520577445,24.46139463666887,1.9576689971615675,0.2304219718143372,0
2023-12-13,3.1104700278759205,2.2049136037394086,29.68275502696824,22.322063120711643,0.9377092605972694,0.0717105208849326,2.2049136037394086,8.431421029588602,25.72515699827932,7.0,29.68275502696824,22.322063120711643,1.9576689971615675,0.0717105208849326,0
2023-12-14,0.6025711575614401,1.4683755183333849,34.66862369350707,22.75183050992501,1.9834424407026885,0.04356068057242,1.4683755183333849,9.899642951335908,24.622482320321208,7.0,34.66862369350707,22.75183050992501,1.9834424407026885,0.04356068057242,0
2023-12-15,3.5740459768913384,0.0649068214241769,36.764882456164834,22.4759169452247,1.050105735791842,0.2172574004938645,0.0649068214241769,3.7381959434969936,18.16032849469293,7.0,36.764882456164834,22.4759169452247,1.9834424407026885,0.04356068057242,0
2023-12-16,1.9203267379798723,3.885899428401247,33.953825132356066,23.17701751755744,1.196904948503997,0.9710724586278195,3.885899428401247,5.419181768158833,14.479658421641336,7.0,33.953825132356066,23.17701751755744,1.9834424407026885,0.04356068057242,0
2023-12-17,2.67615161438266,9.524105661256394,36.63109328297724,25.082888198779475,1.1535948474622375,0.9792381683199844,9.524105661256394,13.474911911081842,23.374708459003774,7.0,36.63109328297724,25.082888198779475,1.9834424407026885,0.04356068057242,1
2023-12-18,4.434664753906509,15.80676784886862,32.256165830404875,21.844188277696823,0.7791266537449,0.654927734772136,15.80676784886862,29.216772938526283,39.18132271128631,7.0,32.256165830404875,21.844188277696823,1.9834424407026885,0.04356068057242,2
2023-12-19,3.5762071790386383,4.170616230474973,37.22712825410762,22.7186300130048,0.3350397600072527,0.8801066672064047,4.170616230474973,29.50148974060001,37.1255851124982,7.0,37.22712825410762,22.7186300130048,1.9834424407026885,0.04356068057242,2
2023-12-20,2.177763222513001,3.612481699611379,38.16346532098574,23.201435713829,1.8121722147234531,0.2139617308407954,3.612481699611379,23.589865778954994,38.533153208370166,7.0,38.16346532098574,23.201435713829,1.9834424407026885,0.04356068057242,1
2023-12-21,1.430569329501655,0.4444641954546506,26.799591505891435,23.98649518968972,1.6448164625473165,0.9720420941766236,0.4444641954546506,8.227562125541025,37.50924188549144,7.0,26.799591505891435,23.98649518968972,1.8121722147234531,0.2139617308407954,0
2023-12-22,0.0,3.980029713766818,32.664479921398495,24.551968985824946,0.4511482050074047,0.1427848501395646,3.980029713766818,8.03697560883287,41.42436477783407,7.0,32.664479921398495,24.551968985824946,1.8121722147234531,0.1427848501395646,1
2023-12-23,1.637016016909096,2.390010289540501,32.259290567262624,28.084515681021585,1.5981828884301312,0.1011251881816582,2.390010289540501,6.814504198761993,39.928475638973325,7.0,32.259290567262624,28.084515681021585,1.8121722147234531,0.1011251881816582,0
2023-12-24,2.2466437134067667,4.671449762695824,30.727688553247702,25.14425143521678,1.326523998891098,0.1122115392472729,4.671449762695824,11.041489766003169,35.075819740412754,7.0,30.727688553247702,25.14425143521678,1.8121722147234531,0.1011251881816582,0
2023-12-25,1.3153845674185791,2.4610527213058946,33.47574661445416,25.19186269407833,0.9364588182517202,0.5731279232725647,2.4610527213058946,9.522512773542244,21.730104612850035,7.0,33.47574661445416,25.19186269407833,1.8121722147234531,0.1011251881816582,0
2023-12-26,2.3424916394892343,1.3741525333169735,32.12337520592563,23.46677397344093,0.6572380683720129,0.7809744007180524,1.3741525333169735,8.506655017318716,18.93364091569203,7.0,32.12337520592563,23.46677397344093,1.8121722147234531,0.1011251881816582,0
2023-12-27,2.592222259550522,0.4989098305246054,29.79365323882387,22.040268408605137,1.7475118103040184,0.3666671778746331,0.4989098305246054,4.334115085147497,15.82006904660526,7.0,29.79365323882387,22.040268408605137,1.7475118103040184,0.1011251881816582,0
2023-12-28,2.2301728218303056,1.8910869440627924,31.92018468488905,22.94357197030044,1.4603388667292954,0.9778959877861264,1.8910869440627924,3.7641493079043946,17.266691795213404,7.0,31.92018468488905,22.94357197030044,1.7475118103040184,0.1011251881816582,0
2023-12-29,1.7199969030118485,0.5081974269170653,35.61378373810517,22.579335019570216,1.1859318370444465,0.4344201381183294,0.5081974269170653,2.898194201504486,13.79485950836365,7.0,35.61378373810517,22.579335019570216,1.7475118103040184,0.1011251881816582,0
2023-12-30,2.7023856063600733,0.9733693725394515,32.54761429064803,24.784461351109133,1.2972233610172357,0.1504485507732162,0.9733693725394515,3.3726537435193324,12.3782185913626,7.0,32.54761429064803,24.784461351109133,1.7475118103040184,0.1122115392472729,0
